timestamp_utc,price_eur_per_mwh,timestamp_europe_berlin,delivery_date
2023-12-31T23:00:00Z,0.1,2024-01-01T00:00:00+01:00,2024-01-01
2024-01-01T00:00:00Z,0.01,2024-01-01T01:00:00+01:00,2024-01-01
2024-01-01T01:00:00Z,0.0,2024-01-01T02:00:00+01:00,2024-01-01
2024-01-01T02:00:00Z,-0.01,2024-01-01T03:00:00+01:00,2024-01-01
2024-01-01T03:00:00Z,-0.03,2024-01-01T04:00:00+01:00,2024-01-01
2024-01-01T04:00:00Z,-0.02,2024-01-01T05:00:00+01:00,2024-01-01
2024-01-01T05:00:00Z,-0.05,2024-01-01T06:00:00+01:00,2024-01-01
2024-01-01T06:00:00Z,-0.02,2024-01-01T07:00:00+01:00,2024-01-01
2024-01-01T07:00:00Z,0.0,2024-01-01T08:00:00+01:00,2024-01-01
2024-01-01T08:00:00Z,0.04,2024-01-01T09:00:00+01:00,2024-01-01
2024-01-01T09:00:00Z,0.06,2024-01-01T10:00:00+01:00,2024-01-01
2024-01-01T10:00:00Z,0.54,2024-01-01T11:00:00+01:00,2024-01-01
2024-01-01T11:00:00Z,2.24,2024-01-01T12:00:00+01:00,2024-01-01
2024-01-01T12:00:00Z,1.96,2024-01-01T13:00:00+01:00,2024-01-01
2024-01-01T13:00:00Z,1.04,2024-01-01T14:00:00+01:00,2024-01-01
2024-01-01T14:00:00Z,3.66,2024-01-01T15:00:00+01:00,2024-01-01
2024-01-01T15:00:00Z,43.06,2024-01-01T16:00:00+01:00,2024-01-01
2024-01-01T16:00:00Z,49.93,2024-01-01T17:00:00+01:00,2024-01-01
2024-01-01T17:00:00Z,58.0,2024-01-01T18:00:00+01:00,2024-01-01
2024-01-01T18:00:00Z,54.25,2024-01-01T19:00:00+01:00,2024-01-01
2024-01-01T19:00:00Z,48.01,2024-01-01T20:00:00+01:00,2024-01-01
2024-01-01T20:00:00Z,42.95,2024-01-01T21:00:00+01:00,2024-01-01
2024-01-01T21:00:00Z,47.09,2024-01-01T22:00:00+01:00,2024-01-01
2024-01-01T22:00:00Z,35.55,2024-01-01T23:00:00+01:00,2024-01-01
2024-01-01T23:00:00Z,30.59,2024-01-02T00:00:00+01:00,2024-01-02
2024-01-02T00:00:00Z,20.07,2024-01-02T01:00:00+01:00,2024-01-02
2024-01-02T01:00:00Z,31.03,2024-01-02T02:00:00+01:00,2024-01-02
2024-01-02T02:00:00Z,18.39,2024-01-02T03:00:00+01:00,2024-01-02
2024-01-02T03:00:00Z,11.08,2024-01-02T04:00:00+01:00,2024-01-02
2024-01-02T04:00:00Z,13.78,2024-01-02T05:00:00+01:00,2024-01-02
2024-01-02T05:00:00Z,47.63,2024-01-02T06:00:00+01:00,2024-01-02
2024-01-02T06:00:00Z,58.1,2024-01-02T07:00:00+01:00,2024-01-02
2024-01-02T07:00:00Z,65.67,2024-01-02T08:00:00+01:00,2024-01-02
2024-01-02T08:00:00Z,64.73,2024-01-02T09:00:00+01:00,2024-01-02
2024-01-02T09:00:00Z,68.98,2024-01-02T10:00:00+01:00,2024-01-02
2024-01-02T10:00:00Z,73.54,2024-01-02T11:00:00+01:00,2024-01-02
2024-01-02T11:00:00Z,78.16,2024-01-02T12:00:00+01:00,2024-01-02
2024-01-02T12:00:00Z,78.87,2024-01-02T13:00:00+01:00,2024-01-02
2024-01-02T13:00:00Z,79.24,2024-01-02T14:00:00+01:00,2024-01-02
2024-01-02T14:00:00Z,79.96,2024-01-02T15:00:00+01:00,2024-01-02
2024-01-02T15:00:00Z,83.46,2024-01-02T16:00:00+01:00,2024-01-02
2024-01-02T16:00:00Z,80.92,2024-01-02T17:00:00+01:00,2024-01-02
2024-01-02T17:00:00Z,74.95,2024-01-02T18:00:00+01:00,2024-01-02
2024-01-02T18:00:00Z,63.18,2024-01-02T19:00:00+01:00,2024-01-02
2024-01-02T19:00:00Z,57.11,2024-01-02T20:00:00+01:00,2024-01-02
2024-01-02T20:00:00Z,46.89,2024-01-02T21:00:00+01:00,2024-01-02
2024-01-02T21:00:00Z,40.0,2024-01-02T22:00:00+01:00,2024-01-02
2024-01-02T22:00:00Z,7.43,2024-01-02T23:00:00+01:00,2024-01-02
2024-01-02T23:00:00Z,-0.08,2024-01-03T00:00:00+01:00,2024-01-03
2024-01-03T00:00:00Z,-1.23,2024-01-03T01:00:00+01:00,2024-01-03
2024-01-03T01:00:00Z,-1.3,2024-01-03T02:00:00+01:00,2024-01-03
2024-01-03T02:00:00Z,-1.31,2024-01-03T03:00:00+01:00,2024-01-03
2024-01-03T03:00:00Z,-1.31,2024-01-03T04:00:00+01:00,2024-01-03
2024-01-03T04:00:00Z,-1.38,2024-01-03T05:00:00+01:00,2024-01-03
2024-01-03T05:00:00Z,1.09,2024-01-03T06:00:00+01:00,2024-01-03
2024-01-03T06:00:00Z,40.59,2024-01-03T07:00:00+01:00,2024-01-03
2024-01-03T07:00:00Z,59.61,2024-01-03T08:00:00+01:00,2024-01-03
2024-01-03T08:00:00Z,60.61,2024-01-03T09:00:00+01:00,2024-01-03
2024-01-03T09:00:00Z,57.0,2024-01-03T10:00:00+01:00,2024-01-03
2024-01-03T10:00:00Z,54.89,2024-01-03T11:00:00+01:00,2024-01-03
2024-01-03T11:00:00Z,53.89,2024-01-03T12:00:00+01:00,2024-01-03
2024-01-03T12:00:00Z,54.42,2024-01-03T13:00:00+01:00,2024-01-03
2024-01-03T13:00:00Z,60.86,2024-01-03T14:00:00+01:00,2024-01-03
2024-01-03T14:00:00Z,67.18,2024-01-03T15:00:00+01:00,2024-01-03
2024-01-03T15:00:00Z,73.59,2024-01-03T16:00:00+01:00,2024-01-03
2024-01-03T16:00:00Z,82.28,2024-01-03T17:00:00+01:00,2024-01-03
2024-01-03T17:00:00Z,82.97,2024-01-03T18:00:00+01:00,2024-01-03
2024-01-03T18:00:00Z,79.03,2024-01-03T19:00:00+01:00,2024-01-03
2024-01-03T19:00:00Z,73.23,2024-01-03T20:00:00+01:00,2024-01-03
2024-01-03T20:00:00Z,67.41,2024-01-03T21:00:00+01:00,2024-01-03
2024-01-03T21:00:00Z,65.0,2024-01-03T22:00:00+01:00,2024-01-03
2024-01-03T22:00:00Z,58.12,2024-01-03T23:00:00+01:00,2024-01-03
2024-01-03T23:00:00Z,57.3,2024-01-04T00:00:00+01:00,2024-01-04
2024-01-04T00:00:00Z,50.46,2024-01-04T01:00:00+01:00,2024-01-04
2024-01-04T01:00:00Z,40.0,2024-01-04T02:00:00+01:00,2024-01-04
2024-01-04T02:00:00Z,25.48,2024-01-04T03:00:00+01:00,2024-01-04
2024-01-04T03:00:00Z,35.0,2024-01-04T04:00:00+01:00,2024-01-04
2024-01-04T04:00:00Z,57.73,2024-01-04T05:00:00+01:00,2024-01-04
2024-01-04T05:00:00Z,72.65,2024-01-04T06:00:00+01:00,2024-01-04
2024-01-04T06:00:00Z,85.02,2024-01-04T07:00:00+01:00,2024-01-04
2024-01-04T07:00:00Z,91.47,2024-01-04T08:00:00+01:00,2024-01-04
2024-01-04T08:00:00Z,94.2,2024-01-04T09:00:00+01:00,2024-01-04
2024-01-04T09:00:00Z,91.61,2024-01-04T10:00:00+01:00,2024-01-04
2024-01-04T10:00:00Z,90.03,2024-01-04T11:00:00+01:00,2024-01-04
2024-01-04T11:00:00Z,86.3,2024-01-04T12:00:00+01:00,2024-01-04
2024-01-04T12:00:00Z,85.96,2024-01-04T13:00:00+01:00,2024-01-04
2024-01-04T13:00:00Z,92.11,2024-01-04T14:00:00+01:00,2024-01-04
2024-01-04T14:00:00Z,98.62,2024-01-04T15:00:00+01:00,2024-01-04
2024-01-04T15:00:00Z,105.73,2024-01-04T16:00:00+01:00,2024-01-04
2024-01-04T16:00:00Z,133.23,2024-01-04T17:00:00+01:00,2024-01-04
2024-01-04T17:00:00Z,144.65,2024-01-04T18:00:00+01:00,2024-01-04
2024-01-04T18:00:00Z,125.0,2024-01-04T19:00:00+01:00,2024-01-04
2024-01-04T19:00:00Z,103.59,2024-01-04T20:00:00+01:00,2024-01-04
2024-01-04T20:00:00Z,100.01,2024-01-04T21:00:00+01:00,2024-01-04
2024-01-04T21:00:00Z,94.86,2024-01-04T22:00:00+01:00,2024-01-04
2024-01-04T22:00:00Z,88.83,2024-01-04T23:00:00+01:00,2024-01-04
2024-01-04T23:00:00Z,86.08,2024-01-05T00:00:00+01:00,2024-01-05
2024-01-05T00:00:00Z,80.51,2024-01-05T01:00:00+01:00,2024-01-05
2024-01-05T01:00:00Z,77.01,2024-01-05T02:00:00+01:00,2024-01-05
2024-01-05T02:00:00Z,73.21,2024-01-05T03:00:00+01:00,2024-01-05
2024-01-05T03:00:00Z,74.05,2024-01-05T04:00:00+01:00,2024-01-05
2024-01-05T04:00:00Z,76.03,2024-01-05T05:00:00+01:00,2024-01-05
2024-01-05T05:00:00Z,81.0,2024-01-05T06:00:00+01:00,2024-01-05
2024-01-05T06:00:00Z,87.0,2024-01-05T07:00:00+01:00,2024-01-05
2024-01-05T07:00:00Z,89.57,2024-01-05T08:00:00+01:00,2024-01-05
2024-01-05T08:00:00Z,94.93,2024-01-05T09:00:00+01:00,2024-01-05
2024-01-05T09:00:00Z,96.28,2024-01-05T10:00:00+01:00,2024-01-05
2024-01-05T10:00:00Z,98.22,2024-01-05T11:00:00+01:00,2024-01-05
2024-01-05T11:00:00Z,92.24,2024-01-05T12:00:00+01:00,2024-01-05
2024-01-05T12:00:00Z,91.54,2024-01-05T13:00:00+01:00,2024-01-05
2024-01-05T13:00:00Z,96.41,2024-01-05T14:00:00+01:00,2024-01-05
2024-01-05T14:00:00Z,100.05,2024-01-05T15:00:00+01:00,2024-01-05
2024-01-05T15:00:00Z,102.97,2024-01-05T16:00:00+01:00,2024-01-05
2024-01-05T16:00:00Z,107.38,2024-01-05T17:00:00+01:00,2024-01-05
2024-01-05T17:00:00Z,108.45,2024-01-05T18:00:00+01:00,2024-01-05
2024-01-05T18:00:00Z,103.96,2024-01-05T19:00:00+01:00,2024-01-05
2024-01-05T19:00:00Z,100.09,2024-01-05T20:00:00+01:00,2024-01-05
2024-01-05T20:00:00Z,94.19,2024-01-05T21:00:00+01:00,2024-01-05
2024-01-05T21:00:00Z,94.92,2024-01-05T22:00:00+01:00,2024-01-05
2024-01-05T22:00:00Z,86.8,2024-01-05T23:00:00+01:00,2024-01-05
2024-01-05T23:00:00Z,82.25,2024-01-06T00:00:00+01:00,2024-01-06
2024-01-06T00:00:00Z,80.2,2024-01-06T01:00:00+01:00,2024-01-06
2024-01-06T01:00:00Z,76.13,2024-01-06T02:00:00+01:00,2024-01-06
2024-01-06T02:00:00Z,73.01,2024-01-06T03:00:00+01:00,2024-01-06
2024-01-06T03:00:00Z,73.01,2024-01-06T04:00:00+01:00,2024-01-06
2024-01-06T04:00:00Z,74.59,2024-01-06T05:00:00+01:00,2024-01-06
2024-01-06T05:00:00Z,75.1,2024-01-06T06:00:00+01:00,2024-01-06
2024-01-06T06:00:00Z,81.39,2024-01-06T07:00:00+01:00,2024-01-06
2024-01-06T07:00:00Z,88.4,2024-01-06T08:00:00+01:00,2024-01-06
2024-01-06T08:00:00Z,92.23,2024-01-06T09:00:00+01:00,2024-01-06
2024-01-06T09:00:00Z,97.3,2024-01-06T10:00:00+01:00,2024-01-06
2024-01-06T10:00:00Z,100.43,2024-01-06T11:00:00+01:00,2024-01-06
2024-01-06T11:00:00Z,99.16,2024-01-06T12:00:00+01:00,2024-01-06
2024-01-06T12:00:00Z,95.22,2024-01-06T13:00:00+01:00,2024-01-06
2024-01-06T13:00:00Z,92.55,2024-01-06T14:00:00+01:00,2024-01-06
2024-01-06T14:00:00Z,95.09,2024-01-06T15:00:00+01:00,2024-01-06
2024-01-06T15:00:00Z,99.85,2024-01-06T16:00:00+01:00,2024-01-06
2024-01-06T16:00:00Z,104.27,2024-01-06T17:00:00+01:00,2024-01-06
2024-01-06T17:00:00Z,103.63,2024-01-06T18:00:00+01:00,2024-01-06
2024-01-06T18:00:00Z,99.0,2024-01-06T19:00:00+01:00,2024-01-06
2024-01-06T19:00:00Z,92.14,2024-01-06T20:00:00+01:00,2024-01-06
2024-01-06T20:00:00Z,88.0,2024-01-06T21:00:00+01:00,2024-01-06
2024-01-06T21:00:00Z,86.57,2024-01-06T22:00:00+01:00,2024-01-06
2024-01-06T22:00:00Z,79.87,2024-01-06T23:00:00+01:00,2024-01-06
2024-01-06T23:00:00Z,84.08,2024-01-07T00:00:00+01:00,2024-01-07
2024-01-07T00:00:00Z,79.82,2024-01-07T01:00:00+01:00,2024-01-07
2024-01-07T01:00:00Z,76.76,2024-01-07T02:00:00+01:00,2024-01-07
2024-01-07T02:00:00Z,73.46,2024-01-07T03:00:00+01:00,2024-01-07
2024-01-07T03:00:00Z,71.86,2024-01-07T04:00:00+01:00,2024-01-07
2024-01-07T04:00:00Z,72.08,2024-01-07T05:00:00+01:00,2024-01-07
2024-01-07T05:00:00Z,74.9,2024-01-07T06:00:00+01:00,2024-01-07
2024-01-07T06:00:00Z,77.69,2024-01-07T07:00:00+01:00,2024-01-07
2024-01-07T07:00:00Z,81.79,2024-01-07T08:00:00+01:00,2024-01-07
2024-01-07T08:00:00Z,84.86,2024-01-07T09:00:00+01:00,2024-01-07
2024-01-07T09:00:00Z,87.15,2024-01-07T10:00:00+01:00,2024-01-07
2024-01-07T10:00:00Z,89.14,2024-01-07T11:00:00+01:00,2024-01-07
2024-01-07T11:00:00Z,88.66,2024-01-07T12:00:00+01:00,2024-01-07
2024-01-07T12:00:00Z,84.81,2024-01-07T13:00:00+01:00,2024-01-07
2024-01-07T13:00:00Z,84.34,2024-01-07T14:00:00+01:00,2024-01-07
2024-01-07T14:00:00Z,88.01,2024-01-07T15:00:00+01:00,2024-01-07
2024-01-07T15:00:00Z,93.42,2024-01-07T16:00:00+01:00,2024-01-07
2024-01-07T16:00:00Z,101.77,2024-01-07T17:00:00+01:00,2024-01-07
2024-01-07T17:00:00Z,104.85,2024-01-07T18:00:00+01:00,2024-01-07
2024-01-07T18:00:00Z,103.55,2024-01-07T19:00:00+01:00,2024-01-07
2024-01-07T19:00:00Z,100.5,2024-01-07T20:00:00+01:00,2024-01-07
2024-01-07T20:00:00Z,93.31,2024-01-07T21:00:00+01:00,2024-01-07
2024-01-07T21:00:00Z,91.17,2024-01-07T22:00:00+01:00,2024-01-07
2024-01-07T22:00:00Z,83.86,2024-01-07T23:00:00+01:00,2024-01-07
2024-01-07T23:00:00Z,87.02,2024-01-08T00:00:00+01:00,2024-01-08
2024-01-08T00:00:00Z,84.32,2024-01-08T01:00:00+01:00,2024-01-08
2024-01-08T01:00:00Z,81.82,2024-01-08T02:00:00+01:00,2024-01-08
2024-01-08T02:00:00Z,79.11,2024-01-08T03:00:00+01:00,2024-01-08
2024-01-08T03:00:00Z,78.48,2024-01-08T04:00:00+01:00,2024-01-08
2024-01-08T04:00:00Z,82.1,2024-01-08T05:00:00+01:00,2024-01-08
2024-01-08T05:00:00Z,94.3,2024-01-08T06:00:00+01:00,2024-01-08
2024-01-08T06:00:00Z,111.1,2024-01-08T07:00:00+01:00,2024-01-08
2024-01-08T07:00:00Z,121.11,2024-01-08T08:00:00+01:00,2024-01-08
2024-01-08T08:00:00Z,117.83,2024-01-08T09:00:00+01:00,2024-01-08
2024-01-08T09:00:00Z,110.6,2024-01-08T10:00:00+01:00,2024-01-08
2024-01-08T10:00:00Z,103.0,2024-01-08T11:00:00+01:00,2024-01-08
2024-01-08T11:00:00Z,95.5,2024-01-08T12:00:00+01:00,2024-01-08
2024-01-08T12:00:00Z,92.6,2024-01-08T13:00:00+01:00,2024-01-08
2024-01-08T13:00:00Z,100.0,2024-01-08T14:00:00+01:00,2024-01-08
2024-01-08T14:00:00Z,107.98,2024-01-08T15:00:00+01:00,2024-01-08
2024-01-08T15:00:00Z,116.87,2024-01-08T16:00:00+01:00,2024-01-08
2024-01-08T16:00:00Z,129.13,2024-01-08T17:00:00+01:00,2024-01-08
2024-01-08T17:00:00Z,130.01,2024-01-08T18:00:00+01:00,2024-01-08
2024-01-08T18:00:00Z,122.12,2024-01-08T19:00:00+01:00,2024-01-08
2024-01-08T19:00:00Z,114.21,2024-01-08T20:00:00+01:00,2024-01-08
2024-01-08T20:00:00Z,102.83,2024-01-08T21:00:00+01:00,2024-01-08
2024-01-08T21:00:00Z,99.98,2024-01-08T22:00:00+01:00,2024-01-08
2024-01-08T22:00:00Z,91.49,2024-01-08T23:00:00+01:00,2024-01-08
2024-01-08T23:00:00Z,88.16,2024-01-09T00:00:00+01:00,2024-01-09
2024-01-09T00:00:00Z,87.04,2024-01-09T01:00:00+01:00,2024-01-09
2024-01-09T01:00:00Z,85.0,2024-01-09T02:00:00+01:00,2024-01-09
2024-01-09T02:00:00Z,84.14,2024-01-09T03:00:00+01:00,2024-01-09
2024-01-09T03:00:00Z,85.72,2024-01-09T04:00:00+01:00,2024-01-09
2024-01-09T04:00:00Z,89.28,2024-01-09T05:00:00+01:00,2024-01-09
2024-01-09T05:00:00Z,108.51,2024-01-09T06:00:00+01:00,2024-01-09
2024-01-09T06:00:00Z,124.06,2024-01-09T07:00:00+01:00,2024-01-09
2024-01-09T07:00:00Z,133.24,2024-01-09T08:00:00+01:00,2024-01-09
2024-01-09T08:00:00Z,120.91,2024-01-09T09:00:00+01:00,2024-01-09
2024-01-09T09:00:00Z,113.19,2024-01-09T10:00:00+01:00,2024-01-09
2024-01-09T10:00:00Z,105.78,2024-01-09T11:00:00+01:00,2024-01-09
2024-01-09T11:00:00Z,100.22,2024-01-09T12:00:00+01:00,2024-01-09
2024-01-09T12:00:00Z,100.82,2024-01-09T13:00:00+01:00,2024-01-09
2024-01-09T13:00:00Z,110.89,2024-01-09T14:00:00+01:00,2024-01-09
2024-01-09T14:00:00Z,119.4,2024-01-09T15:00:00+01:00,2024-01-09
2024-01-09T15:00:00Z,127.85,2024-01-09T16:00:00+01:00,2024-01-09
2024-01-09T16:00:00Z,137.84,2024-01-09T17:00:00+01:00,2024-01-09
2024-01-09T17:00:00Z,137.8,2024-01-09T18:00:00+01:00,2024-01-09
2024-01-09T18:00:00Z,130.43,2024-01-09T19:00:00+01:00,2024-01-09
2024-01-09T19:00:00Z,120.24,2024-01-09T20:00:00+01:00,2024-01-09
2024-01-09T20:00:00Z,111.68,2024-01-09T21:00:00+01:00,2024-01-09
2024-01-09T21:00:00Z,106.18,2024-01-09T22:00:00+01:00,2024-01-09
2024-01-09T22:00:00Z,97.09,2024-01-09T23:00:00+01:00,2024-01-09
2024-01-09T23:00:00Z,89.29,2024-01-10T00:00:00+01:00,2024-01-10
2024-01-10T00:00:00Z,86.76,2024-01-10T01:00:00+01:00,2024-01-10
2024-01-10T01:00:00Z,86.73,2024-01-10T02:00:00+01:00,2024-01-10
2024-01-10T02:00:00Z,86.09,2024-01-10T03:00:00+01:00,2024-01-10
2024-01-10T03:00:00Z,86.3,2024-01-10T04:00:00+01:00,2024-01-10
2024-01-10T04:00:00Z,89.05,2024-01-10T05:00:00+01:00,2024-01-10
2024-01-10T05:00:00Z,108.88,2024-01-10T06:00:00+01:00,2024-01-10
2024-01-10T06:00:00Z,126.29,2024-01-10T07:00:00+01:00,2024-01-10
2024-01-10T07:00:00Z,141.28,2024-01-10T08:00:00+01:00,2024-01-10
2024-01-10T08:00:00Z,130.39,2024-01-10T09:00:00+01:00,2024-01-10
2024-01-10T09:00:00Z,118.56,2024-01-10T10:00:00+01:00,2024-01-10
2024-01-10T10:00:00Z,109.13,2024-01-10T11:00:00+01:00,2024-01-10
2024-01-10T11:00:00Z,102.21,2024-01-10T12:00:00+01:00,2024-01-10
2024-01-10T12:00:00Z,105.61,2024-01-10T13:00:00+01:00,2024-01-10
2024-01-10T13:00:00Z,112.91,2024-01-10T14:00:00+01:00,2024-01-10
2024-01-10T14:00:00Z,123.8,2024-01-10T15:00:00+01:00,2024-01-10
2024-01-10T15:00:00Z,134.64,2024-01-10T16:00:00+01:00,2024-01-10
2024-01-10T16:00:00Z,143.79,2024-01-10T17:00:00+01:00,2024-01-10
2024-01-10T17:00:00Z,140.0,2024-01-10T18:00:00+01:00,2024-01-10
2024-01-10T18:00:00Z,132.15,2024-01-10T19:00:00+01:00,2024-01-10
2024-01-10T19:00:00Z,120.0,2024-01-10T20:00:00+01:00,2024-01-10
2024-01-10T20:00:00Z,109.76,2024-01-10T21:00:00+01:00,2024-01-10
2024-01-10T21:00:00Z,104.49,2024-01-10T22:00:00+01:00,2024-01-10
2024-01-10T22:00:00Z,96.03,2024-01-10T23:00:00+01:00,2024-01-10
2024-01-10T23:00:00Z,91.75,2024-01-11T00:00:00+01:00,2024-01-11
2024-01-11T00:00:00Z,88.59,2024-01-11T01:00:00+01:00,2024-01-11
2024-01-11T01:00:00Z,87.25,2024-01-11T02:00:00+01:00,2024-01-11
2024-01-11T02:00:00Z,82.38,2024-01-11T03:00:00+01:00,2024-01-11
2024-01-11T03:00:00Z,81.95,2024-01-11T04:00:00+01:00,2024-01-11
2024-01-11T04:00:00Z,89.36,2024-01-11T05:00:00+01:00,2024-01-11
2024-01-11T05:00:00Z,102.07,2024-01-11T06:00:00+01:00,2024-01-11
2024-01-11T06:00:00Z,116.86,2024-01-11T07:00:00+01:00,2024-01-11
2024-01-11T07:00:00Z,141.0,2024-01-11T08:00:00+01:00,2024-01-11
2024-01-11T08:00:00Z,129.16,2024-01-11T09:00:00+01:00,2024-01-11
2024-01-11T09:00:00Z,113.65,2024-01-11T10:00:00+01:00,2024-01-11
2024-01-11T10:00:00Z,106.48,2024-01-11T11:00:00+01:00,2024-01-11
2024-01-11T11:00:00Z,99.38,2024-01-11T12:00:00+01:00,2024-01-11
2024-01-11T12:00:00Z,99.0,2024-01-11T13:00:00+01:00,2024-01-11
2024-01-11T13:00:00Z,105.98,2024-01-11T14:00:00+01:00,2024-01-11
2024-01-11T14:00:00Z,117.96,2024-01-11T15:00:00+01:00,2024-01-11
2024-01-11T15:00:00Z,137.35,2024-01-11T16:00:00+01:00,2024-01-11
2024-01-11T16:00:00Z,150.09,2024-01-11T17:00:00+01:00,2024-01-11
2024-01-11T17:00:00Z,136.69,2024-01-11T18:00:00+01:00,2024-01-11
2024-01-11T18:00:00Z,132.31,2024-01-11T19:00:00+01:00,2024-01-11
2024-01-11T19:00:00Z,117.88,2024-01-11T20:00:00+01:00,2024-01-11
2024-01-11T20:00:00Z,107.19,2024-01-11T21:00:00+01:00,2024-01-11
2024-01-11T21:00:00Z,100.0,2024-01-11T22:00:00+01:00,2024-01-11
2024-01-11T22:00:00Z,97.22,2024-01-11T23:00:00+01:00,2024-01-11
2024-01-11T23:00:00Z,91.04,2024-01-12T00:00:00+01:00,2024-01-12
2024-01-12T00:00:00Z,88.22,2024-01-12T01:00:00+01:00,2024-01-12
2024-01-12T01:00:00Z,85.22,2024-01-12T02:00:00+01:00,2024-01-12
2024-01-12T02:00:00Z,84.63,2024-01-12T03:00:00+01:00,2024-01-12
2024-01-12T03:00:00Z,84.34,2024-01-12T04:00:00+01:00,2024-01-12
2024-01-12T04:00:00Z,85.32,2024-01-12T05:00:00+01:00,2024-01-12
2024-01-12T05:00:00Z,92.11,2024-01-12T06:00:00+01:00,2024-01-12
2024-01-12T06:00:00Z,118.16,2024-01-12T07:00:00+01:00,2024-01-12
2024-01-12T07:00:00Z,140.74,2024-01-12T08:00:00+01:00,2024-01-12
2024-01-12T08:00:00Z,134.96,2024-01-12T09:00:00+01:00,2024-01-12
2024-01-12T09:00:00Z,122.01,2024-01-12T10:00:00+01:00,2024-01-12
2024-01-12T10:00:00Z,114.73,2024-01-12T11:00:00+01:00,2024-01-12
2024-01-12T11:00:00Z,106.98,2024-01-12T12:00:00+01:00,2024-01-12
2024-01-12T12:00:00Z,103.08,2024-01-12T13:00:00+01:00,2024-01-12
2024-01-12T13:00:00Z,104.54,2024-01-12T14:00:00+01:00,2024-01-12
2024-01-12T14:00:00Z,110.0,2024-01-12T15:00:00+01:00,2024-01-12
2024-01-12T15:00:00Z,120.0,2024-01-12T16:00:00+01:00,2024-01-12
2024-01-12T16:00:00Z,127.5,2024-01-12T17:00:00+01:00,2024-01-12
2024-01-12T17:00:00Z,126.0,2024-01-12T18:00:00+01:00,2024-01-12
2024-01-12T18:00:00Z,119.47,2024-01-12T19:00:00+01:00,2024-01-12
2024-01-12T19:00:00Z,108.79,2024-01-12T20:00:00+01:00,2024-01-12
2024-01-12T20:00:00Z,98.48,2024-01-12T21:00:00+01:00,2024-01-12
2024-01-12T21:00:00Z,93.37,2024-01-12T22:00:00+01:00,2024-01-12
2024-01-12T22:00:00Z,85.38,2024-01-12T23:00:00+01:00,2024-01-12
2024-01-12T23:00:00Z,90.0,2024-01-13T00:00:00+01:00,2024-01-13
2024-01-13T00:00:00Z,85.0,2024-01-13T01:00:00+01:00,2024-01-13
2024-01-13T01:00:00Z,82.0,2024-01-13T02:00:00+01:00,2024-01-13
2024-01-13T02:00:00Z,78.47,2024-01-13T03:00:00+01:00,2024-01-13
2024-01-13T03:00:00Z,75.0,2024-01-13T04:00:00+01:00,2024-01-13
2024-01-13T04:00:00Z,74.92,2024-01-13T05:00:00+01:00,2024-01-13
2024-01-13T05:00:00Z,78.1,2024-01-13T06:00:00+01:00,2024-01-13
2024-01-13T06:00:00Z,82.22,2024-01-13T07:00:00+01:00,2024-01-13
2024-01-13T07:00:00Z,85.26,2024-01-13T08:00:00+01:00,2024-01-13
2024-01-13T08:00:00Z,75.11,2024-01-13T09:00:00+01:00,2024-01-13
2024-01-13T09:00:00Z,74.21,2024-01-13T10:00:00+01:00,2024-01-13
2024-01-13T10:00:00Z,72.72,2024-01-13T11:00:00+01:00,2024-01-13
2024-01-13T11:00:00Z,70.35,2024-01-13T12:00:00+01:00,2024-01-13
2024-01-13T12:00:00Z,63.67,2024-01-13T13:00:00+01:00,2024-01-13
2024-01-13T13:00:00Z,67.91,2024-01-13T14:00:00+01:00,2024-01-13
2024-01-13T14:00:00Z,68.61,2024-01-13T15:00:00+01:00,2024-01-13
2024-01-13T15:00:00Z,70.78,2024-01-13T16:00:00+01:00,2024-01-13
2024-01-13T16:00:00Z,74.22,2024-01-13T17:00:00+01:00,2024-01-13
2024-01-13T17:00:00Z,75.81,2024-01-13T18:00:00+01:00,2024-01-13
2024-01-13T18:00:00Z,73.82,2024-01-13T19:00:00+01:00,2024-01-13
2024-01-13T19:00:00Z,73.06,2024-01-13T20:00:00+01:00,2024-01-13
2024-01-13T20:00:00Z,70.93,2024-01-13T21:00:00+01:00,2024-01-13
2024-01-13T21:00:00Z,64.3,2024-01-13T22:00:00+01:00,2024-01-13
2024-01-13T22:00:00Z,63.16,2024-01-13T23:00:00+01:00,2024-01-13
2024-01-13T23:00:00Z,64.02,2024-01-14T00:00:00+01:00,2024-01-14
2024-01-14T00:00:00Z,62.11,2024-01-14T01:00:00+01:00,2024-01-14
2024-01-14T01:00:00Z,62.93,2024-01-14T02:00:00+01:00,2024-01-14
2024-01-14T02:00:00Z,64.01,2024-01-14T03:00:00+01:00,2024-01-14
2024-01-14T03:00:00Z,64.67,2024-01-14T04:00:00+01:00,2024-01-14
2024-01-14T04:00:00Z,65.2,2024-01-14T05:00:00+01:00,2024-01-14
2024-01-14T05:00:00Z,67.31,2024-01-14T06:00:00+01:00,2024-01-14
2024-01-14T06:00:00Z,71.66,2024-01-14T07:00:00+01:00,2024-01-14
2024-01-14T07:00:00Z,76.74,2024-01-14T08:00:00+01:00,2024-01-14
2024-01-14T08:00:00Z,81.14,2024-01-14T09:00:00+01:00,2024-01-14
2024-01-14T09:00:00Z,80.63,2024-01-14T10:00:00+01:00,2024-01-14
2024-01-14T10:00:00Z,81.84,2024-01-14T11:00:00+01:00,2024-01-14
2024-01-14T11:00:00Z,80.39,2024-01-14T12:00:00+01:00,2024-01-14
2024-01-14T12:00:00Z,77.04,2024-01-14T13:00:00+01:00,2024-01-14
2024-01-14T13:00:00Z,79.15,2024-01-14T14:00:00+01:00,2024-01-14
2024-01-14T14:00:00Z,82.32,2024-01-14T15:00:00+01:00,2024-01-14
2024-01-14T15:00:00Z,86.62,2024-01-14T16:00:00+01:00,2024-01-14
2024-01-14T16:00:00Z,91.86,2024-01-14T17:00:00+01:00,2024-01-14
2024-01-14T17:00:00Z,96.97,2024-01-14T18:00:00+01:00,2024-01-14
2024-01-14T18:00:00Z,88.91,2024-01-14T19:00:00+01:00,2024-01-14
2024-01-14T19:00:00Z,81.0,2024-01-14T20:00:00+01:00,2024-01-14
2024-01-14T20:00:00Z,78.6,2024-01-14T21:00:00+01:00,2024-01-14
2024-01-14T21:00:00Z,75.39,2024-01-14T22:00:00+01:00,2024-01-14
2024-01-14T22:00:00Z,67.19,2024-01-14T23:00:00+01:00,2024-01-14
2024-01-14T23:00:00Z,67.9,2024-01-15T00:00:00+01:00,2024-01-15
2024-01-15T00:00:00Z,65.0,2024-01-15T01:00:00+01:00,2024-01-15
2024-01-15T01:00:00Z,63.94,2024-01-15T02:00:00+01:00,2024-01-15
2024-01-15T02:00:00Z,62.04,2024-01-15T03:00:00+01:00,2024-01-15
2024-01-15T03:00:00Z,62.04,2024-01-15T04:00:00+01:00,2024-01-15
2024-01-15T04:00:00Z,69.25,2024-01-15T05:00:00+01:00,2024-01-15
2024-01-15T05:00:00Z,79.95,2024-01-15T06:00:00+01:00,2024-01-15
2024-01-15T06:00:00Z,83.84,2024-01-15T07:00:00+01:00,2024-01-15
2024-01-15T07:00:00Z,99.3,2024-01-15T08:00:00+01:00,2024-01-15
2024-01-15T08:00:00Z,100.29,2024-01-15T09:00:00+01:00,2024-01-15
2024-01-15T09:00:00Z,94.88,2024-01-15T10:00:00+01:00,2024-01-15
2024-01-15T10:00:00Z,90.26,2024-01-15T11:00:00+01:00,2024-01-15
2024-01-15T11:00:00Z,83.86,2024-01-15T12:00:00+01:00,2024-01-15
2024-01-15T12:00:00Z,82.15,2024-01-15T13:00:00+01:00,2024-01-15
2024-01-15T13:00:00Z,84.5,2024-01-15T14:00:00+01:00,2024-01-15
2024-01-15T14:00:00Z,89.44,2024-01-15T15:00:00+01:00,2024-01-15
2024-01-15T15:00:00Z,97.52,2024-01-15T16:00:00+01:00,2024-01-15
2024-01-15T16:00:00Z,106.46,2024-01-15T17:00:00+01:00,2024-01-15
2024-01-15T17:00:00Z,112.8,2024-01-15T18:00:00+01:00,2024-01-15
2024-01-15T18:00:00Z,110.38,2024-01-15T19:00:00+01:00,2024-01-15
2024-01-15T19:00:00Z,102.42,2024-01-15T20:00:00+01:00,2024-01-15
2024-01-15T20:00:00Z,91.78,2024-01-15T21:00:00+01:00,2024-01-15
2024-01-15T21:00:00Z,89.49,2024-01-15T22:00:00+01:00,2024-01-15
2024-01-15T22:00:00Z,86.43,2024-01-15T23:00:00+01:00,2024-01-15
2024-01-15T23:00:00Z,81.45,2024-01-16T00:00:00+01:00,2024-01-16
2024-01-16T00:00:00Z,81.07,2024-01-16T01:00:00+01:00,2024-01-16
2024-01-16T01:00:00Z,79.92,2024-01-16T02:00:00+01:00,2024-01-16
2024-01-16T02:00:00Z,78.19,2024-01-16T03:00:00+01:00,2024-01-16
2024-01-16T03:00:00Z,76.97,2024-01-16T04:00:00+01:00,2024-01-16
2024-01-16T04:00:00Z,81.45,2024-01-16T05:00:00+01:00,2024-01-16
2024-01-16T05:00:00Z,94.07,2024-01-16T06:00:00+01:00,2024-01-16
2024-01-16T06:00:00Z,114.77,2024-01-16T07:00:00+01:00,2024-01-16
2024-01-16T07:00:00Z,144.11,2024-01-16T08:00:00+01:00,2024-01-16
2024-01-16T08:00:00Z,138.6,2024-01-16T09:00:00+01:00,2024-01-16
2024-01-16T09:00:00Z,122.0,2024-01-16T10:00:00+01:00,2024-01-16
2024-01-16T10:00:00Z,110.0,2024-01-16T11:00:00+01:00,2024-01-16
2024-01-16T11:00:00Z,103.43,2024-01-16T12:00:00+01:00,2024-01-16
2024-01-16T12:00:00Z,94.98,2024-01-16T13:00:00+01:00,2024-01-16
2024-01-16T13:00:00Z,96.0,2024-01-16T14:00:00+01:00,2024-01-16
2024-01-16T14:00:00Z,110.25,2024-01-16T15:00:00+01:00,2024-01-16
2024-01-16T15:00:00Z,111.39,2024-01-16T16:00:00+01:00,2024-01-16
2024-01-16T16:00:00Z,128.15,2024-01-16T17:00:00+01:00,2024-01-16
2024-01-16T17:00:00Z,127.31,2024-01-16T18:00:00+01:00,2024-01-16
2024-01-16T18:00:00Z,111.77,2024-01-16T19:00:00+01:00,2024-01-16
2024-01-16T19:00:00Z,95.49,2024-01-16T20:00:00+01:00,2024-01-16
2024-01-16T20:00:00Z,86.21,2024-01-16T21:00:00+01:00,2024-01-16
2024-01-16T21:00:00Z,82.04,2024-01-16T22:00:00+01:00,2024-01-16
2024-01-16T22:00:00Z,77.69,2024-01-16T23:00:00+01:00,2024-01-16
2024-01-16T23:00:00Z,71.61,2024-01-17T00:00:00+01:00,2024-01-17
2024-01-17T00:00:00Z,71.52,2024-01-17T01:00:00+01:00,2024-01-17
2024-01-17T01:00:00Z,70.69,2024-01-17T02:00:00+01:00,2024-01-17
2024-01-17T02:00:00Z,69.74,2024-01-17T03:00:00+01:00,2024-01-17
2024-01-17T03:00:00Z,69.47,2024-01-17T04:00:00+01:00,2024-01-17
2024-01-17T04:00:00Z,71.06,2024-01-17T05:00:00+01:00,2024-01-17
2024-01-17T05:00:00Z,75.09,2024-01-17T06:00:00+01:00,2024-01-17
2024-01-17T06:00:00Z,84.39,2024-01-17T07:00:00+01:00,2024-01-17
2024-01-17T07:00:00Z,96.5,2024-01-17T08:00:00+01:00,2024-01-17
2024-01-17T08:00:00Z,106.16,2024-01-17T09:00:00+01:00,2024-01-17
2024-01-17T09:00:00Z,110.33,2024-01-17T10:00:00+01:00,2024-01-17
2024-01-17T10:00:00Z,111.1,2024-01-17T11:00:00+01:00,2024-01-17
2024-01-17T11:00:00Z,117.71,2024-01-17T12:00:00+01:00,2024-01-17
2024-01-17T12:00:00Z,121.7,2024-01-17T13:00:00+01:00,2024-01-17
2024-01-17T13:00:00Z,121.74,2024-01-17T14:00:00+01:00,2024-01-17
2024-01-17T14:00:00Z,125.46,2024-01-17T15:00:00+01:00,2024-01-17
2024-01-17T15:00:00Z,128.56,2024-01-17T16:00:00+01:00,2024-01-17
2024-01-17T16:00:00Z,140.52,2024-01-17T17:00:00+01:00,2024-01-17
2024-01-17T17:00:00Z,123.59,2024-01-17T18:00:00+01:00,2024-01-17
2024-01-17T18:00:00Z,114.28,2024-01-17T19:00:00+01:00,2024-01-17
2024-01-17T19:00:00Z,109.8,2024-01-17T20:00:00+01:00,2024-01-17
2024-01-17T20:00:00Z,101.09,2024-01-17T21:00:00+01:00,2024-01-17
2024-01-17T21:00:00Z,94.28,2024-01-17T22:00:00+01:00,2024-01-17
2024-01-17T22:00:00Z,84.17,2024-01-17T23:00:00+01:00,2024-01-17
2024-01-17T23:00:00Z,81.33,2024-01-18T00:00:00+01:00,2024-01-18
2024-01-18T00:00:00Z,77.2,2024-01-18T01:00:00+01:00,2024-01-18
2024-01-18T01:00:00Z,75.29,2024-01-18T02:00:00+01:00,2024-01-18
2024-01-18T02:00:00Z,74.91,2024-01-18T03:00:00+01:00,2024-01-18
2024-01-18T03:00:00Z,77.57,2024-01-18T04:00:00+01:00,2024-01-18
2024-01-18T04:00:00Z,81.0,2024-01-18T05:00:00+01:00,2024-01-18
2024-01-18T05:00:00Z,91.44,2024-01-18T06:00:00+01:00,2024-01-18
2024-01-18T06:00:00Z,111.55,2024-01-18T07:00:00+01:00,2024-01-18
2024-01-18T07:00:00Z,125.89,2024-01-18T08:00:00+01:00,2024-01-18
2024-01-18T08:00:00Z,122.17,2024-01-18T09:00:00+01:00,2024-01-18
2024-01-18T09:00:00Z,110.9,2024-01-18T10:00:00+01:00,2024-01-18
2024-01-18T10:00:00Z,107.95,2024-01-18T11:00:00+01:00,2024-01-18
2024-01-18T11:00:00Z,93.55,2024-01-18T12:00:00+01:00,2024-01-18
2024-01-18T12:00:00Z,87.62,2024-01-18T13:00:00+01:00,2024-01-18
2024-01-18T13:00:00Z,86.43,2024-01-18T14:00:00+01:00,2024-01-18
2024-01-18T14:00:00Z,94.25,2024-01-18T15:00:00+01:00,2024-01-18
2024-01-18T15:00:00Z,99.52,2024-01-18T16:00:00+01:00,2024-01-18
2024-01-18T16:00:00Z,104.68,2024-01-18T17:00:00+01:00,2024-01-18
2024-01-18T17:00:00Z,103.26,2024-01-18T18:00:00+01:00,2024-01-18
2024-01-18T18:00:00Z,94.53,2024-01-18T19:00:00+01:00,2024-01-18
2024-01-18T19:00:00Z,86.97,2024-01-18T20:00:00+01:00,2024-01-18
2024-01-18T20:00:00Z,83.12,2024-01-18T21:00:00+01:00,2024-01-18
2024-01-18T21:00:00Z,80.93,2024-01-18T22:00:00+01:00,2024-01-18
2024-01-18T22:00:00Z,73.61,2024-01-18T23:00:00+01:00,2024-01-18
2024-01-18T23:00:00Z,70.58,2024-01-19T00:00:00+01:00,2024-01-19
2024-01-19T00:00:00Z,66.95,2024-01-19T01:00:00+01:00,2024-01-19
2024-01-19T01:00:00Z,65.63,2024-01-19T02:00:00+01:00,2024-01-19
2024-01-19T02:00:00Z,62.76,2024-01-19T03:00:00+01:00,2024-01-19
2024-01-19T03:00:00Z,63.32,2024-01-19T04:00:00+01:00,2024-01-19
2024-01-19T04:00:00Z,67.47,2024-01-19T05:00:00+01:00,2024-01-19
2024-01-19T05:00:00Z,77.94,2024-01-19T06:00:00+01:00,2024-01-19
2024-01-19T06:00:00Z,87.17,2024-01-19T07:00:00+01:00,2024-01-19
2024-01-19T07:00:00Z,104.27,2024-01-19T08:00:00+01:00,2024-01-19
2024-01-19T08:00:00Z,103.06,2024-01-19T09:00:00+01:00,2024-01-19
2024-01-19T09:00:00Z,95.15,2024-01-19T10:00:00+01:00,2024-01-19
2024-01-19T10:00:00Z,86.36,2024-01-19T11:00:00+01:00,2024-01-19
2024-01-19T11:00:00Z,76.83,2024-01-19T12:00:00+01:00,2024-01-19
2024-01-19T12:00:00Z,73.35,2024-01-19T13:00:00+01:00,2024-01-19
2024-01-19T13:00:00Z,75.21,2024-01-19T14:00:00+01:00,2024-01-19
2024-01-19T14:00:00Z,77.45,2024-01-19T15:00:00+01:00,2024-01-19
2024-01-19T15:00:00Z,84.69,2024-01-19T16:00:00+01:00,2024-01-19
2024-01-19T16:00:00Z,93.6,2024-01-19T17:00:00+01:00,2024-01-19
2024-01-19T17:00:00Z,91.7,2024-01-19T18:00:00+01:00,2024-01-19
2024-01-19T18:00:00Z,82.23,2024-01-19T19:00:00+01:00,2024-01-19
2024-01-19T19:00:00Z,74.0,2024-01-19T20:00:00+01:00,2024-01-19
2024-01-19T20:00:00Z,71.12,2024-01-19T21:00:00+01:00,2024-01-19
2024-01-19T21:00:00Z,68.64,2024-01-19T22:00:00+01:00,2024-01-19
2024-01-19T22:00:00Z,64.75,2024-01-19T23:00:00+01:00,2024-01-19
2024-01-19T23:00:00Z,66.0,2024-01-20T00:00:00+01:00,2024-01-20
2024-01-20T00:00:00Z,63.45,2024-01-20T01:00:00+01:00,2024-01-20
2024-01-20T01:00:00Z,63.54,2024-01-20T02:00:00+01:00,2024-01-20
2024-01-20T02:00:00Z,61.82,2024-01-20T03:00:00+01:00,2024-01-20
2024-01-20T03:00:00Z,61.85,2024-01-20T04:00:00+01:00,2024-01-20
2024-01-20T04:00:00Z,61.75,2024-01-20T05:00:00+01:00,2024-01-20
2024-01-20T05:00:00Z,62.59,2024-01-20T06:00:00+01:00,2024-01-20
2024-01-20T06:00:00Z,66.9,2024-01-20T07:00:00+01:00,2024-01-20
2024-01-20T07:00:00Z,74.82,2024-01-20T08:00:00+01:00,2024-01-20
2024-01-20T08:00:00Z,77.9,2024-01-20T09:00:00+01:00,2024-01-20
2024-01-20T09:00:00Z,71.8,2024-01-20T10:00:00+01:00,2024-01-20
2024-01-20T10:00:00Z,70.77,2024-01-20T11:00:00+01:00,2024-01-20
2024-01-20T11:00:00Z,67.73,2024-01-20T12:00:00+01:00,2024-01-20
2024-01-20T12:00:00Z,68.78,2024-01-20T13:00:00+01:00,2024-01-20
2024-01-20T13:00:00Z,73.39,2024-01-20T14:00:00+01:00,2024-01-20
2024-01-20T14:00:00Z,79.11,2024-01-20T15:00:00+01:00,2024-01-20
2024-01-20T15:00:00Z,87.8,2024-01-20T16:00:00+01:00,2024-01-20
2024-01-20T16:00:00Z,94.93,2024-01-20T17:00:00+01:00,2024-01-20
2024-01-20T17:00:00Z,99.87,2024-01-20T18:00:00+01:00,2024-01-20
2024-01-20T18:00:00Z,91.57,2024-01-20T19:00:00+01:00,2024-01-20
2024-01-20T19:00:00Z,81.97,2024-01-20T20:00:00+01:00,2024-01-20
2024-01-20T20:00:00Z,75.74,2024-01-20T21:00:00+01:00,2024-01-20
2024-01-20T21:00:00Z,74.68,2024-01-20T22:00:00+01:00,2024-01-20
2024-01-20T22:00:00Z,69.13,2024-01-20T23:00:00+01:00,2024-01-20
2024-01-20T23:00:00Z,66.83,2024-01-21T00:00:00+01:00,2024-01-21
2024-01-21T00:00:00Z,57.55,2024-01-21T01:00:00+01:00,2024-01-21
2024-01-21T01:00:00Z,55.15,2024-01-21T02:00:00+01:00,2024-01-21
2024-01-21T02:00:00Z,50.89,2024-01-21T03:00:00+01:00,2024-01-21
2024-01-21T03:00:00Z,48.51,2024-01-21T04:00:00+01:00,2024-01-21
2024-01-21T04:00:00Z,47.45,2024-01-21T05:00:00+01:00,2024-01-21
2024-01-21T05:00:00Z,45.53,2024-01-21T06:00:00+01:00,2024-01-21
2024-01-21T06:00:00Z,43.96,2024-01-21T07:00:00+01:00,2024-01-21
2024-01-21T07:00:00Z,51.36,2024-01-21T08:00:00+01:00,2024-01-21
2024-01-21T08:00:00Z,54.36,2024-01-21T09:00:00+01:00,2024-01-21
2024-01-21T09:00:00Z,46.06,2024-01-21T10:00:00+01:00,2024-01-21
2024-01-21T10:00:00Z,48.67,2024-01-21T11:00:00+01:00,2024-01-21
2024-01-21T11:00:00Z,38.48,2024-01-21T12:00:00+01:00,2024-01-21
2024-01-21T12:00:00Z,37.69,2024-01-21T13:00:00+01:00,2024-01-21
2024-01-21T13:00:00Z,44.3,2024-01-21T14:00:00+01:00,2024-01-21
2024-01-21T14:00:00Z,49.04,2024-01-21T15:00:00+01:00,2024-01-21
2024-01-21T15:00:00Z,49.83,2024-01-21T16:00:00+01:00,2024-01-21
2024-01-21T16:00:00Z,56.65,2024-01-21T17:00:00+01:00,2024-01-21
2024-01-21T17:00:00Z,61.45,2024-01-21T18:00:00+01:00,2024-01-21
2024-01-21T18:00:00Z,58.64,2024-01-21T19:00:00+01:00,2024-01-21
2024-01-21T19:00:00Z,51.5,2024-01-21T20:00:00+01:00,2024-01-21
2024-01-21T20:00:00Z,52.46,2024-01-21T21:00:00+01:00,2024-01-21
2024-01-21T21:00:00Z,50.39,2024-01-21T22:00:00+01:00,2024-01-21
2024-01-21T22:00:00Z,39.46,2024-01-21T23:00:00+01:00,2024-01-21
2024-01-21T23:00:00Z,36.66,2024-01-22T00:00:00+01:00,2024-01-22
2024-01-22T00:00:00Z,22.24,2024-01-22T01:00:00+01:00,2024-01-22
2024-01-22T01:00:00Z,18.62,2024-01-22T02:00:00+01:00,2024-01-22
2024-01-22T02:00:00Z,5.04,2024-01-22T03:00:00+01:00,2024-01-22
2024-01-22T03:00:00Z,5.06,2024-01-22T04:00:00+01:00,2024-01-22
2024-01-22T04:00:00Z,20.0,2024-01-22T05:00:00+01:00,2024-01-22
2024-01-22T05:00:00Z,40.5,2024-01-22T06:00:00+01:00,2024-01-22
2024-01-22T06:00:00Z,60.47,2024-01-22T07:00:00+01:00,2024-01-22
2024-01-22T07:00:00Z,66.48,2024-01-22T08:00:00+01:00,2024-01-22
2024-01-22T08:00:00Z,57.58,2024-01-22T09:00:00+01:00,2024-01-22
2024-01-22T09:00:00Z,61.55,2024-01-22T10:00:00+01:00,2024-01-22
2024-01-22T10:00:00Z,60.6,2024-01-22T11:00:00+01:00,2024-01-22
2024-01-22T11:00:00Z,56.92,2024-01-22T12:00:00+01:00,2024-01-22
2024-01-22T12:00:00Z,56.72,2024-01-22T13:00:00+01:00,2024-01-22
2024-01-22T13:00:00Z,58.23,2024-01-22T14:00:00+01:00,2024-01-22
2024-01-22T14:00:00Z,59.73,2024-01-22T15:00:00+01:00,2024-01-22
2024-01-22T15:00:00Z,59.99,2024-01-22T16:00:00+01:00,2024-01-22
2024-01-22T16:00:00Z,70.94,2024-01-22T17:00:00+01:00,2024-01-22
2024-01-22T17:00:00Z,77.35,2024-01-22T18:00:00+01:00,2024-01-22
2024-01-22T18:00:00Z,71.99,2024-01-22T19:00:00+01:00,2024-01-22
2024-01-22T19:00:00Z,66.65,2024-01-22T20:00:00+01:00,2024-01-22
2024-01-22T20:00:00Z,57.0,2024-01-22T21:00:00+01:00,2024-01-22
2024-01-22T21:00:00Z,55.89,2024-01-22T22:00:00+01:00,2024-01-22
2024-01-22T22:00:00Z,49.88,2024-01-22T23:00:00+01:00,2024-01-22
2024-01-22T23:00:00Z,16.23,2024-01-23T00:00:00+01:00,2024-01-23
2024-01-23T00:00:00Z,10.1,2024-01-23T01:00:00+01:00,2024-01-23
2024-01-23T01:00:00Z,9.37,2024-01-23T02:00:00+01:00,2024-01-23
2024-01-23T02:00:00Z,4.17,2024-01-23T03:00:00+01:00,2024-01-23
2024-01-23T03:00:00Z,10.22,2024-01-23T04:00:00+01:00,2024-01-23
2024-01-23T04:00:00Z,39.23,2024-01-23T05:00:00+01:00,2024-01-23
2024-01-23T05:00:00Z,59.76,2024-01-23T06:00:00+01:00,2024-01-23
2024-01-23T06:00:00Z,76.42,2024-01-23T07:00:00+01:00,2024-01-23
2024-01-23T07:00:00Z,69.82,2024-01-23T08:00:00+01:00,2024-01-23
2024-01-23T08:00:00Z,69.93,2024-01-23T09:00:00+01:00,2024-01-23
2024-01-23T09:00:00Z,59.97,2024-01-23T10:00:00+01:00,2024-01-23
2024-01-23T10:00:00Z,59.8,2024-01-23T11:00:00+01:00,2024-01-23
2024-01-23T11:00:00Z,59.14,2024-01-23T12:00:00+01:00,2024-01-23
2024-01-23T12:00:00Z,59.43,2024-01-23T13:00:00+01:00,2024-01-23
2024-01-23T13:00:00Z,62.7,2024-01-23T14:00:00+01:00,2024-01-23
2024-01-23T14:00:00Z,74.63,2024-01-23T15:00:00+01:00,2024-01-23
2024-01-23T15:00:00Z,78.95,2024-01-23T16:00:00+01:00,2024-01-23
2024-01-23T16:00:00Z,81.59,2024-01-23T17:00:00+01:00,2024-01-23
2024-01-23T17:00:00Z,84.51,2024-01-23T18:00:00+01:00,2024-01-23
2024-01-23T18:00:00Z,74.55,2024-01-23T19:00:00+01:00,2024-01-23
2024-01-23T19:00:00Z,61.95,2024-01-23T20:00:00+01:00,2024-01-23
2024-01-23T20:00:00Z,53.74,2024-01-23T21:00:00+01:00,2024-01-23
2024-01-23T21:00:00Z,45.36,2024-01-23T22:00:00+01:00,2024-01-23
2024-01-23T22:00:00Z,33.26,2024-01-23T23:00:00+01:00,2024-01-23
2024-01-23T23:00:00Z,3.05,2024-01-24T00:00:00+01:00,2024-01-24
2024-01-24T00:00:00Z,-0.03,2024-01-24T01:00:00+01:00,2024-01-24
2024-01-24T01:00:00Z,-0.64,2024-01-24T02:00:00+01:00,2024-01-24
2024-01-24T02:00:00Z,-4.41,2024-01-24T03:00:00+01:00,2024-01-24
2024-01-24T03:00:00Z,-4.84,2024-01-24T04:00:00+01:00,2024-01-24
2024-01-24T04:00:00Z,-0.18,2024-01-24T05:00:00+01:00,2024-01-24
2024-01-24T05:00:00Z,14.76,2024-01-24T06:00:00+01:00,2024-01-24
2024-01-24T06:00:00Z,42.09,2024-01-24T07:00:00+01:00,2024-01-24
2024-01-24T07:00:00Z,51.58,2024-01-24T08:00:00+01:00,2024-01-24
2024-01-24T08:00:00Z,50.76,2024-01-24T09:00:00+01:00,2024-01-24
2024-01-24T09:00:00Z,50.1,2024-01-24T10:00:00+01:00,2024-01-24
2024-01-24T10:00:00Z,50.78,2024-01-24T11:00:00+01:00,2024-01-24
2024-01-24T11:00:00Z,39.32,2024-01-24T12:00:00+01:00,2024-01-24
2024-01-24T12:00:00Z,36.44,2024-01-24T13:00:00+01:00,2024-01-24
2024-01-24T13:00:00Z,45.04,2024-01-24T14:00:00+01:00,2024-01-24
2024-01-24T14:00:00Z,49.95,2024-01-24T15:00:00+01:00,2024-01-24
2024-01-24T15:00:00Z,50.8,2024-01-24T16:00:00+01:00,2024-01-24
2024-01-24T16:00:00Z,54.21,2024-01-24T17:00:00+01:00,2024-01-24
2024-01-24T17:00:00Z,53.32,2024-01-24T18:00:00+01:00,2024-01-24
2024-01-24T18:00:00Z,50.09,2024-01-24T19:00:00+01:00,2024-01-24
2024-01-24T19:00:00Z,42.18,2024-01-24T20:00:00+01:00,2024-01-24
2024-01-24T20:00:00Z,40.04,2024-01-24T21:00:00+01:00,2024-01-24
2024-01-24T21:00:00Z,42.01,2024-01-24T22:00:00+01:00,2024-01-24
2024-01-24T22:00:00Z,38.53,2024-01-24T23:00:00+01:00,2024-01-24
2024-01-24T23:00:00Z,44.34,2024-01-25T00:00:00+01:00,2024-01-25
2024-01-25T00:00:00Z,45.06,2024-01-25T01:00:00+01:00,2024-01-25
2024-01-25T01:00:00Z,43.34,2024-01-25T02:00:00+01:00,2024-01-25
2024-01-25T02:00:00Z,44.92,2024-01-25T03:00:00+01:00,2024-01-25
2024-01-25T03:00:00Z,46.22,2024-01-25T04:00:00+01:00,2024-01-25
2024-01-25T04:00:00Z,52.38,2024-01-25T05:00:00+01:00,2024-01-25
2024-01-25T05:00:00Z,69.1,2024-01-25T06:00:00+01:00,2024-01-25
2024-01-25T06:00:00Z,77.65,2024-01-25T07:00:00+01:00,2024-01-25
2024-01-25T07:00:00Z,91.87,2024-01-25T08:00:00+01:00,2024-01-25
2024-01-25T08:00:00Z,87.97,2024-01-25T09:00:00+01:00,2024-01-25
2024-01-25T09:00:00Z,83.95,2024-01-25T10:00:00+01:00,2024-01-25
2024-01-25T10:00:00Z,78.66,2024-01-25T11:00:00+01:00,2024-01-25
2024-01-25T11:00:00Z,74.95,2024-01-25T12:00:00+01:00,2024-01-25
2024-01-25T12:00:00Z,77.86,2024-01-25T13:00:00+01:00,2024-01-25
2024-01-25T13:00:00Z,87.07,2024-01-25T14:00:00+01:00,2024-01-25
2024-01-25T14:00:00Z,93.91,2024-01-25T15:00:00+01:00,2024-01-25
2024-01-25T15:00:00Z,102.46,2024-01-25T16:00:00+01:00,2024-01-25
2024-01-25T16:00:00Z,123.38,2024-01-25T17:00:00+01:00,2024-01-25
2024-01-25T17:00:00Z,115.54,2024-01-25T18:00:00+01:00,2024-01-25
2024-01-25T18:00:00Z,98.79,2024-01-25T19:00:00+01:00,2024-01-25
2024-01-25T19:00:00Z,91.07,2024-01-25T20:00:00+01:00,2024-01-25
2024-01-25T20:00:00Z,86.31,2024-01-25T21:00:00+01:00,2024-01-25
2024-01-25T21:00:00Z,80.43,2024-01-25T22:00:00+01:00,2024-01-25
2024-01-25T22:00:00Z,75.16,2024-01-25T23:00:00+01:00,2024-01-25
2024-01-25T23:00:00Z,62.8,2024-01-26T00:00:00+01:00,2024-01-26
2024-01-26T00:00:00Z,62.0,2024-01-26T01:00:00+01:00,2024-01-26
2024-01-26T01:00:00Z,58.49,2024-01-26T02:00:00+01:00,2024-01-26
2024-01-26T02:00:00Z,57.73,2024-01-26T03:00:00+01:00,2024-01-26
2024-01-26T03:00:00Z,57.07,2024-01-26T04:00:00+01:00,2024-01-26
2024-01-26T04:00:00Z,52.16,2024-01-26T05:00:00+01:00,2024-01-26
2024-01-26T05:00:00Z,59.37,2024-01-26T06:00:00+01:00,2024-01-26
2024-01-26T06:00:00Z,71.12,2024-01-26T07:00:00+01:00,2024-01-26
2024-01-26T07:00:00Z,76.59,2024-01-26T08:00:00+01:00,2024-01-26
2024-01-26T08:00:00Z,70.58,2024-01-26T09:00:00+01:00,2024-01-26
2024-01-26T09:00:00Z,61.61,2024-01-26T10:00:00+01:00,2024-01-26
2024-01-26T10:00:00Z,59.14,2024-01-26T11:00:00+01:00,2024-01-26
2024-01-26T11:00:00Z,52.28,2024-01-26T12:00:00+01:00,2024-01-26
2024-01-26T12:00:00Z,46.47,2024-01-26T13:00:00+01:00,2024-01-26
2024-01-26T13:00:00Z,49.28,2024-01-26T14:00:00+01:00,2024-01-26
2024-01-26T14:00:00Z,50.11,2024-01-26T15:00:00+01:00,2024-01-26
2024-01-26T15:00:00Z,52.74,2024-01-26T16:00:00+01:00,2024-01-26
2024-01-26T16:00:00Z,60.7,2024-01-26T17:00:00+01:00,2024-01-26
2024-01-26T17:00:00Z,58.75,2024-01-26T18:00:00+01:00,2024-01-26
2024-01-26T18:00:00Z,64.96,2024-01-26T19:00:00+01:00,2024-01-26
2024-01-26T19:00:00Z,58.78,2024-01-26T20:00:00+01:00,2024-01-26
2024-01-26T20:00:00Z,62.02,2024-01-26T21:00:00+01:00,2024-01-26
2024-01-26T21:00:00Z,59.58,2024-01-26T22:00:00+01:00,2024-01-26
2024-01-26T22:00:00Z,57.08,2024-01-26T23:00:00+01:00,2024-01-26
2024-01-26T23:00:00Z,55.5,2024-01-27T00:00:00+01:00,2024-01-27
2024-01-27T00:00:00Z,55.03,2024-01-27T01:00:00+01:00,2024-01-27
2024-01-27T01:00:00Z,56.21,2024-01-27T02:00:00+01:00,2024-01-27
2024-01-27T02:00:00Z,55.05,2024-01-27T03:00:00+01:00,2024-01-27
2024-01-27T03:00:00Z,55.74,2024-01-27T04:00:00+01:00,2024-01-27
2024-01-27T04:00:00Z,56.83,2024-01-27T05:00:00+01:00,2024-01-27
2024-01-27T05:00:00Z,59.07,2024-01-27T06:00:00+01:00,2024-01-27
2024-01-27T06:00:00Z,65.91,2024-01-27T07:00:00+01:00,2024-01-27
2024-01-27T07:00:00Z,75.29,2024-01-27T08:00:00+01:00,2024-01-27
2024-01-27T08:00:00Z,72.56,2024-01-27T09:00:00+01:00,2024-01-27
2024-01-27T09:00:00Z,60.06,2024-01-27T10:00:00+01:00,2024-01-27
2024-01-27T10:00:00Z,56.61,2024-01-27T11:00:00+01:00,2024-01-27
2024-01-27T11:00:00Z,55.84,2024-01-27T12:00:00+01:00,2024-01-27
2024-01-27T12:00:00Z,53.88,2024-01-27T13:00:00+01:00,2024-01-27
2024-01-27T13:00:00Z,59.72,2024-01-27T14:00:00+01:00,2024-01-27
2024-01-27T14:00:00Z,72.44,2024-01-27T15:00:00+01:00,2024-01-27
2024-01-27T15:00:00Z,83.62,2024-01-27T16:00:00+01:00,2024-01-27
2024-01-27T16:00:00Z,93.37,2024-01-27T17:00:00+01:00,2024-01-27
2024-01-27T17:00:00Z,95.95,2024-01-27T18:00:00+01:00,2024-01-27
2024-01-27T18:00:00Z,92.53,2024-01-27T19:00:00+01:00,2024-01-27
2024-01-27T19:00:00Z,84.42,2024-01-27T20:00:00+01:00,2024-01-27
2024-01-27T20:00:00Z,76.07,2024-01-27T21:00:00+01:00,2024-01-27
2024-01-27T21:00:00Z,75.97,2024-01-27T22:00:00+01:00,2024-01-27
2024-01-27T22:00:00Z,72.7,2024-01-27T23:00:00+01:00,2024-01-27
2024-01-27T23:00:00Z,66.77,2024-01-28T00:00:00+01:00,2024-01-28
2024-01-28T00:00:00Z,60.92,2024-01-28T01:00:00+01:00,2024-01-28
2024-01-28T01:00:00Z,59.65,2024-01-28T02:00:00+01:00,2024-01-28
2024-01-28T02:00:00Z,59.94,2024-01-28T03:00:00+01:00,2024-01-28
2024-01-28T03:00:00Z,61.4,2024-01-28T04:00:00+01:00,2024-01-28
2024-01-28T04:00:00Z,64.11,2024-01-28T05:00:00+01:00,2024-01-28
2024-01-28T05:00:00Z,60.53,2024-01-28T06:00:00+01:00,2024-01-28
2024-01-28T06:00:00Z,59.64,2024-01-28T07:00:00+01:00,2024-01-28
2024-01-28T07:00:00Z,59.63,2024-01-28T08:00:00+01:00,2024-01-28
2024-01-28T08:00:00Z,55.08,2024-01-28T09:00:00+01:00,2024-01-28
2024-01-28T09:00:00Z,51.16,2024-01-28T10:00:00+01:00,2024-01-28
2024-01-28T10:00:00Z,45.75,2024-01-28T11:00:00+01:00,2024-01-28
2024-01-28T11:00:00Z,41.58,2024-01-28T12:00:00+01:00,2024-01-28
2024-01-28T12:00:00Z,40.09,2024-01-28T13:00:00+01:00,2024-01-28
2024-01-28T13:00:00Z,50.65,2024-01-28T14:00:00+01:00,2024-01-28
2024-01-28T14:00:00Z,56.41,2024-01-28T15:00:00+01:00,2024-01-28
2024-01-28T15:00:00Z,68.87,2024-01-28T16:00:00+01:00,2024-01-28
2024-01-28T16:00:00Z,77.84,2024-01-28T17:00:00+01:00,2024-01-28
2024-01-28T17:00:00Z,71.93,2024-01-28T18:00:00+01:00,2024-01-28
2024-01-28T18:00:00Z,69.88,2024-01-28T19:00:00+01:00,2024-01-28
2024-01-28T19:00:00Z,68.25,2024-01-28T20:00:00+01:00,2024-01-28
2024-01-28T20:00:00Z,57.17,2024-01-28T21:00:00+01:00,2024-01-28
2024-01-28T21:00:00Z,59.43,2024-01-28T22:00:00+01:00,2024-01-28
2024-01-28T22:00:00Z,56.0,2024-01-28T23:00:00+01:00,2024-01-28
2024-01-28T23:00:00Z,49.97,2024-01-29T00:00:00+01:00,2024-01-29
2024-01-29T00:00:00Z,47.26,2024-01-29T01:00:00+01:00,2024-01-29
2024-01-29T01:00:00Z,48.12,2024-01-29T02:00:00+01:00,2024-01-29
2024-01-29T02:00:00Z,47.97,2024-01-29T03:00:00+01:00,2024-01-29
2024-01-29T03:00:00Z,51.58,2024-01-29T04:00:00+01:00,2024-01-29
2024-01-29T04:00:00Z,60.06,2024-01-29T05:00:00+01:00,2024-01-29
2024-01-29T05:00:00Z,80.0,2024-01-29T06:00:00+01:00,2024-01-29
2024-01-29T06:00:00Z,93.57,2024-01-29T07:00:00+01:00,2024-01-29
2024-01-29T07:00:00Z,99.17,2024-01-29T08:00:00+01:00,2024-01-29
2024-01-29T08:00:00Z,88.39,2024-01-29T09:00:00+01:00,2024-01-29
2024-01-29T09:00:00Z,78.9,2024-01-29T10:00:00+01:00,2024-01-29
2024-01-29T10:00:00Z,71.27,2024-01-29T11:00:00+01:00,2024-01-29
2024-01-29T11:00:00Z,70.24,2024-01-29T12:00:00+01:00,2024-01-29
2024-01-29T12:00:00Z,74.99,2024-01-29T13:00:00+01:00,2024-01-29
2024-01-29T13:00:00Z,82.55,2024-01-29T14:00:00+01:00,2024-01-29
2024-01-29T14:00:00Z,97.6,2024-01-29T15:00:00+01:00,2024-01-29
2024-01-29T15:00:00Z,108.43,2024-01-29T16:00:00+01:00,2024-01-29
2024-01-29T16:00:00Z,127.42,2024-01-29T17:00:00+01:00,2024-01-29
2024-01-29T17:00:00Z,117.3,2024-01-29T18:00:00+01:00,2024-01-29
2024-01-29T18:00:00Z,107.52,2024-01-29T19:00:00+01:00,2024-01-29
2024-01-29T19:00:00Z,91.98,2024-01-29T20:00:00+01:00,2024-01-29
2024-01-29T20:00:00Z,86.79,2024-01-29T21:00:00+01:00,2024-01-29
2024-01-29T21:00:00Z,83.42,2024-01-29T22:00:00+01:00,2024-01-29
2024-01-29T22:00:00Z,80.29,2024-01-29T23:00:00+01:00,2024-01-29
2024-01-29T23:00:00Z,71.94,2024-01-30T00:00:00+01:00,2024-01-30
2024-01-30T00:00:00Z,68.79,2024-01-30T01:00:00+01:00,2024-01-30
2024-01-30T01:00:00Z,69.37,2024-01-30T02:00:00+01:00,2024-01-30
2024-01-30T02:00:00Z,67.44,2024-01-30T03:00:00+01:00,2024-01-30
2024-01-30T03:00:00Z,67.18,2024-01-30T04:00:00+01:00,2024-01-30
2024-01-30T04:00:00Z,69.37,2024-01-30T05:00:00+01:00,2024-01-30
2024-01-30T05:00:00Z,78.43,2024-01-30T06:00:00+01:00,2024-01-30
2024-01-30T06:00:00Z,90.6,2024-01-30T07:00:00+01:00,2024-01-30
2024-01-30T07:00:00Z,95.93,2024-01-30T08:00:00+01:00,2024-01-30
2024-01-30T08:00:00Z,84.93,2024-01-30T09:00:00+01:00,2024-01-30
2024-01-30T09:00:00Z,77.15,2024-01-30T10:00:00+01:00,2024-01-30
2024-01-30T10:00:00Z,70.1,2024-01-30T11:00:00+01:00,2024-01-30
2024-01-30T11:00:00Z,68.1,2024-01-30T12:00:00+01:00,2024-01-30
2024-01-30T12:00:00Z,68.23,2024-01-30T13:00:00+01:00,2024-01-30
2024-01-30T13:00:00Z,71.93,2024-01-30T14:00:00+01:00,2024-01-30
2024-01-30T14:00:00Z,79.49,2024-01-30T15:00:00+01:00,2024-01-30
2024-01-30T15:00:00Z,82.36,2024-01-30T16:00:00+01:00,2024-01-30
2024-01-30T16:00:00Z,88.17,2024-01-30T17:00:00+01:00,2024-01-30
2024-01-30T17:00:00Z,99.23,2024-01-30T18:00:00+01:00,2024-01-30
2024-01-30T18:00:00Z,91.91,2024-01-30T19:00:00+01:00,2024-01-30
2024-01-30T19:00:00Z,86.04,2024-01-30T20:00:00+01:00,2024-01-30
2024-01-30T20:00:00Z,78.0,2024-01-30T21:00:00+01:00,2024-01-30
2024-01-30T21:00:00Z,75.01,2024-01-30T22:00:00+01:00,2024-01-30
2024-01-30T22:00:00Z,71.51,2024-01-30T23:00:00+01:00,2024-01-30
2024-01-30T23:00:00Z,71.73,2024-01-31T00:00:00+01:00,2024-01-31
2024-01-31T00:00:00Z,70.19,2024-01-31T01:00:00+01:00,2024-01-31
2024-01-31T01:00:00Z,70.89,2024-01-31T02:00:00+01:00,2024-01-31
2024-01-31T02:00:00Z,69.82,2024-01-31T03:00:00+01:00,2024-01-31
2024-01-31T03:00:00Z,69.14,2024-01-31T04:00:00+01:00,2024-01-31
2024-01-31T04:00:00Z,73.82,2024-01-31T05:00:00+01:00,2024-01-31
2024-01-31T05:00:00Z,84.85,2024-01-31T06:00:00+01:00,2024-01-31
2024-01-31T06:00:00Z,108.17,2024-01-31T07:00:00+01:00,2024-01-31
2024-01-31T07:00:00Z,119.93,2024-01-31T08:00:00+01:00,2024-01-31
2024-01-31T08:00:00Z,93.61,2024-01-31T09:00:00+01:00,2024-01-31
2024-01-31T09:00:00Z,82.98,2024-01-31T10:00:00+01:00,2024-01-31
2024-01-31T10:00:00Z,77.09,2024-01-31T11:00:00+01:00,2024-01-31
2024-01-31T11:00:00Z,74.91,2024-01-31T12:00:00+01:00,2024-01-31
2024-01-31T12:00:00Z,67.66,2024-01-31T13:00:00+01:00,2024-01-31
2024-01-31T13:00:00Z,66.69,2024-01-31T14:00:00+01:00,2024-01-31
2024-01-31T14:00:00Z,75.87,2024-01-31T15:00:00+01:00,2024-01-31
2024-01-31T15:00:00Z,81.62,2024-01-31T16:00:00+01:00,2024-01-31
2024-01-31T16:00:00Z,87.91,2024-01-31T17:00:00+01:00,2024-01-31
2024-01-31T17:00:00Z,86.78,2024-01-31T18:00:00+01:00,2024-01-31
2024-01-31T18:00:00Z,73.65,2024-01-31T19:00:00+01:00,2024-01-31
2024-01-31T19:00:00Z,66.03,2024-01-31T20:00:00+01:00,2024-01-31
2024-01-31T20:00:00Z,56.96,2024-01-31T21:00:00+01:00,2024-01-31
2024-01-31T21:00:00Z,54.08,2024-01-31T22:00:00+01:00,2024-01-31
2024-01-31T22:00:00Z,39.73,2024-01-31T23:00:00+01:00,2024-01-31
2024-01-31T23:00:00Z,47.06,2024-02-01T00:00:00+01:00,2024-02-01
2024-02-01T00:00:00Z,41.12,2024-02-01T01:00:00+01:00,2024-02-01
2024-02-01T01:00:00Z,42.16,2024-02-01T02:00:00+01:00,2024-02-01
2024-02-01T02:00:00Z,43.05,2024-02-01T03:00:00+01:00,2024-02-01
2024-02-01T03:00:00Z,46.91,2024-02-01T04:00:00+01:00,2024-02-01
2024-02-01T04:00:00Z,55.34,2024-02-01T05:00:00+01:00,2024-02-01
2024-02-01T05:00:00Z,69.01,2024-02-01T06:00:00+01:00,2024-02-01
2024-02-01T06:00:00Z,86.12,2024-02-01T07:00:00+01:00,2024-02-01
2024-02-01T07:00:00Z,92.5,2024-02-01T08:00:00+01:00,2024-02-01
2024-02-01T08:00:00Z,86.29,2024-02-01T09:00:00+01:00,2024-02-01
2024-02-01T09:00:00Z,83.67,2024-02-01T10:00:00+01:00,2024-02-01
2024-02-01T10:00:00Z,77.22,2024-02-01T11:00:00+01:00,2024-02-01
2024-02-01T11:00:00Z,67.6,2024-02-01T12:00:00+01:00,2024-02-01
2024-02-01T12:00:00Z,57.26,2024-02-01T13:00:00+01:00,2024-02-01
2024-02-01T13:00:00Z,68.74,2024-02-01T14:00:00+01:00,2024-02-01
2024-02-01T14:00:00Z,75.07,2024-02-01T15:00:00+01:00,2024-02-01
2024-02-01T15:00:00Z,77.05,2024-02-01T16:00:00+01:00,2024-02-01
2024-02-01T16:00:00Z,91.61,2024-02-01T17:00:00+01:00,2024-02-01
2024-02-01T17:00:00Z,94.67,2024-02-01T18:00:00+01:00,2024-02-01
2024-02-01T18:00:00Z,97.89,2024-02-01T19:00:00+01:00,2024-02-01
2024-02-01T19:00:00Z,89.97,2024-02-01T20:00:00+01:00,2024-02-01
2024-02-01T20:00:00Z,83.29,2024-02-01T21:00:00+01:00,2024-02-01
2024-02-01T21:00:00Z,81.88,2024-02-01T22:00:00+01:00,2024-02-01
2024-02-01T22:00:00Z,73.38,2024-02-01T23:00:00+01:00,2024-02-01
2024-02-01T23:00:00Z,64.27,2024-02-02T00:00:00+01:00,2024-02-02
2024-02-02T00:00:00Z,59.94,2024-02-02T01:00:00+01:00,2024-02-02
2024-02-02T01:00:00Z,58.0,2024-02-02T02:00:00+01:00,2024-02-02
2024-02-02T02:00:00Z,54.69,2024-02-02T03:00:00+01:00,2024-02-02
2024-02-02T03:00:00Z,53.23,2024-02-02T04:00:00+01:00,2024-02-02
2024-02-02T04:00:00Z,55.07,2024-02-02T05:00:00+01:00,2024-02-02
2024-02-02T05:00:00Z,66.94,2024-02-02T06:00:00+01:00,2024-02-02
2024-02-02T06:00:00Z,76.99,2024-02-02T07:00:00+01:00,2024-02-02
2024-02-02T07:00:00Z,89.32,2024-02-02T08:00:00+01:00,2024-02-02
2024-02-02T08:00:00Z,85.9,2024-02-02T09:00:00+01:00,2024-02-02
2024-02-02T09:00:00Z,80.77,2024-02-02T10:00:00+01:00,2024-02-02
2024-02-02T10:00:00Z,75.15,2024-02-02T11:00:00+01:00,2024-02-02
2024-02-02T11:00:00Z,64.8,2024-02-02T12:00:00+01:00,2024-02-02
2024-02-02T12:00:00Z,56.52,2024-02-02T13:00:00+01:00,2024-02-02
2024-02-02T13:00:00Z,54.83,2024-02-02T14:00:00+01:00,2024-02-02
2024-02-02T14:00:00Z,53.09,2024-02-02T15:00:00+01:00,2024-02-02
2024-02-02T15:00:00Z,52.73,2024-02-02T16:00:00+01:00,2024-02-02
2024-02-02T16:00:00Z,58.5,2024-02-02T17:00:00+01:00,2024-02-02
2024-02-02T17:00:00Z,68.97,2024-02-02T18:00:00+01:00,2024-02-02
2024-02-02T18:00:00Z,63.34,2024-02-02T19:00:00+01:00,2024-02-02
2024-02-02T19:00:00Z,55.06,2024-02-02T20:00:00+01:00,2024-02-02
2024-02-02T20:00:00Z,49.68,2024-02-02T21:00:00+01:00,2024-02-02
2024-02-02T21:00:00Z,46.03,2024-02-02T22:00:00+01:00,2024-02-02
2024-02-02T22:00:00Z,36.05,2024-02-02T23:00:00+01:00,2024-02-02
2024-02-02T23:00:00Z,24.74,2024-02-03T00:00:00+01:00,2024-02-03
2024-02-03T00:00:00Z,12.85,2024-02-03T01:00:00+01:00,2024-02-03
2024-02-03T01:00:00Z,6.73,2024-02-03T02:00:00+01:00,2024-02-03
2024-02-03T02:00:00Z,10.51,2024-02-03T03:00:00+01:00,2024-02-03
2024-02-03T03:00:00Z,8.53,2024-02-03T04:00:00+01:00,2024-02-03
2024-02-03T04:00:00Z,8.8,2024-02-03T05:00:00+01:00,2024-02-03
2024-02-03T05:00:00Z,16.48,2024-02-03T06:00:00+01:00,2024-02-03
2024-02-03T06:00:00Z,34.17,2024-02-03T07:00:00+01:00,2024-02-03
2024-02-03T07:00:00Z,45.99,2024-02-03T08:00:00+01:00,2024-02-03
2024-02-03T08:00:00Z,45.97,2024-02-03T09:00:00+01:00,2024-02-03
2024-02-03T09:00:00Z,35.62,2024-02-03T10:00:00+01:00,2024-02-03
2024-02-03T10:00:00Z,30.42,2024-02-03T11:00:00+01:00,2024-02-03
2024-02-03T11:00:00Z,30.58,2024-02-03T12:00:00+01:00,2024-02-03
2024-02-03T12:00:00Z,30.62,2024-02-03T13:00:00+01:00,2024-02-03
2024-02-03T13:00:00Z,40.74,2024-02-03T14:00:00+01:00,2024-02-03
2024-02-03T14:00:00Z,43.7,2024-02-03T15:00:00+01:00,2024-02-03
2024-02-03T15:00:00Z,49.36,2024-02-03T16:00:00+01:00,2024-02-03
2024-02-03T16:00:00Z,57.83,2024-02-03T17:00:00+01:00,2024-02-03
2024-02-03T17:00:00Z,68.57,2024-02-03T18:00:00+01:00,2024-02-03
2024-02-03T18:00:00Z,65.98,2024-02-03T19:00:00+01:00,2024-02-03
2024-02-03T19:00:00Z,54.37,2024-02-03T20:00:00+01:00,2024-02-03
2024-02-03T20:00:00Z,51.21,2024-02-03T21:00:00+01:00,2024-02-03
2024-02-03T21:00:00Z,50.81,2024-02-03T22:00:00+01:00,2024-02-03
2024-02-03T22:00:00Z,38.71,2024-02-03T23:00:00+01:00,2024-02-03
2024-02-03T23:00:00Z,35.3,2024-02-04T00:00:00+01:00,2024-02-04
2024-02-04T00:00:00Z,10.04,2024-02-04T01:00:00+01:00,2024-02-04
2024-02-04T01:00:00Z,3.23,2024-02-04T02:00:00+01:00,2024-02-04
2024-02-04T02:00:00Z,0.68,2024-02-04T03:00:00+01:00,2024-02-04
2024-02-04T03:00:00Z,0.0,2024-02-04T04:00:00+01:00,2024-02-04
2024-02-04T04:00:00Z,0.0,2024-02-04T05:00:00+01:00,2024-02-04
2024-02-04T05:00:00Z,0.0,2024-02-04T06:00:00+01:00,2024-02-04
2024-02-04T06:00:00Z,1.05,2024-02-04T07:00:00+01:00,2024-02-04
2024-02-04T07:00:00Z,8.87,2024-02-04T08:00:00+01:00,2024-02-04
2024-02-04T08:00:00Z,9.83,2024-02-04T09:00:00+01:00,2024-02-04
2024-02-04T09:00:00Z,10.87,2024-02-04T10:00:00+01:00,2024-02-04
2024-02-04T10:00:00Z,12.81,2024-02-04T11:00:00+01:00,2024-02-04
2024-02-04T11:00:00Z,13.82,2024-02-04T12:00:00+01:00,2024-02-04
2024-02-04T12:00:00Z,4.62,2024-02-04T13:00:00+01:00,2024-02-04
2024-02-04T13:00:00Z,9.72,2024-02-04T14:00:00+01:00,2024-02-04
2024-02-04T14:00:00Z,15.72,2024-02-04T15:00:00+01:00,2024-02-04
2024-02-04T15:00:00Z,18.43,2024-02-04T16:00:00+01:00,2024-02-04
2024-02-04T16:00:00Z,38.91,2024-02-04T17:00:00+01:00,2024-02-04
2024-02-04T17:00:00Z,46.01,2024-02-04T18:00:00+01:00,2024-02-04
2024-02-04T18:00:00Z,36.17,2024-02-04T19:00:00+01:00,2024-02-04
2024-02-04T19:00:00Z,29.05,2024-02-04T20:00:00+01:00,2024-02-04
2024-02-04T20:00:00Z,24.52,2024-02-04T21:00:00+01:00,2024-02-04
2024-02-04T21:00:00Z,24.44,2024-02-04T22:00:00+01:00,2024-02-04
2024-02-04T22:00:00Z,0.57,2024-02-04T23:00:00+01:00,2024-02-04
2024-02-04T23:00:00Z,0.0,2024-02-05T00:00:00+01:00,2024-02-05
2024-02-05T00:00:00Z,-0.03,2024-02-05T01:00:00+01:00,2024-02-05
2024-02-05T01:00:00Z,-0.07,2024-02-05T02:00:00+01:00,2024-02-05
2024-02-05T02:00:00Z,-0.13,2024-02-05T03:00:00+01:00,2024-02-05
2024-02-05T03:00:00Z,-0.05,2024-02-05T04:00:00+01:00,2024-02-05
2024-02-05T04:00:00Z,0.42,2024-02-05T05:00:00+01:00,2024-02-05
2024-02-05T05:00:00Z,38.97,2024-02-05T06:00:00+01:00,2024-02-05
2024-02-05T06:00:00Z,58.91,2024-02-05T07:00:00+01:00,2024-02-05
2024-02-05T07:00:00Z,62.32,2024-02-05T08:00:00+01:00,2024-02-05
2024-02-05T08:00:00Z,56.86,2024-02-05T09:00:00+01:00,2024-02-05
2024-02-05T09:00:00Z,52.93,2024-02-05T10:00:00+01:00,2024-02-05
2024-02-05T10:00:00Z,40.15,2024-02-05T11:00:00+01:00,2024-02-05
2024-02-05T11:00:00Z,7.05,2024-02-05T12:00:00+01:00,2024-02-05
2024-02-05T12:00:00Z,1.09,2024-02-05T13:00:00+01:00,2024-02-05
2024-02-05T13:00:00Z,5.01,2024-02-05T14:00:00+01:00,2024-02-05
2024-02-05T14:00:00Z,53.1,2024-02-05T15:00:00+01:00,2024-02-05
2024-02-05T15:00:00Z,60.72,2024-02-05T16:00:00+01:00,2024-02-05
2024-02-05T16:00:00Z,68.47,2024-02-05T17:00:00+01:00,2024-02-05
2024-02-05T17:00:00Z,68.78,2024-02-05T18:00:00+01:00,2024-02-05
2024-02-05T18:00:00Z,61.84,2024-02-05T19:00:00+01:00,2024-02-05
2024-02-05T19:00:00Z,60.48,2024-02-05T20:00:00+01:00,2024-02-05
2024-02-05T20:00:00Z,59.65,2024-02-05T21:00:00+01:00,2024-02-05
2024-02-05T21:00:00Z,56.3,2024-02-05T22:00:00+01:00,2024-02-05
2024-02-05T22:00:00Z,47.41,2024-02-05T23:00:00+01:00,2024-02-05
2024-02-05T23:00:00Z,35.04,2024-02-06T00:00:00+01:00,2024-02-06
2024-02-06T00:00:00Z,27.65,2024-02-06T01:00:00+01:00,2024-02-06
2024-02-06T01:00:00Z,7.08,2024-02-06T02:00:00+01:00,2024-02-06
2024-02-06T02:00:00Z,3.07,2024-02-06T03:00:00+01:00,2024-02-06
2024-02-06T03:00:00Z,1.94,2024-02-06T04:00:00+01:00,2024-02-06
2024-02-06T04:00:00Z,19.38,2024-02-06T05:00:00+01:00,2024-02-06
2024-02-06T05:00:00Z,50.0,2024-02-06T06:00:00+01:00,2024-02-06
2024-02-06T06:00:00Z,68.16,2024-02-06T07:00:00+01:00,2024-02-06
2024-02-06T07:00:00Z,62.0,2024-02-06T08:00:00+01:00,2024-02-06
2024-02-06T08:00:00Z,61.35,2024-02-06T09:00:00+01:00,2024-02-06
2024-02-06T09:00:00Z,56.56,2024-02-06T10:00:00+01:00,2024-02-06
2024-02-06T10:00:00Z,51.7,2024-02-06T11:00:00+01:00,2024-02-06
2024-02-06T11:00:00Z,43.47,2024-02-06T12:00:00+01:00,2024-02-06
2024-02-06T12:00:00Z,42.54,2024-02-06T13:00:00+01:00,2024-02-06
2024-02-06T13:00:00Z,40.11,2024-02-06T14:00:00+01:00,2024-02-06
2024-02-06T14:00:00Z,49.91,2024-02-06T15:00:00+01:00,2024-02-06
2024-02-06T15:00:00Z,56.52,2024-02-06T16:00:00+01:00,2024-02-06
2024-02-06T16:00:00Z,62.97,2024-02-06T17:00:00+01:00,2024-02-06
2024-02-06T17:00:00Z,61.96,2024-02-06T18:00:00+01:00,2024-02-06
2024-02-06T18:00:00Z,61.16,2024-02-06T19:00:00+01:00,2024-02-06
2024-02-06T19:00:00Z,59.14,2024-02-06T20:00:00+01:00,2024-02-06
2024-02-06T20:00:00Z,56.44,2024-02-06T21:00:00+01:00,2024-02-06
2024-02-06T21:00:00Z,56.52,2024-02-06T22:00:00+01:00,2024-02-06
2024-02-06T22:00:00Z,52.36,2024-02-06T23:00:00+01:00,2024-02-06
2024-02-06T23:00:00Z,41.17,2024-02-07T00:00:00+01:00,2024-02-07
2024-02-07T00:00:00Z,35.52,2024-02-07T01:00:00+01:00,2024-02-07
2024-02-07T01:00:00Z,34.15,2024-02-07T02:00:00+01:00,2024-02-07
2024-02-07T02:00:00Z,46.59,2024-02-07T03:00:00+01:00,2024-02-07
2024-02-07T03:00:00Z,54.47,2024-02-07T04:00:00+01:00,2024-02-07
2024-02-07T04:00:00Z,59.63,2024-02-07T05:00:00+01:00,2024-02-07
2024-02-07T05:00:00Z,74.83,2024-02-07T06:00:00+01:00,2024-02-07
2024-02-07T06:00:00Z,86.67,2024-02-07T07:00:00+01:00,2024-02-07
2024-02-07T07:00:00Z,87.0,2024-02-07T08:00:00+01:00,2024-02-07
2024-02-07T08:00:00Z,85.53,2024-02-07T09:00:00+01:00,2024-02-07
2024-02-07T09:00:00Z,81.17,2024-02-07T10:00:00+01:00,2024-02-07
2024-02-07T10:00:00Z,78.01,2024-02-07T11:00:00+01:00,2024-02-07
2024-02-07T11:00:00Z,75.98,2024-02-07T12:00:00+01:00,2024-02-07
2024-02-07T12:00:00Z,79.24,2024-02-07T13:00:00+01:00,2024-02-07
2024-02-07T13:00:00Z,77.99,2024-02-07T14:00:00+01:00,2024-02-07
2024-02-07T14:00:00Z,88.21,2024-02-07T15:00:00+01:00,2024-02-07
2024-02-07T15:00:00Z,97.3,2024-02-07T16:00:00+01:00,2024-02-07
2024-02-07T16:00:00Z,120.05,2024-02-07T17:00:00+01:00,2024-02-07
2024-02-07T17:00:00Z,136.22,2024-02-07T18:00:00+01:00,2024-02-07
2024-02-07T18:00:00Z,109.7,2024-02-07T19:00:00+01:00,2024-02-07
2024-02-07T19:00:00Z,99.91,2024-02-07T20:00:00+01:00,2024-02-07
2024-02-07T20:00:00Z,87.65,2024-02-07T21:00:00+01:00,2024-02-07
2024-02-07T21:00:00Z,83.63,2024-02-07T22:00:00+01:00,2024-02-07
2024-02-07T22:00:00Z,79.21,2024-02-07T23:00:00+01:00,2024-02-07
2024-02-07T23:00:00Z,73.7,2024-02-08T00:00:00+01:00,2024-02-08
2024-02-08T00:00:00Z,73.2,2024-02-08T01:00:00+01:00,2024-02-08
2024-02-08T01:00:00Z,72.15,2024-02-08T02:00:00+01:00,2024-02-08
2024-02-08T02:00:00Z,72.94,2024-02-08T03:00:00+01:00,2024-02-08
2024-02-08T03:00:00Z,73.65,2024-02-08T04:00:00+01:00,2024-02-08
2024-02-08T04:00:00Z,77.85,2024-02-08T05:00:00+01:00,2024-02-08
2024-02-08T05:00:00Z,87.08,2024-02-08T06:00:00+01:00,2024-02-08
2024-02-08T06:00:00Z,110.0,2024-02-08T07:00:00+01:00,2024-02-08
2024-02-08T07:00:00Z,133.15,2024-02-08T08:00:00+01:00,2024-02-08
2024-02-08T08:00:00Z,113.55,2024-02-08T09:00:00+01:00,2024-02-08
2024-02-08T09:00:00Z,97.79,2024-02-08T10:00:00+01:00,2024-02-08
2024-02-08T10:00:00Z,91.87,2024-02-08T11:00:00+01:00,2024-02-08
2024-02-08T11:00:00Z,89.38,2024-02-08T12:00:00+01:00,2024-02-08
2024-02-08T12:00:00Z,90.98,2024-02-08T13:00:00+01:00,2024-02-08
2024-02-08T13:00:00Z,94.9,2024-02-08T14:00:00+01:00,2024-02-08
2024-02-08T14:00:00Z,94.38,2024-02-08T15:00:00+01:00,2024-02-08
2024-02-08T15:00:00Z,93.01,2024-02-08T16:00:00+01:00,2024-02-08
2024-02-08T16:00:00Z,103.0,2024-02-08T17:00:00+01:00,2024-02-08
2024-02-08T17:00:00Z,94.67,2024-02-08T18:00:00+01:00,2024-02-08
2024-02-08T18:00:00Z,86.06,2024-02-08T19:00:00+01:00,2024-02-08
2024-02-08T19:00:00Z,83.2,2024-02-08T20:00:00+01:00,2024-02-08
2024-02-08T20:00:00Z,80.61,2024-02-08T21:00:00+01:00,2024-02-08
2024-02-08T21:00:00Z,75.6,2024-02-08T22:00:00+01:00,2024-02-08
2024-02-08T22:00:00Z,65.98,2024-02-08T23:00:00+01:00,2024-02-08
2024-02-08T23:00:00Z,60.43,2024-02-09T00:00:00+01:00,2024-02-09
2024-02-09T00:00:00Z,58.61,2024-02-09T01:00:00+01:00,2024-02-09
2024-02-09T01:00:00Z,55.74,2024-02-09T02:00:00+01:00,2024-02-09
2024-02-09T02:00:00Z,51.61,2024-02-09T03:00:00+01:00,2024-02-09
2024-02-09T03:00:00Z,49.96,2024-02-09T04:00:00+01:00,2024-02-09
2024-02-09T04:00:00Z,52.32,2024-02-09T05:00:00+01:00,2024-02-09
2024-02-09T05:00:00Z,59.08,2024-02-09T06:00:00+01:00,2024-02-09
2024-02-09T06:00:00Z,66.79,2024-02-09T07:00:00+01:00,2024-02-09
2024-02-09T07:00:00Z,70.13,2024-02-09T08:00:00+01:00,2024-02-09
2024-02-09T08:00:00Z,68.37,2024-02-09T09:00:00+01:00,2024-02-09
2024-02-09T09:00:00Z,69.52,2024-02-09T10:00:00+01:00,2024-02-09
2024-02-09T10:00:00Z,69.94,2024-02-09T11:00:00+01:00,2024-02-09
2024-02-09T11:00:00Z,67.85,2024-02-09T12:00:00+01:00,2024-02-09
2024-02-09T12:00:00Z,67.74,2024-02-09T13:00:00+01:00,2024-02-09
2024-02-09T13:00:00Z,73.22,2024-02-09T14:00:00+01:00,2024-02-09
2024-02-09T14:00:00Z,81.56,2024-02-09T15:00:00+01:00,2024-02-09
2024-02-09T15:00:00Z,90.12,2024-02-09T16:00:00+01:00,2024-02-09
2024-02-09T16:00:00Z,95.45,2024-02-09T17:00:00+01:00,2024-02-09
2024-02-09T17:00:00Z,95.45,2024-02-09T18:00:00+01:00,2024-02-09
2024-02-09T18:00:00Z,87.05,2024-02-09T19:00:00+01:00,2024-02-09
2024-02-09T19:00:00Z,80.44,2024-02-09T20:00:00+01:00,2024-02-09
2024-02-09T20:00:00Z,75.2,2024-02-09T21:00:00+01:00,2024-02-09
2024-02-09T21:00:00Z,74.91,2024-02-09T22:00:00+01:00,2024-02-09
2024-02-09T22:00:00Z,70.94,2024-02-09T23:00:00+01:00,2024-02-09
2024-02-09T23:00:00Z,63.1,2024-02-10T00:00:00+01:00,2024-02-10
2024-02-10T00:00:00Z,64.08,2024-02-10T01:00:00+01:00,2024-02-10
2024-02-10T01:00:00Z,64.4,2024-02-10T02:00:00+01:00,2024-02-10
2024-02-10T02:00:00Z,64.39,2024-02-10T03:00:00+01:00,2024-02-10
2024-02-10T03:00:00Z,64.41,2024-02-10T04:00:00+01:00,2024-02-10
2024-02-10T04:00:00Z,65.82,2024-02-10T05:00:00+01:00,2024-02-10
2024-02-10T05:00:00Z,70.91,2024-02-10T06:00:00+01:00,2024-02-10
2024-02-10T06:00:00Z,74.86,2024-02-10T07:00:00+01:00,2024-02-10
2024-02-10T07:00:00Z,77.7,2024-02-10T08:00:00+01:00,2024-02-10
2024-02-10T08:00:00Z,80.38,2024-02-10T09:00:00+01:00,2024-02-10
2024-02-10T09:00:00Z,74.59,2024-02-10T10:00:00+01:00,2024-02-10
2024-02-10T10:00:00Z,69.43,2024-02-10T11:00:00+01:00,2024-02-10
2024-02-10T11:00:00Z,68.3,2024-02-10T12:00:00+01:00,2024-02-10
2024-02-10T12:00:00Z,66.72,2024-02-10T13:00:00+01:00,2024-02-10
2024-02-10T13:00:00Z,69.53,2024-02-10T14:00:00+01:00,2024-02-10
2024-02-10T14:00:00Z,77.17,2024-02-10T15:00:00+01:00,2024-02-10
2024-02-10T15:00:00Z,86.13,2024-02-10T16:00:00+01:00,2024-02-10
2024-02-10T16:00:00Z,88.95,2024-02-10T17:00:00+01:00,2024-02-10
2024-02-10T17:00:00Z,87.62,2024-02-10T18:00:00+01:00,2024-02-10
2024-02-10T18:00:00Z,81.01,2024-02-10T19:00:00+01:00,2024-02-10
2024-02-10T19:00:00Z,74.4,2024-02-10T20:00:00+01:00,2024-02-10
2024-02-10T20:00:00Z,67.84,2024-02-10T21:00:00+01:00,2024-02-10
2024-02-10T21:00:00Z,65.86,2024-02-10T22:00:00+01:00,2024-02-10
2024-02-10T22:00:00Z,63.46,2024-02-10T23:00:00+01:00,2024-02-10
2024-02-10T23:00:00Z,55.48,2024-02-11T00:00:00+01:00,2024-02-11
2024-02-11T00:00:00Z,53.67,2024-02-11T01:00:00+01:00,2024-02-11
2024-02-11T01:00:00Z,52.6,2024-02-11T02:00:00+01:00,2024-02-11
2024-02-11T02:00:00Z,46.83,2024-02-11T03:00:00+01:00,2024-02-11
2024-02-11T03:00:00Z,43.64,2024-02-11T04:00:00+01:00,2024-02-11
2024-02-11T04:00:00Z,46.25,2024-02-11T05:00:00+01:00,2024-02-11
2024-02-11T05:00:00Z,49.19,2024-02-11T06:00:00+01:00,2024-02-11
2024-02-11T06:00:00Z,53.16,2024-02-11T07:00:00+01:00,2024-02-11
2024-02-11T07:00:00Z,55.06,2024-02-11T08:00:00+01:00,2024-02-11
2024-02-11T08:00:00Z,57.97,2024-02-11T09:00:00+01:00,2024-02-11
2024-02-11T09:00:00Z,61.16,2024-02-11T10:00:00+01:00,2024-02-11
2024-02-11T10:00:00Z,65.54,2024-02-11T11:00:00+01:00,2024-02-11
2024-02-11T11:00:00Z,64.6,2024-02-11T12:00:00+01:00,2024-02-11
2024-02-11T12:00:00Z,62.12,2024-02-11T13:00:00+01:00,2024-02-11
2024-02-11T13:00:00Z,63.99,2024-02-11T14:00:00+01:00,2024-02-11
2024-02-11T14:00:00Z,66.3,2024-02-11T15:00:00+01:00,2024-02-11
2024-02-11T15:00:00Z,70.69,2024-02-11T16:00:00+01:00,2024-02-11
2024-02-11T16:00:00Z,78.5,2024-02-11T17:00:00+01:00,2024-02-11
2024-02-11T17:00:00Z,80.74,2024-02-11T18:00:00+01:00,2024-02-11
2024-02-11T18:00:00Z,79.72,2024-02-11T19:00:00+01:00,2024-02-11
2024-02-11T19:00:00Z,76.75,2024-02-11T20:00:00+01:00,2024-02-11
2024-02-11T20:00:00Z,70.72,2024-02-11T21:00:00+01:00,2024-02-11
2024-02-11T21:00:00Z,68.39,2024-02-11T22:00:00+01:00,2024-02-11
2024-02-11T22:00:00Z,64.01,2024-02-11T23:00:00+01:00,2024-02-11
2024-02-11T23:00:00Z,64.35,2024-02-12T00:00:00+01:00,2024-02-12
2024-02-12T00:00:00Z,61.59,2024-02-12T01:00:00+01:00,2024-02-12
2024-02-12T01:00:00Z,60.65,2024-02-12T02:00:00+01:00,2024-02-12
2024-02-12T02:00:00Z,59.39,2024-02-12T03:00:00+01:00,2024-02-12
2024-02-12T03:00:00Z,59.21,2024-02-12T04:00:00+01:00,2024-02-12
2024-02-12T04:00:00Z,65.0,2024-02-12T05:00:00+01:00,2024-02-12
2024-02-12T05:00:00Z,76.0,2024-02-12T06:00:00+01:00,2024-02-12
2024-02-12T06:00:00Z,85.41,2024-02-12T07:00:00+01:00,2024-02-12
2024-02-12T07:00:00Z,104.0,2024-02-12T08:00:00+01:00,2024-02-12
2024-02-12T08:00:00Z,96.5,2024-02-12T09:00:00+01:00,2024-02-12
2024-02-12T09:00:00Z,85.47,2024-02-12T10:00:00+01:00,2024-02-12
2024-02-12T10:00:00Z,79.14,2024-02-12T11:00:00+01:00,2024-02-12
2024-02-12T11:00:00Z,67.37,2024-02-12T12:00:00+01:00,2024-02-12
2024-02-12T12:00:00Z,63.75,2024-02-12T13:00:00+01:00,2024-02-12
2024-02-12T13:00:00Z,63.95,2024-02-12T14:00:00+01:00,2024-02-12
2024-02-12T14:00:00Z,66.4,2024-02-12T15:00:00+01:00,2024-02-12
2024-02-12T15:00:00Z,78.42,2024-02-12T16:00:00+01:00,2024-02-12
2024-02-12T16:00:00Z,93.9,2024-02-12T17:00:00+01:00,2024-02-12
2024-02-12T17:00:00Z,96.0,2024-02-12T18:00:00+01:00,2024-02-12
2024-02-12T18:00:00Z,89.08,2024-02-12T19:00:00+01:00,2024-02-12
2024-02-12T19:00:00Z,79.15,2024-02-12T20:00:00+01:00,2024-02-12
2024-02-12T20:00:00Z,71.54,2024-02-12T21:00:00+01:00,2024-02-12
2024-02-12T21:00:00Z,65.87,2024-02-12T22:00:00+01:00,2024-02-12
2024-02-12T22:00:00Z,61.9,2024-02-12T23:00:00+01:00,2024-02-12
2024-02-12T23:00:00Z,68.59,2024-02-13T00:00:00+01:00,2024-02-13
2024-02-13T00:00:00Z,65.37,2024-02-13T01:00:00+01:00,2024-02-13
2024-02-13T01:00:00Z,63.41,2024-02-13T02:00:00+01:00,2024-02-13
2024-02-13T02:00:00Z,60.49,2024-02-13T03:00:00+01:00,2024-02-13
2024-02-13T03:00:00Z,60.06,2024-02-13T04:00:00+01:00,2024-02-13
2024-02-13T04:00:00Z,63.59,2024-02-13T05:00:00+01:00,2024-02-13
2024-02-13T05:00:00Z,70.69,2024-02-13T06:00:00+01:00,2024-02-13
2024-02-13T06:00:00Z,82.18,2024-02-13T07:00:00+01:00,2024-02-13
2024-02-13T07:00:00Z,89.1,2024-02-13T08:00:00+01:00,2024-02-13
2024-02-13T08:00:00Z,75.12,2024-02-13T09:00:00+01:00,2024-02-13
2024-02-13T09:00:00Z,69.21,2024-02-13T10:00:00+01:00,2024-02-13
2024-02-13T10:00:00Z,63.87,2024-02-13T11:00:00+01:00,2024-02-13
2024-02-13T11:00:00Z,60.53,2024-02-13T12:00:00+01:00,2024-02-13
2024-02-13T12:00:00Z,60.26,2024-02-13T13:00:00+01:00,2024-02-13
2024-02-13T13:00:00Z,63.1,2024-02-13T14:00:00+01:00,2024-02-13
2024-02-13T14:00:00Z,70.7,2024-02-13T15:00:00+01:00,2024-02-13
2024-02-13T15:00:00Z,78.36,2024-02-13T16:00:00+01:00,2024-02-13
2024-02-13T16:00:00Z,95.01,2024-02-13T17:00:00+01:00,2024-02-13
2024-02-13T17:00:00Z,99.88,2024-02-13T18:00:00+01:00,2024-02-13
2024-02-13T18:00:00Z,90.99,2024-02-13T19:00:00+01:00,2024-02-13
2024-02-13T19:00:00Z,77.97,2024-02-13T20:00:00+01:00,2024-02-13
2024-02-13T20:00:00Z,71.86,2024-02-13T21:00:00+01:00,2024-02-13
2024-02-13T21:00:00Z,68.39,2024-02-13T22:00:00+01:00,2024-02-13
2024-02-13T22:00:00Z,64.74,2024-02-13T23:00:00+01:00,2024-02-13
2024-02-13T23:00:00Z,60.63,2024-02-14T00:00:00+01:00,2024-02-14
2024-02-14T00:00:00Z,59.34,2024-02-14T01:00:00+01:00,2024-02-14
2024-02-14T01:00:00Z,55.76,2024-02-14T02:00:00+01:00,2024-02-14
2024-02-14T02:00:00Z,54.79,2024-02-14T03:00:00+01:00,2024-02-14
2024-02-14T03:00:00Z,55.06,2024-02-14T04:00:00+01:00,2024-02-14
2024-02-14T04:00:00Z,58.43,2024-02-14T05:00:00+01:00,2024-02-14
2024-02-14T05:00:00Z,63.23,2024-02-14T06:00:00+01:00,2024-02-14
2024-02-14T06:00:00Z,72.74,2024-02-14T07:00:00+01:00,2024-02-14
2024-02-14T07:00:00Z,79.73,2024-02-14T08:00:00+01:00,2024-02-14
2024-02-14T08:00:00Z,69.65,2024-02-14T09:00:00+01:00,2024-02-14
2024-02-14T09:00:00Z,63.86,2024-02-14T10:00:00+01:00,2024-02-14
2024-02-14T10:00:00Z,63.29,2024-02-14T11:00:00+01:00,2024-02-14
2024-02-14T11:00:00Z,62.63,2024-02-14T12:00:00+01:00,2024-02-14
2024-02-14T12:00:00Z,63.82,2024-02-14T13:00:00+01:00,2024-02-14
2024-02-14T13:00:00Z,69.03,2024-02-14T14:00:00+01:00,2024-02-14
2024-02-14T14:00:00Z,72.23,2024-02-14T15:00:00+01:00,2024-02-14
2024-02-14T15:00:00Z,78.54,2024-02-14T16:00:00+01:00,2024-02-14
2024-02-14T16:00:00Z,82.97,2024-02-14T17:00:00+01:00,2024-02-14
2024-02-14T17:00:00Z,87.58,2024-02-14T18:00:00+01:00,2024-02-14
2024-02-14T18:00:00Z,84.47,2024-02-14T19:00:00+01:00,2024-02-14
2024-02-14T19:00:00Z,76.48,2024-02-14T20:00:00+01:00,2024-02-14
2024-02-14T20:00:00Z,69.68,2024-02-14T21:00:00+01:00,2024-02-14
2024-02-14T21:00:00Z,68.2,2024-02-14T22:00:00+01:00,2024-02-14
2024-02-14T22:00:00Z,63.8,2024-02-14T23:00:00+01:00,2024-02-14
2024-02-14T23:00:00Z,61.71,2024-02-15T00:00:00+01:00,2024-02-15
2024-02-15T00:00:00Z,61.13,2024-02-15T01:00:00+01:00,2024-02-15
2024-02-15T01:00:00Z,60.3,2024-02-15T02:00:00+01:00,2024-02-15
2024-02-15T02:00:00Z,59.75,2024-02-15T03:00:00+01:00,2024-02-15
2024-02-15T03:00:00Z,61.94,2024-02-15T04:00:00+01:00,2024-02-15
2024-02-15T04:00:00Z,66.06,2024-02-15T05:00:00+01:00,2024-02-15
2024-02-15T05:00:00Z,72.21,2024-02-15T06:00:00+01:00,2024-02-15
2024-02-15T06:00:00Z,81.57,2024-02-15T07:00:00+01:00,2024-02-15
2024-02-15T07:00:00Z,82.67,2024-02-15T08:00:00+01:00,2024-02-15
2024-02-15T08:00:00Z,78.76,2024-02-15T09:00:00+01:00,2024-02-15
2024-02-15T09:00:00Z,74.18,2024-02-15T10:00:00+01:00,2024-02-15
2024-02-15T10:00:00Z,69.96,2024-02-15T11:00:00+01:00,2024-02-15
2024-02-15T11:00:00Z,66.63,2024-02-15T12:00:00+01:00,2024-02-15
2024-02-15T12:00:00Z,66.19,2024-02-15T13:00:00+01:00,2024-02-15
2024-02-15T13:00:00Z,69.91,2024-02-15T14:00:00+01:00,2024-02-15
2024-02-15T14:00:00Z,75.05,2024-02-15T15:00:00+01:00,2024-02-15
2024-02-15T15:00:00Z,79.05,2024-02-15T16:00:00+01:00,2024-02-15
2024-02-15T16:00:00Z,87.0,2024-02-15T17:00:00+01:00,2024-02-15
2024-02-15T17:00:00Z,86.91,2024-02-15T18:00:00+01:00,2024-02-15
2024-02-15T18:00:00Z,75.61,2024-02-15T19:00:00+01:00,2024-02-15
2024-02-15T19:00:00Z,70.47,2024-02-15T20:00:00+01:00,2024-02-15
2024-02-15T20:00:00Z,62.97,2024-02-15T21:00:00+01:00,2024-02-15
2024-02-15T21:00:00Z,63.09,2024-02-15T22:00:00+01:00,2024-02-15
2024-02-15T22:00:00Z,58.91,2024-02-15T23:00:00+01:00,2024-02-15
2024-02-15T23:00:00Z,51.76,2024-02-16T00:00:00+01:00,2024-02-16
2024-02-16T00:00:00Z,51.08,2024-02-16T01:00:00+01:00,2024-02-16
2024-02-16T01:00:00Z,49.92,2024-02-16T02:00:00+01:00,2024-02-16
2024-02-16T02:00:00Z,48.81,2024-02-16T03:00:00+01:00,2024-02-16
2024-02-16T03:00:00Z,51.38,2024-02-16T04:00:00+01:00,2024-02-16
2024-02-16T04:00:00Z,53.53,2024-02-16T05:00:00+01:00,2024-02-16
2024-02-16T05:00:00Z,59.15,2024-02-16T06:00:00+01:00,2024-02-16
2024-02-16T06:00:00Z,69.39,2024-02-16T07:00:00+01:00,2024-02-16
2024-02-16T07:00:00Z,70.5,2024-02-16T08:00:00+01:00,2024-02-16
2024-02-16T08:00:00Z,64.84,2024-02-16T09:00:00+01:00,2024-02-16
2024-02-16T09:00:00Z,54.37,2024-02-16T10:00:00+01:00,2024-02-16
2024-02-16T10:00:00Z,53.0,2024-02-16T11:00:00+01:00,2024-02-16
2024-02-16T11:00:00Z,52.33,2024-02-16T12:00:00+01:00,2024-02-16
2024-02-16T12:00:00Z,52.31,2024-02-16T13:00:00+01:00,2024-02-16
2024-02-16T13:00:00Z,53.78,2024-02-16T14:00:00+01:00,2024-02-16
2024-02-16T14:00:00Z,62.59,2024-02-16T15:00:00+01:00,2024-02-16
2024-02-16T15:00:00Z,69.99,2024-02-16T16:00:00+01:00,2024-02-16
2024-02-16T16:00:00Z,72.58,2024-02-16T17:00:00+01:00,2024-02-16
2024-02-16T17:00:00Z,77.42,2024-02-16T18:00:00+01:00,2024-02-16
2024-02-16T18:00:00Z,76.78,2024-02-16T19:00:00+01:00,2024-02-16
2024-02-16T19:00:00Z,72.47,2024-02-16T20:00:00+01:00,2024-02-16
2024-02-16T20:00:00Z,69.4,2024-02-16T21:00:00+01:00,2024-02-16
2024-02-16T21:00:00Z,68.05,2024-02-16T22:00:00+01:00,2024-02-16
2024-02-16T22:00:00Z,60.02,2024-02-16T23:00:00+01:00,2024-02-16
2024-02-16T23:00:00Z,57.31,2024-02-17T00:00:00+01:00,2024-02-17
2024-02-17T00:00:00Z,57.0,2024-02-17T01:00:00+01:00,2024-02-17
2024-02-17T01:00:00Z,55.88,2024-02-17T02:00:00+01:00,2024-02-17
2024-02-17T02:00:00Z,54.66,2024-02-17T03:00:00+01:00,2024-02-17
2024-02-17T03:00:00Z,54.62,2024-02-17T04:00:00+01:00,2024-02-17
2024-02-17T04:00:00Z,55.48,2024-02-17T05:00:00+01:00,2024-02-17
2024-02-17T05:00:00Z,55.17,2024-02-17T06:00:00+01:00,2024-02-17
2024-02-17T06:00:00Z,56.9,2024-02-17T07:00:00+01:00,2024-02-17
2024-02-17T07:00:00Z,64.89,2024-02-17T08:00:00+01:00,2024-02-17
2024-02-17T08:00:00Z,63.29,2024-02-17T09:00:00+01:00,2024-02-17
2024-02-17T09:00:00Z,62.02,2024-02-17T10:00:00+01:00,2024-02-17
2024-02-17T10:00:00Z,60.69,2024-02-17T11:00:00+01:00,2024-02-17
2024-02-17T11:00:00Z,58.26,2024-02-17T12:00:00+01:00,2024-02-17
2024-02-17T12:00:00Z,55.25,2024-02-17T13:00:00+01:00,2024-02-17
2024-02-17T13:00:00Z,59.09,2024-02-17T14:00:00+01:00,2024-02-17
2024-02-17T14:00:00Z,68.83,2024-02-17T15:00:00+01:00,2024-02-17
2024-02-17T15:00:00Z,75.03,2024-02-17T16:00:00+01:00,2024-02-17
2024-02-17T16:00:00Z,87.93,2024-02-17T17:00:00+01:00,2024-02-17
2024-02-17T17:00:00Z,110.06,2024-02-17T18:00:00+01:00,2024-02-17
2024-02-17T18:00:00Z,90.28,2024-02-17T19:00:00+01:00,2024-02-17
2024-02-17T19:00:00Z,80.93,2024-02-17T20:00:00+01:00,2024-02-17
2024-02-17T20:00:00Z,74.57,2024-02-17T21:00:00+01:00,2024-02-17
2024-02-17T21:00:00Z,72.44,2024-02-17T22:00:00+01:00,2024-02-17
2024-02-17T22:00:00Z,69.11,2024-02-17T23:00:00+01:00,2024-02-17
2024-02-17T23:00:00Z,62.38,2024-02-18T00:00:00+01:00,2024-02-18
2024-02-18T00:00:00Z,54.81,2024-02-18T01:00:00+01:00,2024-02-18
2024-02-18T01:00:00Z,51.44,2024-02-18T02:00:00+01:00,2024-02-18
2024-02-18T02:00:00Z,50.32,2024-02-18T03:00:00+01:00,2024-02-18
2024-02-18T03:00:00Z,50.19,2024-02-18T04:00:00+01:00,2024-02-18
2024-02-18T04:00:00Z,48.47,2024-02-18T05:00:00+01:00,2024-02-18
2024-02-18T05:00:00Z,46.02,2024-02-18T06:00:00+01:00,2024-02-18
2024-02-18T06:00:00Z,48.97,2024-02-18T07:00:00+01:00,2024-02-18
2024-02-18T07:00:00Z,47.28,2024-02-18T08:00:00+01:00,2024-02-18
2024-02-18T08:00:00Z,43.03,2024-02-18T09:00:00+01:00,2024-02-18
2024-02-18T09:00:00Z,40.45,2024-02-18T10:00:00+01:00,2024-02-18
2024-02-18T10:00:00Z,41.0,2024-02-18T11:00:00+01:00,2024-02-18
2024-02-18T11:00:00Z,40.1,2024-02-18T12:00:00+01:00,2024-02-18
2024-02-18T12:00:00Z,39.88,2024-02-18T13:00:00+01:00,2024-02-18
2024-02-18T13:00:00Z,42.87,2024-02-18T14:00:00+01:00,2024-02-18
2024-02-18T14:00:00Z,54.29,2024-02-18T15:00:00+01:00,2024-02-18
2024-02-18T15:00:00Z,62.87,2024-02-18T16:00:00+01:00,2024-02-18
2024-02-18T16:00:00Z,72.0,2024-02-18T17:00:00+01:00,2024-02-18
2024-02-18T17:00:00Z,73.66,2024-02-18T18:00:00+01:00,2024-02-18
2024-02-18T18:00:00Z,70.59,2024-02-18T19:00:00+01:00,2024-02-18
2024-02-18T19:00:00Z,64.71,2024-02-18T20:00:00+01:00,2024-02-18
2024-02-18T20:00:00Z,59.83,2024-02-18T21:00:00+01:00,2024-02-18
2024-02-18T21:00:00Z,57.33,2024-02-18T22:00:00+01:00,2024-02-18
2024-02-18T22:00:00Z,53.94,2024-02-18T23:00:00+01:00,2024-02-18
2024-02-18T23:00:00Z,44.0,2024-02-19T00:00:00+01:00,2024-02-19
2024-02-19T00:00:00Z,43.04,2024-02-19T01:00:00+01:00,2024-02-19
2024-02-19T01:00:00Z,44.21,2024-02-19T02:00:00+01:00,2024-02-19
2024-02-19T02:00:00Z,43.91,2024-02-19T03:00:00+01:00,2024-02-19
2024-02-19T03:00:00Z,44.92,2024-02-19T04:00:00+01:00,2024-02-19
2024-02-19T04:00:00Z,51.57,2024-02-19T05:00:00+01:00,2024-02-19
2024-02-19T05:00:00Z,68.6,2024-02-19T06:00:00+01:00,2024-02-19
2024-02-19T06:00:00Z,79.09,2024-02-19T07:00:00+01:00,2024-02-19
2024-02-19T07:00:00Z,83.84,2024-02-19T08:00:00+01:00,2024-02-19
2024-02-19T08:00:00Z,75.03,2024-02-19T09:00:00+01:00,2024-02-19
2024-02-19T09:00:00Z,70.83,2024-02-19T10:00:00+01:00,2024-02-19
2024-02-19T10:00:00Z,69.13,2024-02-19T11:00:00+01:00,2024-02-19
2024-02-19T11:00:00Z,62.47,2024-02-19T12:00:00+01:00,2024-02-19
2024-02-19T12:00:00Z,60.99,2024-02-19T13:00:00+01:00,2024-02-19
2024-02-19T13:00:00Z,65.96,2024-02-19T14:00:00+01:00,2024-02-19
2024-02-19T14:00:00Z,69.28,2024-02-19T15:00:00+01:00,2024-02-19
2024-02-19T15:00:00Z,71.51,2024-02-19T16:00:00+01:00,2024-02-19
2024-02-19T16:00:00Z,76.25,2024-02-19T17:00:00+01:00,2024-02-19
2024-02-19T17:00:00Z,97.65,2024-02-19T18:00:00+01:00,2024-02-19
2024-02-19T18:00:00Z,79.98,2024-02-19T19:00:00+01:00,2024-02-19
2024-02-19T19:00:00Z,71.86,2024-02-19T20:00:00+01:00,2024-02-19
2024-02-19T20:00:00Z,67.47,2024-02-19T21:00:00+01:00,2024-02-19
2024-02-19T21:00:00Z,66.27,2024-02-19T22:00:00+01:00,2024-02-19
2024-02-19T22:00:00Z,59.07,2024-02-19T23:00:00+01:00,2024-02-19
2024-02-19T23:00:00Z,58.06,2024-02-20T00:00:00+01:00,2024-02-20
2024-02-20T00:00:00Z,54.32,2024-02-20T01:00:00+01:00,2024-02-20
2024-02-20T01:00:00Z,53.96,2024-02-20T02:00:00+01:00,2024-02-20
2024-02-20T02:00:00Z,53.48,2024-02-20T03:00:00+01:00,2024-02-20
2024-02-20T03:00:00Z,52.99,2024-02-20T04:00:00+01:00,2024-02-20
2024-02-20T04:00:00Z,54.79,2024-02-20T05:00:00+01:00,2024-02-20
2024-02-20T05:00:00Z,70.53,2024-02-20T06:00:00+01:00,2024-02-20
2024-02-20T06:00:00Z,88.4,2024-02-20T07:00:00+01:00,2024-02-20
2024-02-20T07:00:00Z,90.89,2024-02-20T08:00:00+01:00,2024-02-20
2024-02-20T08:00:00Z,78.55,2024-02-20T09:00:00+01:00,2024-02-20
2024-02-20T09:00:00Z,69.84,2024-02-20T10:00:00+01:00,2024-02-20
2024-02-20T10:00:00Z,60.88,2024-02-20T11:00:00+01:00,2024-02-20
2024-02-20T11:00:00Z,53.52,2024-02-20T12:00:00+01:00,2024-02-20
2024-02-20T12:00:00Z,51.42,2024-02-20T13:00:00+01:00,2024-02-20
2024-02-20T13:00:00Z,51.79,2024-02-20T14:00:00+01:00,2024-02-20
2024-02-20T14:00:00Z,56.16,2024-02-20T15:00:00+01:00,2024-02-20
2024-02-20T15:00:00Z,63.08,2024-02-20T16:00:00+01:00,2024-02-20
2024-02-20T16:00:00Z,70.54,2024-02-20T17:00:00+01:00,2024-02-20
2024-02-20T17:00:00Z,71.25,2024-02-20T18:00:00+01:00,2024-02-20
2024-02-20T18:00:00Z,73.47,2024-02-20T19:00:00+01:00,2024-02-20
2024-02-20T19:00:00Z,68.48,2024-02-20T20:00:00+01:00,2024-02-20
2024-02-20T20:00:00Z,61.33,2024-02-20T21:00:00+01:00,2024-02-20
2024-02-20T21:00:00Z,56.86,2024-02-20T22:00:00+01:00,2024-02-20
2024-02-20T22:00:00Z,52.77,2024-02-20T23:00:00+01:00,2024-02-20
2024-02-20T23:00:00Z,50.65,2024-02-21T00:00:00+01:00,2024-02-21
2024-02-21T00:00:00Z,48.47,2024-02-21T01:00:00+01:00,2024-02-21
2024-02-21T01:00:00Z,46.84,2024-02-21T02:00:00+01:00,2024-02-21
2024-02-21T02:00:00Z,44.77,2024-02-21T03:00:00+01:00,2024-02-21
2024-02-21T03:00:00Z,45.39,2024-02-21T04:00:00+01:00,2024-02-21
2024-02-21T04:00:00Z,50.03,2024-02-21T05:00:00+01:00,2024-02-21
2024-02-21T05:00:00Z,66.0,2024-02-21T06:00:00+01:00,2024-02-21
2024-02-21T06:00:00Z,81.34,2024-02-21T07:00:00+01:00,2024-02-21
2024-02-21T07:00:00Z,85.11,2024-02-21T08:00:00+01:00,2024-02-21
2024-02-21T08:00:00Z,70.34,2024-02-21T09:00:00+01:00,2024-02-21
2024-02-21T09:00:00Z,64.1,2024-02-21T10:00:00+01:00,2024-02-21
2024-02-21T10:00:00Z,60.39,2024-02-21T11:00:00+01:00,2024-02-21
2024-02-21T11:00:00Z,53.01,2024-02-21T12:00:00+01:00,2024-02-21
2024-02-21T12:00:00Z,51.22,2024-02-21T13:00:00+01:00,2024-02-21
2024-02-21T13:00:00Z,53.77,2024-02-21T14:00:00+01:00,2024-02-21
2024-02-21T14:00:00Z,65.6,2024-02-21T15:00:00+01:00,2024-02-21
2024-02-21T15:00:00Z,69.92,2024-02-21T16:00:00+01:00,2024-02-21
2024-02-21T16:00:00Z,69.63,2024-02-21T17:00:00+01:00,2024-02-21
2024-02-21T17:00:00Z,68.58,2024-02-21T18:00:00+01:00,2024-02-21
2024-02-21T18:00:00Z,61.39,2024-02-21T19:00:00+01:00,2024-02-21
2024-02-21T19:00:00Z,52.11,2024-02-21T20:00:00+01:00,2024-02-21
2024-02-21T20:00:00Z,45.98,2024-02-21T21:00:00+01:00,2024-02-21
2024-02-21T21:00:00Z,41.71,2024-02-21T22:00:00+01:00,2024-02-21
2024-02-21T22:00:00Z,35.22,2024-02-21T23:00:00+01:00,2024-02-21
2024-02-21T23:00:00Z,30.47,2024-02-22T00:00:00+01:00,2024-02-22
2024-02-22T00:00:00Z,27.01,2024-02-22T01:00:00+01:00,2024-02-22
2024-02-22T01:00:00Z,27.07,2024-02-22T02:00:00+01:00,2024-02-22
2024-02-22T02:00:00Z,27.95,2024-02-22T03:00:00+01:00,2024-02-22
2024-02-22T03:00:00Z,37.0,2024-02-22T04:00:00+01:00,2024-02-22
2024-02-22T04:00:00Z,48.05,2024-02-22T05:00:00+01:00,2024-02-22
2024-02-22T05:00:00Z,66.09,2024-02-22T06:00:00+01:00,2024-02-22
2024-02-22T06:00:00Z,76.53,2024-02-22T07:00:00+01:00,2024-02-22
2024-02-22T07:00:00Z,81.91,2024-02-22T08:00:00+01:00,2024-02-22
2024-02-22T08:00:00Z,74.09,2024-02-22T09:00:00+01:00,2024-02-22
2024-02-22T09:00:00Z,71.95,2024-02-22T10:00:00+01:00,2024-02-22
2024-02-22T10:00:00Z,68.53,2024-02-22T11:00:00+01:00,2024-02-22
2024-02-22T11:00:00Z,68.77,2024-02-22T12:00:00+01:00,2024-02-22
2024-02-22T12:00:00Z,68.98,2024-02-22T13:00:00+01:00,2024-02-22
2024-02-22T13:00:00Z,64.65,2024-02-22T14:00:00+01:00,2024-02-22
2024-02-22T14:00:00Z,64.75,2024-02-22T15:00:00+01:00,2024-02-22
2024-02-22T15:00:00Z,63.25,2024-02-22T16:00:00+01:00,2024-02-22
2024-02-22T16:00:00Z,61.76,2024-02-22T17:00:00+01:00,2024-02-22
2024-02-22T17:00:00Z,59.91,2024-02-22T18:00:00+01:00,2024-02-22
2024-02-22T18:00:00Z,52.42,2024-02-22T19:00:00+01:00,2024-02-22
2024-02-22T19:00:00Z,42.45,2024-02-22T20:00:00+01:00,2024-02-22
2024-02-22T20:00:00Z,24.48,2024-02-22T21:00:00+01:00,2024-02-22
2024-02-22T21:00:00Z,12.06,2024-02-22T22:00:00+01:00,2024-02-22
2024-02-22T22:00:00Z,1.91,2024-02-22T23:00:00+01:00,2024-02-22
2024-02-22T23:00:00Z,9.23,2024-02-23T00:00:00+01:00,2024-02-23
2024-02-23T00:00:00Z,1.07,2024-02-23T01:00:00+01:00,2024-02-23
2024-02-23T01:00:00Z,1.19,2024-02-23T02:00:00+01:00,2024-02-23
2024-02-23T02:00:00Z,0.09,2024-02-23T03:00:00+01:00,2024-02-23
2024-02-23T03:00:00Z,0.02,2024-02-23T04:00:00+01:00,2024-02-23
2024-02-23T04:00:00Z,0.09,2024-02-23T05:00:00+01:00,2024-02-23
2024-02-23T05:00:00Z,39.68,2024-02-23T06:00:00+01:00,2024-02-23
2024-02-23T06:00:00Z,57.06,2024-02-23T07:00:00+01:00,2024-02-23
2024-02-23T07:00:00Z,59.35,2024-02-23T08:00:00+01:00,2024-02-23
2024-02-23T08:00:00Z,51.69,2024-02-23T09:00:00+01:00,2024-02-23
2024-02-23T09:00:00Z,46.64,2024-02-23T10:00:00+01:00,2024-02-23
2024-02-23T10:00:00Z,41.65,2024-02-23T11:00:00+01:00,2024-02-23
2024-02-23T11:00:00Z,37.1,2024-02-23T12:00:00+01:00,2024-02-23
2024-02-23T12:00:00Z,33.6,2024-02-23T13:00:00+01:00,2024-02-23
2024-02-23T13:00:00Z,39.08,2024-02-23T14:00:00+01:00,2024-02-23
2024-02-23T14:00:00Z,49.51,2024-02-23T15:00:00+01:00,2024-02-23
2024-02-23T15:00:00Z,63.08,2024-02-23T16:00:00+01:00,2024-02-23
2024-02-23T16:00:00Z,73.8,2024-02-23T17:00:00+01:00,2024-02-23
2024-02-23T17:00:00Z,86.44,2024-02-23T18:00:00+01:00,2024-02-23
2024-02-23T18:00:00Z,84.01,2024-02-23T19:00:00+01:00,2024-02-23
2024-02-23T19:00:00Z,72.97,2024-02-23T20:00:00+01:00,2024-02-23
2024-02-23T20:00:00Z,69.26,2024-02-23T21:00:00+01:00,2024-02-23
2024-02-23T21:00:00Z,67.98,2024-02-23T22:00:00+01:00,2024-02-23
2024-02-23T22:00:00Z,65.1,2024-02-23T23:00:00+01:00,2024-02-23
2024-02-23T23:00:00Z,66.47,2024-02-24T00:00:00+01:00,2024-02-24
2024-02-24T00:00:00Z,63.9,2024-02-24T01:00:00+01:00,2024-02-24
2024-02-24T01:00:00Z,59.5,2024-02-24T02:00:00+01:00,2024-02-24
2024-02-24T02:00:00Z,55.2,2024-02-24T03:00:00+01:00,2024-02-24
2024-02-24T03:00:00Z,55.39,2024-02-24T04:00:00+01:00,2024-02-24
2024-02-24T04:00:00Z,57.1,2024-02-24T05:00:00+01:00,2024-02-24
2024-02-24T05:00:00Z,61.67,2024-02-24T06:00:00+01:00,2024-02-24
2024-02-24T06:00:00Z,66.11,2024-02-24T07:00:00+01:00,2024-02-24
2024-02-24T07:00:00Z,64.4,2024-02-24T08:00:00+01:00,2024-02-24
2024-02-24T08:00:00Z,57.6,2024-02-24T09:00:00+01:00,2024-02-24
2024-02-24T09:00:00Z,49.16,2024-02-24T10:00:00+01:00,2024-02-24
2024-02-24T10:00:00Z,45.84,2024-02-24T11:00:00+01:00,2024-02-24
2024-02-24T11:00:00Z,40.32,2024-02-24T12:00:00+01:00,2024-02-24
2024-02-24T12:00:00Z,32.22,2024-02-24T13:00:00+01:00,2024-02-24
2024-02-24T13:00:00Z,37.6,2024-02-24T14:00:00+01:00,2024-02-24
2024-02-24T14:00:00Z,45.0,2024-02-24T15:00:00+01:00,2024-02-24
2024-02-24T15:00:00Z,55.95,2024-02-24T16:00:00+01:00,2024-02-24
2024-02-24T16:00:00Z,71.67,2024-02-24T17:00:00+01:00,2024-02-24
2024-02-24T17:00:00Z,80.0,2024-02-24T18:00:00+01:00,2024-02-24
2024-02-24T18:00:00Z,74.13,2024-02-24T19:00:00+01:00,2024-02-24
2024-02-24T19:00:00Z,65.17,2024-02-24T20:00:00+01:00,2024-02-24
2024-02-24T20:00:00Z,59.94,2024-02-24T21:00:00+01:00,2024-02-24
2024-02-24T21:00:00Z,56.22,2024-02-24T22:00:00+01:00,2024-02-24
2024-02-24T22:00:00Z,52.2,2024-02-24T23:00:00+01:00,2024-02-24
2024-02-24T23:00:00Z,56.57,2024-02-25T00:00:00+01:00,2024-02-25
2024-02-25T00:00:00Z,55.44,2024-02-25T01:00:00+01:00,2024-02-25
2024-02-25T01:00:00Z,55.38,2024-02-25T02:00:00+01:00,2024-02-25
2024-02-25T02:00:00Z,54.89,2024-02-25T03:00:00+01:00,2024-02-25
2024-02-25T03:00:00Z,55.19,2024-02-25T04:00:00+01:00,2024-02-25
2024-02-25T04:00:00Z,55.07,2024-02-25T05:00:00+01:00,2024-02-25
2024-02-25T05:00:00Z,56.71,2024-02-25T06:00:00+01:00,2024-02-25
2024-02-25T06:00:00Z,59.92,2024-02-25T07:00:00+01:00,2024-02-25
2024-02-25T07:00:00Z,61.58,2024-02-25T08:00:00+01:00,2024-02-25
2024-02-25T08:00:00Z,61.82,2024-02-25T09:00:00+01:00,2024-02-25
2024-02-25T09:00:00Z,56.31,2024-02-25T10:00:00+01:00,2024-02-25
2024-02-25T10:00:00Z,54.12,2024-02-25T11:00:00+01:00,2024-02-25
2024-02-25T11:00:00Z,50.0,2024-02-25T12:00:00+01:00,2024-02-25
2024-02-25T12:00:00Z,46.03,2024-02-25T13:00:00+01:00,2024-02-25
2024-02-25T13:00:00Z,49.84,2024-02-25T14:00:00+01:00,2024-02-25
2024-02-25T14:00:00Z,55.0,2024-02-25T15:00:00+01:00,2024-02-25
2024-02-25T15:00:00Z,67.8,2024-02-25T16:00:00+01:00,2024-02-25
2024-02-25T16:00:00Z,82.19,2024-02-25T17:00:00+01:00,2024-02-25
2024-02-25T17:00:00Z,93.69,2024-02-25T18:00:00+01:00,2024-02-25
2024-02-25T18:00:00Z,79.18,2024-02-25T19:00:00+01:00,2024-02-25
2024-02-25T19:00:00Z,69.99,2024-02-25T20:00:00+01:00,2024-02-25
2024-02-25T20:00:00Z,65.92,2024-02-25T21:00:00+01:00,2024-02-25
2024-02-25T21:00:00Z,65.23,2024-02-25T22:00:00+01:00,2024-02-25
2024-02-25T22:00:00Z,58.38,2024-02-25T23:00:00+01:00,2024-02-25
2024-02-25T23:00:00Z,57.83,2024-02-26T00:00:00+01:00,2024-02-26
2024-02-26T00:00:00Z,56.82,2024-02-26T01:00:00+01:00,2024-02-26
2024-02-26T01:00:00Z,55.7,2024-02-26T02:00:00+01:00,2024-02-26
2024-02-26T02:00:00Z,51.8,2024-02-26T03:00:00+01:00,2024-02-26
2024-02-26T03:00:00Z,53.3,2024-02-26T04:00:00+01:00,2024-02-26
2024-02-26T04:00:00Z,57.92,2024-02-26T05:00:00+01:00,2024-02-26
2024-02-26T05:00:00Z,70.02,2024-02-26T06:00:00+01:00,2024-02-26
2024-02-26T06:00:00Z,79.9,2024-02-26T07:00:00+01:00,2024-02-26
2024-02-26T07:00:00Z,81.6,2024-02-26T08:00:00+01:00,2024-02-26
2024-02-26T08:00:00Z,73.83,2024-02-26T09:00:00+01:00,2024-02-26
2024-02-26T09:00:00Z,66.65,2024-02-26T10:00:00+01:00,2024-02-26
2024-02-26T10:00:00Z,65.03,2024-02-26T11:00:00+01:00,2024-02-26
2024-02-26T11:00:00Z,58.42,2024-02-26T12:00:00+01:00,2024-02-26
2024-02-26T12:00:00Z,58.19,2024-02-26T13:00:00+01:00,2024-02-26
2024-02-26T13:00:00Z,61.29,2024-02-26T14:00:00+01:00,2024-02-26
2024-02-26T14:00:00Z,64.95,2024-02-26T15:00:00+01:00,2024-02-26
2024-02-26T15:00:00Z,69.99,2024-02-26T16:00:00+01:00,2024-02-26
2024-02-26T16:00:00Z,77.0,2024-02-26T17:00:00+01:00,2024-02-26
2024-02-26T17:00:00Z,85.32,2024-02-26T18:00:00+01:00,2024-02-26
2024-02-26T18:00:00Z,81.01,2024-02-26T19:00:00+01:00,2024-02-26
2024-02-26T19:00:00Z,72.21,2024-02-26T20:00:00+01:00,2024-02-26
2024-02-26T20:00:00Z,65.69,2024-02-26T21:00:00+01:00,2024-02-26
2024-02-26T21:00:00Z,65.21,2024-02-26T22:00:00+01:00,2024-02-26
2024-02-26T22:00:00Z,60.76,2024-02-26T23:00:00+01:00,2024-02-26
2024-02-26T23:00:00Z,57.62,2024-02-27T00:00:00+01:00,2024-02-27
2024-02-27T00:00:00Z,57.55,2024-02-27T01:00:00+01:00,2024-02-27
2024-02-27T01:00:00Z,57.35,2024-02-27T02:00:00+01:00,2024-02-27
2024-02-27T02:00:00Z,56.87,2024-02-27T03:00:00+01:00,2024-02-27
2024-02-27T03:00:00Z,57.35,2024-02-27T04:00:00+01:00,2024-02-27
2024-02-27T04:00:00Z,63.1,2024-02-27T05:00:00+01:00,2024-02-27
2024-02-27T05:00:00Z,74.31,2024-02-27T06:00:00+01:00,2024-02-27
2024-02-27T06:00:00Z,95.63,2024-02-27T07:00:00+01:00,2024-02-27
2024-02-27T07:00:00Z,95.78,2024-02-27T08:00:00+01:00,2024-02-27
2024-02-27T08:00:00Z,80.81,2024-02-27T09:00:00+01:00,2024-02-27
2024-02-27T09:00:00Z,68.71,2024-02-27T10:00:00+01:00,2024-02-27
2024-02-27T10:00:00Z,64.93,2024-02-27T11:00:00+01:00,2024-02-27
2024-02-27T11:00:00Z,59.26,2024-02-27T12:00:00+01:00,2024-02-27
2024-02-27T12:00:00Z,59.25,2024-02-27T13:00:00+01:00,2024-02-27
2024-02-27T13:00:00Z,64.71,2024-02-27T14:00:00+01:00,2024-02-27
2024-02-27T14:00:00Z,72.06,2024-02-27T15:00:00+01:00,2024-02-27
2024-02-27T15:00:00Z,79.82,2024-02-27T16:00:00+01:00,2024-02-27
2024-02-27T16:00:00Z,98.02,2024-02-27T17:00:00+01:00,2024-02-27
2024-02-27T17:00:00Z,111.8,2024-02-27T18:00:00+01:00,2024-02-27
2024-02-27T18:00:00Z,105.17,2024-02-27T19:00:00+01:00,2024-02-27
2024-02-27T19:00:00Z,84.36,2024-02-27T20:00:00+01:00,2024-02-27
2024-02-27T20:00:00Z,72.37,2024-02-27T21:00:00+01:00,2024-02-27
2024-02-27T21:00:00Z,70.27,2024-02-27T22:00:00+01:00,2024-02-27
2024-02-27T22:00:00Z,64.97,2024-02-27T23:00:00+01:00,2024-02-27
2024-02-27T23:00:00Z,60.36,2024-02-28T00:00:00+01:00,2024-02-28
2024-02-28T00:00:00Z,59.4,2024-02-28T01:00:00+01:00,2024-02-28
2024-02-28T01:00:00Z,61.34,2024-02-28T02:00:00+01:00,2024-02-28
2024-02-28T02:00:00Z,63.46,2024-02-28T03:00:00+01:00,2024-02-28
2024-02-28T03:00:00Z,63.74,2024-02-28T04:00:00+01:00,2024-02-28
2024-02-28T04:00:00Z,67.44,2024-02-28T05:00:00+01:00,2024-02-28
2024-02-28T05:00:00Z,74.3,2024-02-28T06:00:00+01:00,2024-02-28
2024-02-28T06:00:00Z,98.89,2024-02-28T07:00:00+01:00,2024-02-28
2024-02-28T07:00:00Z,104.49,2024-02-28T08:00:00+01:00,2024-02-28
2024-02-28T08:00:00Z,85.46,2024-02-28T09:00:00+01:00,2024-02-28
2024-02-28T09:00:00Z,73.99,2024-02-28T10:00:00+01:00,2024-02-28
2024-02-28T10:00:00Z,67.55,2024-02-28T11:00:00+01:00,2024-02-28
2024-02-28T11:00:00Z,63.93,2024-02-28T12:00:00+01:00,2024-02-28
2024-02-28T12:00:00Z,60.72,2024-02-28T13:00:00+01:00,2024-02-28
2024-02-28T13:00:00Z,61.51,2024-02-28T14:00:00+01:00,2024-02-28
2024-02-28T14:00:00Z,70.43,2024-02-28T15:00:00+01:00,2024-02-28
2024-02-28T15:00:00Z,74.96,2024-02-28T16:00:00+01:00,2024-02-28
2024-02-28T16:00:00Z,93.04,2024-02-28T17:00:00+01:00,2024-02-28
2024-02-28T17:00:00Z,93.24,2024-02-28T18:00:00+01:00,2024-02-28
2024-02-28T18:00:00Z,78.29,2024-02-28T19:00:00+01:00,2024-02-28
2024-02-28T19:00:00Z,65.44,2024-02-28T20:00:00+01:00,2024-02-28
2024-02-28T20:00:00Z,62.59,2024-02-28T21:00:00+01:00,2024-02-28
2024-02-28T21:00:00Z,64.02,2024-02-28T22:00:00+01:00,2024-02-28
2024-02-28T22:00:00Z,55.12,2024-02-28T23:00:00+01:00,2024-02-28
2024-02-28T23:00:00Z,55.11,2024-02-29T00:00:00+01:00,2024-02-29
2024-02-29T00:00:00Z,53.33,2024-02-29T01:00:00+01:00,2024-02-29
2024-02-29T01:00:00Z,50.06,2024-02-29T02:00:00+01:00,2024-02-29
2024-02-29T02:00:00Z,47.03,2024-02-29T03:00:00+01:00,2024-02-29
2024-02-29T03:00:00Z,47.15,2024-02-29T04:00:00+01:00,2024-02-29
2024-02-29T04:00:00Z,53.32,2024-02-29T05:00:00+01:00,2024-02-29
2024-02-29T05:00:00Z,62.03,2024-02-29T06:00:00+01:00,2024-02-29
2024-02-29T06:00:00Z,73.74,2024-02-29T07:00:00+01:00,2024-02-29
2024-02-29T07:00:00Z,73.89,2024-02-29T08:00:00+01:00,2024-02-29
2024-02-29T08:00:00Z,70.39,2024-02-29T09:00:00+01:00,2024-02-29
2024-02-29T09:00:00Z,60.47,2024-02-29T10:00:00+01:00,2024-02-29
2024-02-29T10:00:00Z,55.01,2024-02-29T11:00:00+01:00,2024-02-29
2024-02-29T11:00:00Z,53.98,2024-02-29T12:00:00+01:00,2024-02-29
2024-02-29T12:00:00Z,56.02,2024-02-29T13:00:00+01:00,2024-02-29
2024-02-29T13:00:00Z,55.07,2024-02-29T14:00:00+01:00,2024-02-29
2024-02-29T14:00:00Z,64.96,2024-02-29T15:00:00+01:00,2024-02-29
2024-02-29T15:00:00Z,70.98,2024-02-29T16:00:00+01:00,2024-02-29
2024-02-29T16:00:00Z,81.28,2024-02-29T17:00:00+01:00,2024-02-29
2024-02-29T17:00:00Z,86.26,2024-02-29T18:00:00+01:00,2024-02-29
2024-02-29T18:00:00Z,80.99,2024-02-29T19:00:00+01:00,2024-02-29
2024-02-29T19:00:00Z,72.77,2024-02-29T20:00:00+01:00,2024-02-29
2024-02-29T20:00:00Z,67.25,2024-02-29T21:00:00+01:00,2024-02-29
2024-02-29T21:00:00Z,64.9,2024-02-29T22:00:00+01:00,2024-02-29
2024-02-29T22:00:00Z,60.9,2024-02-29T23:00:00+01:00,2024-02-29
2024-02-29T23:00:00Z,62.04,2024-03-01T00:00:00+01:00,2024-03-01
2024-03-01T00:00:00Z,61.42,2024-03-01T01:00:00+01:00,2024-03-01
2024-03-01T01:00:00Z,58.14,2024-03-01T02:00:00+01:00,2024-03-01
2024-03-01T02:00:00Z,57.83,2024-03-01T03:00:00+01:00,2024-03-01
2024-03-01T03:00:00Z,58.3,2024-03-01T04:00:00+01:00,2024-03-01
2024-03-01T04:00:00Z,62.49,2024-03-01T05:00:00+01:00,2024-03-01
2024-03-01T05:00:00Z,71.58,2024-03-01T06:00:00+01:00,2024-03-01
2024-03-01T06:00:00Z,79.36,2024-03-01T07:00:00+01:00,2024-03-01
2024-03-01T07:00:00Z,83.79,2024-03-01T08:00:00+01:00,2024-03-01
2024-03-01T08:00:00Z,75.88,2024-03-01T09:00:00+01:00,2024-03-01
2024-03-01T09:00:00Z,66.52,2024-03-01T10:00:00+01:00,2024-03-01
2024-03-01T10:00:00Z,64.76,2024-03-01T11:00:00+01:00,2024-03-01
2024-03-01T11:00:00Z,63.08,2024-03-01T12:00:00+01:00,2024-03-01
2024-03-01T12:00:00Z,64.63,2024-03-01T13:00:00+01:00,2024-03-01
2024-03-01T13:00:00Z,67.11,2024-03-01T14:00:00+01:00,2024-03-01
2024-03-01T14:00:00Z,72.57,2024-03-01T15:00:00+01:00,2024-03-01
2024-03-01T15:00:00Z,78.94,2024-03-01T16:00:00+01:00,2024-03-01
2024-03-01T16:00:00Z,89.4,2024-03-01T17:00:00+01:00,2024-03-01
2024-03-01T17:00:00Z,93.73,2024-03-01T18:00:00+01:00,2024-03-01
2024-03-01T18:00:00Z,87.19,2024-03-01T19:00:00+01:00,2024-03-01
2024-03-01T19:00:00Z,77.49,2024-03-01T20:00:00+01:00,2024-03-01
2024-03-01T20:00:00Z,71.62,2024-03-01T21:00:00+01:00,2024-03-01
2024-03-01T21:00:00Z,70.06,2024-03-01T22:00:00+01:00,2024-03-01
2024-03-01T22:00:00Z,66.39,2024-03-01T23:00:00+01:00,2024-03-01
2024-03-01T23:00:00Z,59.95,2024-03-02T00:00:00+01:00,2024-03-02
2024-03-02T00:00:00Z,56.03,2024-03-02T01:00:00+01:00,2024-03-02
2024-03-02T01:00:00Z,56.02,2024-03-02T02:00:00+01:00,2024-03-02
2024-03-02T02:00:00Z,55.48,2024-03-02T03:00:00+01:00,2024-03-02
2024-03-02T03:00:00Z,54.88,2024-03-02T04:00:00+01:00,2024-03-02
2024-03-02T04:00:00Z,55.99,2024-03-02T05:00:00+01:00,2024-03-02
2024-03-02T05:00:00Z,56.58,2024-03-02T06:00:00+01:00,2024-03-02
2024-03-02T06:00:00Z,60.67,2024-03-02T07:00:00+01:00,2024-03-02
2024-03-02T07:00:00Z,63.76,2024-03-02T08:00:00+01:00,2024-03-02
2024-03-02T08:00:00Z,65.75,2024-03-02T09:00:00+01:00,2024-03-02
2024-03-02T09:00:00Z,60.44,2024-03-02T10:00:00+01:00,2024-03-02
2024-03-02T10:00:00Z,59.18,2024-03-02T11:00:00+01:00,2024-03-02
2024-03-02T11:00:00Z,55.83,2024-03-02T12:00:00+01:00,2024-03-02
2024-03-02T12:00:00Z,54.9,2024-03-02T13:00:00+01:00,2024-03-02
2024-03-02T13:00:00Z,59.86,2024-03-02T14:00:00+01:00,2024-03-02
2024-03-02T14:00:00Z,66.08,2024-03-02T15:00:00+01:00,2024-03-02
2024-03-02T15:00:00Z,73.0,2024-03-02T16:00:00+01:00,2024-03-02
2024-03-02T16:00:00Z,80.63,2024-03-02T17:00:00+01:00,2024-03-02
2024-03-02T17:00:00Z,93.6,2024-03-02T18:00:00+01:00,2024-03-02
2024-03-02T18:00:00Z,89.9,2024-03-02T19:00:00+01:00,2024-03-02
2024-03-02T19:00:00Z,76.98,2024-03-02T20:00:00+01:00,2024-03-02
2024-03-02T20:00:00Z,69.81,2024-03-02T21:00:00+01:00,2024-03-02
2024-03-02T21:00:00Z,60.94,2024-03-02T22:00:00+01:00,2024-03-02
2024-03-02T22:00:00Z,54.99,2024-03-02T23:00:00+01:00,2024-03-02
2024-03-02T23:00:00Z,54.5,2024-03-03T00:00:00+01:00,2024-03-03
2024-03-03T00:00:00Z,53.63,2024-03-03T01:00:00+01:00,2024-03-03
2024-03-03T01:00:00Z,53.8,2024-03-03T02:00:00+01:00,2024-03-03
2024-03-03T02:00:00Z,55.59,2024-03-03T03:00:00+01:00,2024-03-03
2024-03-03T03:00:00Z,55.31,2024-03-03T04:00:00+01:00,2024-03-03
2024-03-03T04:00:00Z,55.82,2024-03-03T05:00:00+01:00,2024-03-03
2024-03-03T05:00:00Z,56.0,2024-03-03T06:00:00+01:00,2024-03-03
2024-03-03T06:00:00Z,56.88,2024-03-03T07:00:00+01:00,2024-03-03
2024-03-03T07:00:00Z,54.77,2024-03-03T08:00:00+01:00,2024-03-03
2024-03-03T08:00:00Z,53.99,2024-03-03T09:00:00+01:00,2024-03-03
2024-03-03T09:00:00Z,52.01,2024-03-03T10:00:00+01:00,2024-03-03
2024-03-03T10:00:00Z,49.46,2024-03-03T11:00:00+01:00,2024-03-03
2024-03-03T11:00:00Z,47.51,2024-03-03T12:00:00+01:00,2024-03-03
2024-03-03T12:00:00Z,42.51,2024-03-03T13:00:00+01:00,2024-03-03
2024-03-03T13:00:00Z,46.84,2024-03-03T14:00:00+01:00,2024-03-03
2024-03-03T14:00:00Z,54.13,2024-03-03T15:00:00+01:00,2024-03-03
2024-03-03T15:00:00Z,60.28,2024-03-03T16:00:00+01:00,2024-03-03
2024-03-03T16:00:00Z,75.58,2024-03-03T17:00:00+01:00,2024-03-03
2024-03-03T17:00:00Z,84.36,2024-03-03T18:00:00+01:00,2024-03-03
2024-03-03T18:00:00Z,86.96,2024-03-03T19:00:00+01:00,2024-03-03
2024-03-03T19:00:00Z,81.8,2024-03-03T20:00:00+01:00,2024-03-03
2024-03-03T20:00:00Z,75.0,2024-03-03T21:00:00+01:00,2024-03-03
2024-03-03T21:00:00Z,72.18,2024-03-03T22:00:00+01:00,2024-03-03
2024-03-03T22:00:00Z,72.42,2024-03-03T23:00:00+01:00,2024-03-03
2024-03-03T23:00:00Z,69.13,2024-03-04T00:00:00+01:00,2024-03-04
2024-03-04T00:00:00Z,67.9,2024-03-04T01:00:00+01:00,2024-03-04
2024-03-04T01:00:00Z,67.41,2024-03-04T02:00:00+01:00,2024-03-04
2024-03-04T02:00:00Z,66.22,2024-03-04T03:00:00+01:00,2024-03-04
2024-03-04T03:00:00Z,65.59,2024-03-04T04:00:00+01:00,2024-03-04
2024-03-04T04:00:00Z,70.83,2024-03-04T05:00:00+01:00,2024-03-04
2024-03-04T05:00:00Z,81.18,2024-03-04T06:00:00+01:00,2024-03-04
2024-03-04T06:00:00Z,96.67,2024-03-04T07:00:00+01:00,2024-03-04
2024-03-04T07:00:00Z,102.97,2024-03-04T08:00:00+01:00,2024-03-04
2024-03-04T08:00:00Z,85.02,2024-03-04T09:00:00+01:00,2024-03-04
2024-03-04T09:00:00Z,71.93,2024-03-04T10:00:00+01:00,2024-03-04
2024-03-04T10:00:00Z,64.89,2024-03-04T11:00:00+01:00,2024-03-04
2024-03-04T11:00:00Z,63.93,2024-03-04T12:00:00+01:00,2024-03-04
2024-03-04T12:00:00Z,61.1,2024-03-04T13:00:00+01:00,2024-03-04
2024-03-04T13:00:00Z,62.5,2024-03-04T14:00:00+01:00,2024-03-04
2024-03-04T14:00:00Z,69.86,2024-03-04T15:00:00+01:00,2024-03-04
2024-03-04T15:00:00Z,75.95,2024-03-04T16:00:00+01:00,2024-03-04
2024-03-04T16:00:00Z,90.59,2024-03-04T17:00:00+01:00,2024-03-04
2024-03-04T17:00:00Z,105.18,2024-03-04T18:00:00+01:00,2024-03-04
2024-03-04T18:00:00Z,99.13,2024-03-04T19:00:00+01:00,2024-03-04
2024-03-04T19:00:00Z,80.52,2024-03-04T20:00:00+01:00,2024-03-04
2024-03-04T20:00:00Z,71.39,2024-03-04T21:00:00+01:00,2024-03-04
2024-03-04T21:00:00Z,67.49,2024-03-04T22:00:00+01:00,2024-03-04
2024-03-04T22:00:00Z,63.93,2024-03-04T23:00:00+01:00,2024-03-04
2024-03-04T23:00:00Z,61.96,2024-03-05T00:00:00+01:00,2024-03-05
2024-03-05T00:00:00Z,61.67,2024-03-05T01:00:00+01:00,2024-03-05
2024-03-05T01:00:00Z,61.33,2024-03-05T02:00:00+01:00,2024-03-05
2024-03-05T02:00:00Z,59.86,2024-03-05T03:00:00+01:00,2024-03-05
2024-03-05T03:00:00Z,60.56,2024-03-05T04:00:00+01:00,2024-03-05
2024-03-05T04:00:00Z,61.67,2024-03-05T05:00:00+01:00,2024-03-05
2024-03-05T05:00:00Z,71.53,2024-03-05T06:00:00+01:00,2024-03-05
2024-03-05T06:00:00Z,79.28,2024-03-05T07:00:00+01:00,2024-03-05
2024-03-05T07:00:00Z,83.02,2024-03-05T08:00:00+01:00,2024-03-05
2024-03-05T08:00:00Z,77.0,2024-03-05T09:00:00+01:00,2024-03-05
2024-03-05T09:00:00Z,71.15,2024-03-05T10:00:00+01:00,2024-03-05
2024-03-05T10:00:00Z,69.72,2024-03-05T11:00:00+01:00,2024-03-05
2024-03-05T11:00:00Z,66.01,2024-03-05T12:00:00+01:00,2024-03-05
2024-03-05T12:00:00Z,65.83,2024-03-05T13:00:00+01:00,2024-03-05
2024-03-05T13:00:00Z,69.61,2024-03-05T14:00:00+01:00,2024-03-05
2024-03-05T14:00:00Z,70.67,2024-03-05T15:00:00+01:00,2024-03-05
2024-03-05T15:00:00Z,76.28,2024-03-05T16:00:00+01:00,2024-03-05
2024-03-05T16:00:00Z,82.07,2024-03-05T17:00:00+01:00,2024-03-05
2024-03-05T17:00:00Z,104.38,2024-03-05T18:00:00+01:00,2024-03-05
2024-03-05T18:00:00Z,112.99,2024-03-05T19:00:00+01:00,2024-03-05
2024-03-05T19:00:00Z,93.12,2024-03-05T20:00:00+01:00,2024-03-05
2024-03-05T20:00:00Z,82.81,2024-03-05T21:00:00+01:00,2024-03-05
2024-03-05T21:00:00Z,76.08,2024-03-05T22:00:00+01:00,2024-03-05
2024-03-05T22:00:00Z,71.83,2024-03-05T23:00:00+01:00,2024-03-05
2024-03-05T23:00:00Z,71.0,2024-03-06T00:00:00+01:00,2024-03-06
2024-03-06T00:00:00Z,70.7,2024-03-06T01:00:00+01:00,2024-03-06
2024-03-06T01:00:00Z,70.46,2024-03-06T02:00:00+01:00,2024-03-06
2024-03-06T02:00:00Z,69.74,2024-03-06T03:00:00+01:00,2024-03-06
2024-03-06T03:00:00Z,70.46,2024-03-06T04:00:00+01:00,2024-03-06
2024-03-06T04:00:00Z,73.91,2024-03-06T05:00:00+01:00,2024-03-06
2024-03-06T05:00:00Z,83.98,2024-03-06T06:00:00+01:00,2024-03-06
2024-03-06T06:00:00Z,106.64,2024-03-06T07:00:00+01:00,2024-03-06
2024-03-06T07:00:00Z,108.7,2024-03-06T08:00:00+01:00,2024-03-06
2024-03-06T08:00:00Z,87.21,2024-03-06T09:00:00+01:00,2024-03-06
2024-03-06T09:00:00Z,75.92,2024-03-06T10:00:00+01:00,2024-03-06
2024-03-06T10:00:00Z,72.02,2024-03-06T11:00:00+01:00,2024-03-06
2024-03-06T11:00:00Z,69.35,2024-03-06T12:00:00+01:00,2024-03-06
2024-03-06T12:00:00Z,69.29,2024-03-06T13:00:00+01:00,2024-03-06
2024-03-06T13:00:00Z,70.64,2024-03-06T14:00:00+01:00,2024-03-06
2024-03-06T14:00:00Z,72.26,2024-03-06T15:00:00+01:00,2024-03-06
2024-03-06T15:00:00Z,81.06,2024-03-06T16:00:00+01:00,2024-03-06
2024-03-06T16:00:00Z,100.0,2024-03-06T17:00:00+01:00,2024-03-06
2024-03-06T17:00:00Z,119.58,2024-03-06T18:00:00+01:00,2024-03-06
2024-03-06T18:00:00Z,119.25,2024-03-06T19:00:00+01:00,2024-03-06
2024-03-06T19:00:00Z,93.4,2024-03-06T20:00:00+01:00,2024-03-06
2024-03-06T20:00:00Z,80.15,2024-03-06T21:00:00+01:00,2024-03-06
2024-03-06T21:00:00Z,77.98,2024-03-06T22:00:00+01:00,2024-03-06
2024-03-06T22:00:00Z,74.34,2024-03-06T23:00:00+01:00,2024-03-06
2024-03-06T23:00:00Z,73.33,2024-03-07T00:00:00+01:00,2024-03-07
2024-03-07T00:00:00Z,72.32,2024-03-07T01:00:00+01:00,2024-03-07
2024-03-07T01:00:00Z,70.34,2024-03-07T02:00:00+01:00,2024-03-07
2024-03-07T02:00:00Z,68.71,2024-03-07T03:00:00+01:00,2024-03-07
2024-03-07T03:00:00Z,69.89,2024-03-07T04:00:00+01:00,2024-03-07
2024-03-07T04:00:00Z,73.13,2024-03-07T05:00:00+01:00,2024-03-07
2024-03-07T05:00:00Z,84.27,2024-03-07T06:00:00+01:00,2024-03-07
2024-03-07T06:00:00Z,103.2,2024-03-07T07:00:00+01:00,2024-03-07
2024-03-07T07:00:00Z,96.7,2024-03-07T08:00:00+01:00,2024-03-07
2024-03-07T08:00:00Z,79.09,2024-03-07T09:00:00+01:00,2024-03-07
2024-03-07T09:00:00Z,71.31,2024-03-07T10:00:00+01:00,2024-03-07
2024-03-07T10:00:00Z,66.16,2024-03-07T11:00:00+01:00,2024-03-07
2024-03-07T11:00:00Z,61.69,2024-03-07T12:00:00+01:00,2024-03-07
2024-03-07T12:00:00Z,60.26,2024-03-07T13:00:00+01:00,2024-03-07
2024-03-07T13:00:00Z,63.33,2024-03-07T14:00:00+01:00,2024-03-07
2024-03-07T14:00:00Z,66.04,2024-03-07T15:00:00+01:00,2024-03-07
2024-03-07T15:00:00Z,69.92,2024-03-07T16:00:00+01:00,2024-03-07
2024-03-07T16:00:00Z,89.2,2024-03-07T17:00:00+01:00,2024-03-07
2024-03-07T17:00:00Z,105.71,2024-03-07T18:00:00+01:00,2024-03-07
2024-03-07T18:00:00Z,90.3,2024-03-07T19:00:00+01:00,2024-03-07
2024-03-07T19:00:00Z,82.49,2024-03-07T20:00:00+01:00,2024-03-07
2024-03-07T20:00:00Z,73.35,2024-03-07T21:00:00+01:00,2024-03-07
2024-03-07T21:00:00Z,73.32,2024-03-07T22:00:00+01:00,2024-03-07
2024-03-07T22:00:00Z,67.72,2024-03-07T23:00:00+01:00,2024-03-07
2024-03-07T23:00:00Z,68.45,2024-03-08T00:00:00+01:00,2024-03-08
2024-03-08T00:00:00Z,66.96,2024-03-08T01:00:00+01:00,2024-03-08
2024-03-08T01:00:00Z,67.01,2024-03-08T02:00:00+01:00,2024-03-08
2024-03-08T02:00:00Z,65.99,2024-03-08T03:00:00+01:00,2024-03-08
2024-03-08T03:00:00Z,66.3,2024-03-08T04:00:00+01:00,2024-03-08
2024-03-08T04:00:00Z,67.11,2024-03-08T05:00:00+01:00,2024-03-08
2024-03-08T05:00:00Z,82.91,2024-03-08T06:00:00+01:00,2024-03-08
2024-03-08T06:00:00Z,95.06,2024-03-08T07:00:00+01:00,2024-03-08
2024-03-08T07:00:00Z,88.89,2024-03-08T08:00:00+01:00,2024-03-08
2024-03-08T08:00:00Z,74.36,2024-03-08T09:00:00+01:00,2024-03-08
2024-03-08T09:00:00Z,57.59,2024-03-08T10:00:00+01:00,2024-03-08
2024-03-08T10:00:00Z,52.05,2024-03-08T11:00:00+01:00,2024-03-08
2024-03-08T11:00:00Z,21.77,2024-03-08T12:00:00+01:00,2024-03-08
2024-03-08T12:00:00Z,4.26,2024-03-08T13:00:00+01:00,2024-03-08
2024-03-08T13:00:00Z,24.2,2024-03-08T14:00:00+01:00,2024-03-08
2024-03-08T14:00:00Z,40.25,2024-03-08T15:00:00+01:00,2024-03-08
2024-03-08T15:00:00Z,55.74,2024-03-08T16:00:00+01:00,2024-03-08
2024-03-08T16:00:00Z,71.98,2024-03-08T17:00:00+01:00,2024-03-08
2024-03-08T17:00:00Z,83.76,2024-03-08T18:00:00+01:00,2024-03-08
2024-03-08T18:00:00Z,79.98,2024-03-08T19:00:00+01:00,2024-03-08
2024-03-08T19:00:00Z,71.46,2024-03-08T20:00:00+01:00,2024-03-08
2024-03-08T20:00:00Z,64.9,2024-03-08T21:00:00+01:00,2024-03-08
2024-03-08T21:00:00Z,65.03,2024-03-08T22:00:00+01:00,2024-03-08
2024-03-08T22:00:00Z,59.89,2024-03-08T23:00:00+01:00,2024-03-08
2024-03-08T23:00:00Z,56.56,2024-03-09T00:00:00+01:00,2024-03-09
2024-03-09T00:00:00Z,54.91,2024-03-09T01:00:00+01:00,2024-03-09
2024-03-09T01:00:00Z,53.72,2024-03-09T02:00:00+01:00,2024-03-09
2024-03-09T02:00:00Z,52.56,2024-03-09T03:00:00+01:00,2024-03-09
2024-03-09T03:00:00Z,48.6,2024-03-09T04:00:00+01:00,2024-03-09
2024-03-09T04:00:00Z,47.79,2024-03-09T05:00:00+01:00,2024-03-09
2024-03-09T05:00:00Z,50.47,2024-03-09T06:00:00+01:00,2024-03-09
2024-03-09T06:00:00Z,53.06,2024-03-09T07:00:00+01:00,2024-03-09
2024-03-09T07:00:00Z,53.06,2024-03-09T08:00:00+01:00,2024-03-09
2024-03-09T08:00:00Z,48.12,2024-03-09T09:00:00+01:00,2024-03-09
2024-03-09T09:00:00Z,32.94,2024-03-09T10:00:00+01:00,2024-03-09
2024-03-09T10:00:00Z,0.2,2024-03-09T11:00:00+01:00,2024-03-09
2024-03-09T11:00:00Z,-1.15,2024-03-09T12:00:00+01:00,2024-03-09
2024-03-09T12:00:00Z,-5.02,2024-03-09T13:00:00+01:00,2024-03-09
2024-03-09T13:00:00Z,-0.04,2024-03-09T14:00:00+01:00,2024-03-09
2024-03-09T14:00:00Z,28.19,2024-03-09T15:00:00+01:00,2024-03-09
2024-03-09T15:00:00Z,52.64,2024-03-09T16:00:00+01:00,2024-03-09
2024-03-09T16:00:00Z,69.49,2024-03-09T17:00:00+01:00,2024-03-09
2024-03-09T17:00:00Z,78.02,2024-03-09T18:00:00+01:00,2024-03-09
2024-03-09T18:00:00Z,74.99,2024-03-09T19:00:00+01:00,2024-03-09
2024-03-09T19:00:00Z,67.26,2024-03-09T20:00:00+01:00,2024-03-09
2024-03-09T20:00:00Z,60.47,2024-03-09T21:00:00+01:00,2024-03-09
2024-03-09T21:00:00Z,60.53,2024-03-09T22:00:00+01:00,2024-03-09
2024-03-09T22:00:00Z,57.29,2024-03-09T23:00:00+01:00,2024-03-09
2024-03-09T23:00:00Z,48.65,2024-03-10T00:00:00+01:00,2024-03-10
2024-03-10T00:00:00Z,46.06,2024-03-10T01:00:00+01:00,2024-03-10
2024-03-10T01:00:00Z,40.98,2024-03-10T02:00:00+01:00,2024-03-10
2024-03-10T02:00:00Z,35.55,2024-03-10T03:00:00+01:00,2024-03-10
2024-03-10T03:00:00Z,32.39,2024-03-10T04:00:00+01:00,2024-03-10
2024-03-10T04:00:00Z,32.28,2024-03-10T05:00:00+01:00,2024-03-10
2024-03-10T05:00:00Z,33.91,2024-03-10T06:00:00+01:00,2024-03-10
2024-03-10T06:00:00Z,39.49,2024-03-10T07:00:00+01:00,2024-03-10
2024-03-10T07:00:00Z,34.82,2024-03-10T08:00:00+01:00,2024-03-10
2024-03-10T08:00:00Z,25.25,2024-03-10T09:00:00+01:00,2024-03-10
2024-03-10T09:00:00Z,2.35,2024-03-10T10:00:00+01:00,2024-03-10
2024-03-10T10:00:00Z,-0.1,2024-03-10T11:00:00+01:00,2024-03-10
2024-03-10T11:00:00Z,-8.24,2024-03-10T12:00:00+01:00,2024-03-10
2024-03-10T12:00:00Z,-9.98,2024-03-10T13:00:00+01:00,2024-03-10
2024-03-10T13:00:00Z,-0.51,2024-03-10T14:00:00+01:00,2024-03-10
2024-03-10T14:00:00Z,14.41,2024-03-10T15:00:00+01:00,2024-03-10
2024-03-10T15:00:00Z,47.96,2024-03-10T16:00:00+01:00,2024-03-10
2024-03-10T16:00:00Z,55.97,2024-03-10T17:00:00+01:00,2024-03-10
2024-03-10T17:00:00Z,66.35,2024-03-10T18:00:00+01:00,2024-03-10
2024-03-10T18:00:00Z,62.32,2024-03-10T19:00:00+01:00,2024-03-10
2024-03-10T19:00:00Z,57.14,2024-03-10T20:00:00+01:00,2024-03-10
2024-03-10T20:00:00Z,53.74,2024-03-10T21:00:00+01:00,2024-03-10
2024-03-10T21:00:00Z,53.08,2024-03-10T22:00:00+01:00,2024-03-10
2024-03-10T22:00:00Z,52.05,2024-03-10T23:00:00+01:00,2024-03-10
2024-03-10T23:00:00Z,48.93,2024-03-11T00:00:00+01:00,2024-03-11
2024-03-11T00:00:00Z,49.33,2024-03-11T01:00:00+01:00,2024-03-11
2024-03-11T01:00:00Z,50.21,2024-03-11T02:00:00+01:00,2024-03-11
2024-03-11T02:00:00Z,49.28,2024-03-11T03:00:00+01:00,2024-03-11
2024-03-11T03:00:00Z,49.99,2024-03-11T04:00:00+01:00,2024-03-11
2024-03-11T04:00:00Z,56.3,2024-03-11T05:00:00+01:00,2024-03-11
2024-03-11T05:00:00Z,76.64,2024-03-11T06:00:00+01:00,2024-03-11
2024-03-11T06:00:00Z,82.6,2024-03-11T07:00:00+01:00,2024-03-11
2024-03-11T07:00:00Z,85.59,2024-03-11T08:00:00+01:00,2024-03-11
2024-03-11T08:00:00Z,80.45,2024-03-11T09:00:00+01:00,2024-03-11
2024-03-11T09:00:00Z,71.2,2024-03-11T10:00:00+01:00,2024-03-11
2024-03-11T10:00:00Z,65.03,2024-03-11T11:00:00+01:00,2024-03-11
2024-03-11T11:00:00Z,60.79,2024-03-11T12:00:00+01:00,2024-03-11
2024-03-11T12:00:00Z,66.25,2024-03-11T13:00:00+01:00,2024-03-11
2024-03-11T13:00:00Z,67.0,2024-03-11T14:00:00+01:00,2024-03-11
2024-03-11T14:00:00Z,73.47,2024-03-11T15:00:00+01:00,2024-03-11
2024-03-11T15:00:00Z,80.19,2024-03-11T16:00:00+01:00,2024-03-11
2024-03-11T16:00:00Z,91.39,2024-03-11T17:00:00+01:00,2024-03-11
2024-03-11T17:00:00Z,100.7,2024-03-11T18:00:00+01:00,2024-03-11
2024-03-11T18:00:00Z,108.01,2024-03-11T19:00:00+01:00,2024-03-11
2024-03-11T19:00:00Z,87.99,2024-03-11T20:00:00+01:00,2024-03-11
2024-03-11T20:00:00Z,76.71,2024-03-11T21:00:00+01:00,2024-03-11
2024-03-11T21:00:00Z,75.04,2024-03-11T22:00:00+01:00,2024-03-11
2024-03-11T22:00:00Z,67.08,2024-03-11T23:00:00+01:00,2024-03-11
2024-03-11T23:00:00Z,69.19,2024-03-12T00:00:00+01:00,2024-03-12
2024-03-12T00:00:00Z,65.56,2024-03-12T01:00:00+01:00,2024-03-12
2024-03-12T01:00:00Z,66.51,2024-03-12T02:00:00+01:00,2024-03-12
2024-03-12T02:00:00Z,65.2,2024-03-12T03:00:00+01:00,2024-03-12
2024-03-12T03:00:00Z,66.58,2024-03-12T04:00:00+01:00,2024-03-12
2024-03-12T04:00:00Z,71.37,2024-03-12T05:00:00+01:00,2024-03-12
2024-03-12T05:00:00Z,87.06,2024-03-12T06:00:00+01:00,2024-03-12
2024-03-12T06:00:00Z,96.55,2024-03-12T07:00:00+01:00,2024-03-12
2024-03-12T07:00:00Z,100.78,2024-03-12T08:00:00+01:00,2024-03-12
2024-03-12T08:00:00Z,93.81,2024-03-12T09:00:00+01:00,2024-03-12
2024-03-12T09:00:00Z,85.42,2024-03-12T10:00:00+01:00,2024-03-12
2024-03-12T10:00:00Z,80.68,2024-03-12T11:00:00+01:00,2024-03-12
2024-03-12T11:00:00Z,78.44,2024-03-12T12:00:00+01:00,2024-03-12
2024-03-12T12:00:00Z,78.26,2024-03-12T13:00:00+01:00,2024-03-12
2024-03-12T13:00:00Z,79.02,2024-03-12T14:00:00+01:00,2024-03-12
2024-03-12T14:00:00Z,86.34,2024-03-12T15:00:00+01:00,2024-03-12
2024-03-12T15:00:00Z,101.61,2024-03-12T16:00:00+01:00,2024-03-12
2024-03-12T16:00:00Z,113.06,2024-03-12T17:00:00+01:00,2024-03-12
2024-03-12T17:00:00Z,134.92,2024-03-12T18:00:00+01:00,2024-03-12
2024-03-12T18:00:00Z,124.57,2024-03-12T19:00:00+01:00,2024-03-12
2024-03-12T19:00:00Z,97.48,2024-03-12T20:00:00+01:00,2024-03-12
2024-03-12T20:00:00Z,83.63,2024-03-12T21:00:00+01:00,2024-03-12
2024-03-12T21:00:00Z,78.93,2024-03-12T22:00:00+01:00,2024-03-12
2024-03-12T22:00:00Z,70.33,2024-03-12T23:00:00+01:00,2024-03-12
2024-03-12T23:00:00Z,63.93,2024-03-13T00:00:00+01:00,2024-03-13
2024-03-13T00:00:00Z,62.3,2024-03-13T01:00:00+01:00,2024-03-13
2024-03-13T01:00:00Z,61.79,2024-03-13T02:00:00+01:00,2024-03-13
2024-03-13T02:00:00Z,61.37,2024-03-13T03:00:00+01:00,2024-03-13
2024-03-13T03:00:00Z,64.0,2024-03-13T04:00:00+01:00,2024-03-13
2024-03-13T04:00:00Z,66.8,2024-03-13T05:00:00+01:00,2024-03-13
2024-03-13T05:00:00Z,77.32,2024-03-13T06:00:00+01:00,2024-03-13
2024-03-13T06:00:00Z,88.27,2024-03-13T07:00:00+01:00,2024-03-13
2024-03-13T07:00:00Z,89.91,2024-03-13T08:00:00+01:00,2024-03-13
2024-03-13T08:00:00Z,77.71,2024-03-13T09:00:00+01:00,2024-03-13
2024-03-13T09:00:00Z,68.07,2024-03-13T10:00:00+01:00,2024-03-13
2024-03-13T10:00:00Z,64.85,2024-03-13T11:00:00+01:00,2024-03-13
2024-03-13T11:00:00Z,64.61,2024-03-13T12:00:00+01:00,2024-03-13
2024-03-13T12:00:00Z,64.83,2024-03-13T13:00:00+01:00,2024-03-13
2024-03-13T13:00:00Z,63.96,2024-03-13T14:00:00+01:00,2024-03-13
2024-03-13T14:00:00Z,67.84,2024-03-13T15:00:00+01:00,2024-03-13
2024-03-13T15:00:00Z,73.53,2024-03-13T16:00:00+01:00,2024-03-13
2024-03-13T16:00:00Z,89.91,2024-03-13T17:00:00+01:00,2024-03-13
2024-03-13T17:00:00Z,97.8,2024-03-13T18:00:00+01:00,2024-03-13
2024-03-13T18:00:00Z,94.36,2024-03-13T19:00:00+01:00,2024-03-13
2024-03-13T19:00:00Z,76.98,2024-03-13T20:00:00+01:00,2024-03-13
2024-03-13T20:00:00Z,66.82,2024-03-13T21:00:00+01:00,2024-03-13
2024-03-13T21:00:00Z,68.11,2024-03-13T22:00:00+01:00,2024-03-13
2024-03-13T22:00:00Z,63.88,2024-03-13T23:00:00+01:00,2024-03-13
2024-03-13T23:00:00Z,63.29,2024-03-14T00:00:00+01:00,2024-03-14
2024-03-14T00:00:00Z,56.9,2024-03-14T01:00:00+01:00,2024-03-14
2024-03-14T01:00:00Z,57.52,2024-03-14T02:00:00+01:00,2024-03-14
2024-03-14T02:00:00Z,57.0,2024-03-14T03:00:00+01:00,2024-03-14
2024-03-14T03:00:00Z,61.4,2024-03-14T04:00:00+01:00,2024-03-14
2024-03-14T04:00:00Z,64.07,2024-03-14T05:00:00+01:00,2024-03-14
2024-03-14T05:00:00Z,75.05,2024-03-14T06:00:00+01:00,2024-03-14
2024-03-14T06:00:00Z,88.06,2024-03-14T07:00:00+01:00,2024-03-14
2024-03-14T07:00:00Z,81.99,2024-03-14T08:00:00+01:00,2024-03-14
2024-03-14T08:00:00Z,65.71,2024-03-14T09:00:00+01:00,2024-03-14
2024-03-14T09:00:00Z,54.32,2024-03-14T10:00:00+01:00,2024-03-14
2024-03-14T10:00:00Z,52.37,2024-03-14T11:00:00+01:00,2024-03-14
2024-03-14T11:00:00Z,52.83,2024-03-14T12:00:00+01:00,2024-03-14
2024-03-14T12:00:00Z,49.16,2024-03-14T13:00:00+01:00,2024-03-14
2024-03-14T13:00:00Z,52.84,2024-03-14T14:00:00+01:00,2024-03-14
2024-03-14T14:00:00Z,58.91,2024-03-14T15:00:00+01:00,2024-03-14
2024-03-14T15:00:00Z,73.21,2024-03-14T16:00:00+01:00,2024-03-14
2024-03-14T16:00:00Z,91.04,2024-03-14T17:00:00+01:00,2024-03-14
2024-03-14T17:00:00Z,114.77,2024-03-14T18:00:00+01:00,2024-03-14
2024-03-14T18:00:00Z,91.04,2024-03-14T19:00:00+01:00,2024-03-14
2024-03-14T19:00:00Z,74.09,2024-03-14T20:00:00+01:00,2024-03-14
2024-03-14T20:00:00Z,62.63,2024-03-14T21:00:00+01:00,2024-03-14
2024-03-14T21:00:00Z,59.62,2024-03-14T22:00:00+01:00,2024-03-14
2024-03-14T22:00:00Z,51.66,2024-03-14T23:00:00+01:00,2024-03-14
2024-03-14T23:00:00Z,48.39,2024-03-15T00:00:00+01:00,2024-03-15
2024-03-15T00:00:00Z,46.58,2024-03-15T01:00:00+01:00,2024-03-15
2024-03-15T01:00:00Z,45.57,2024-03-15T02:00:00+01:00,2024-03-15
2024-03-15T02:00:00Z,43.95,2024-03-15T03:00:00+01:00,2024-03-15
2024-03-15T03:00:00Z,46.96,2024-03-15T04:00:00+01:00,2024-03-15
2024-03-15T04:00:00Z,49.35,2024-03-15T05:00:00+01:00,2024-03-15
2024-03-15T05:00:00Z,62.26,2024-03-15T06:00:00+01:00,2024-03-15
2024-03-15T06:00:00Z,69.53,2024-03-15T07:00:00+01:00,2024-03-15
2024-03-15T07:00:00Z,68.75,2024-03-15T08:00:00+01:00,2024-03-15
2024-03-15T08:00:00Z,53.8,2024-03-15T09:00:00+01:00,2024-03-15
2024-03-15T09:00:00Z,46.56,2024-03-15T10:00:00+01:00,2024-03-15
2024-03-15T10:00:00Z,39.27,2024-03-15T11:00:00+01:00,2024-03-15
2024-03-15T11:00:00Z,38.34,2024-03-15T12:00:00+01:00,2024-03-15
2024-03-15T12:00:00Z,36.87,2024-03-15T13:00:00+01:00,2024-03-15
2024-03-15T13:00:00Z,44.93,2024-03-15T14:00:00+01:00,2024-03-15
2024-03-15T14:00:00Z,51.55,2024-03-15T15:00:00+01:00,2024-03-15
2024-03-15T15:00:00Z,66.7,2024-03-15T16:00:00+01:00,2024-03-15
2024-03-15T16:00:00Z,86.92,2024-03-15T17:00:00+01:00,2024-03-15
2024-03-15T17:00:00Z,82.03,2024-03-15T18:00:00+01:00,2024-03-15
2024-03-15T18:00:00Z,87.99,2024-03-15T19:00:00+01:00,2024-03-15
2024-03-15T19:00:00Z,64.26,2024-03-15T20:00:00+01:00,2024-03-15
2024-03-15T20:00:00Z,55.36,2024-03-15T21:00:00+01:00,2024-03-15
2024-03-15T21:00:00Z,56.35,2024-03-15T22:00:00+01:00,2024-03-15
2024-03-15T22:00:00Z,49.33,2024-03-15T23:00:00+01:00,2024-03-15
2024-03-15T23:00:00Z,44.12,2024-03-16T00:00:00+01:00,2024-03-16
2024-03-16T00:00:00Z,42.01,2024-03-16T01:00:00+01:00,2024-03-16
2024-03-16T01:00:00Z,40.69,2024-03-16T02:00:00+01:00,2024-03-16
2024-03-16T02:00:00Z,38.88,2024-03-16T03:00:00+01:00,2024-03-16
2024-03-16T03:00:00Z,38.67,2024-03-16T04:00:00+01:00,2024-03-16
2024-03-16T04:00:00Z,40.34,2024-03-16T05:00:00+01:00,2024-03-16
2024-03-16T05:00:00Z,47.26,2024-03-16T06:00:00+01:00,2024-03-16
2024-03-16T06:00:00Z,51.31,2024-03-16T07:00:00+01:00,2024-03-16
2024-03-16T07:00:00Z,52.24,2024-03-16T08:00:00+01:00,2024-03-16
2024-03-16T08:00:00Z,47.01,2024-03-16T09:00:00+01:00,2024-03-16
2024-03-16T09:00:00Z,44.88,2024-03-16T10:00:00+01:00,2024-03-16
2024-03-16T10:00:00Z,41.62,2024-03-16T11:00:00+01:00,2024-03-16
2024-03-16T11:00:00Z,36.7,2024-03-16T12:00:00+01:00,2024-03-16
2024-03-16T12:00:00Z,21.02,2024-03-16T13:00:00+01:00,2024-03-16
2024-03-16T13:00:00Z,10.99,2024-03-16T14:00:00+01:00,2024-03-16
2024-03-16T14:00:00Z,31.01,2024-03-16T15:00:00+01:00,2024-03-16
2024-03-16T15:00:00Z,46.98,2024-03-16T16:00:00+01:00,2024-03-16
2024-03-16T16:00:00Z,72.08,2024-03-16T17:00:00+01:00,2024-03-16
2024-03-16T17:00:00Z,81.69,2024-03-16T18:00:00+01:00,2024-03-16
2024-03-16T18:00:00Z,87.31,2024-03-16T19:00:00+01:00,2024-03-16
2024-03-16T19:00:00Z,79.46,2024-03-16T20:00:00+01:00,2024-03-16
2024-03-16T20:00:00Z,72.99,2024-03-16T21:00:00+01:00,2024-03-16
2024-03-16T21:00:00Z,72.31,2024-03-16T22:00:00+01:00,2024-03-16
2024-03-16T22:00:00Z,67.1,2024-03-16T23:00:00+01:00,2024-03-16
2024-03-16T23:00:00Z,64.99,2024-03-17T00:00:00+01:00,2024-03-17
2024-03-17T00:00:00Z,60.49,2024-03-17T01:00:00+01:00,2024-03-17
2024-03-17T01:00:00Z,55.97,2024-03-17T02:00:00+01:00,2024-03-17
2024-03-17T02:00:00Z,58.75,2024-03-17T03:00:00+01:00,2024-03-17
2024-03-17T03:00:00Z,60.45,2024-03-17T04:00:00+01:00,2024-03-17
2024-03-17T04:00:00Z,60.49,2024-03-17T05:00:00+01:00,2024-03-17
2024-03-17T05:00:00Z,62.6,2024-03-17T06:00:00+01:00,2024-03-17
2024-03-17T06:00:00Z,56.6,2024-03-17T07:00:00+01:00,2024-03-17
2024-03-17T07:00:00Z,50.58,2024-03-17T08:00:00+01:00,2024-03-17
2024-03-17T08:00:00Z,47.15,2024-03-17T09:00:00+01:00,2024-03-17
2024-03-17T09:00:00Z,45.4,2024-03-17T10:00:00+01:00,2024-03-17
2024-03-17T10:00:00Z,45.91,2024-03-17T11:00:00+01:00,2024-03-17
2024-03-17T11:00:00Z,41.81,2024-03-17T12:00:00+01:00,2024-03-17
2024-03-17T12:00:00Z,40.15,2024-03-17T13:00:00+01:00,2024-03-17
2024-03-17T13:00:00Z,48.06,2024-03-17T14:00:00+01:00,2024-03-17
2024-03-17T14:00:00Z,56.12,2024-03-17T15:00:00+01:00,2024-03-17
2024-03-17T15:00:00Z,71.76,2024-03-17T16:00:00+01:00,2024-03-17
2024-03-17T16:00:00Z,85.44,2024-03-17T17:00:00+01:00,2024-03-17
2024-03-17T17:00:00Z,94.31,2024-03-17T18:00:00+01:00,2024-03-17
2024-03-17T18:00:00Z,88.29,2024-03-17T19:00:00+01:00,2024-03-17
2024-03-17T19:00:00Z,77.89,2024-03-17T20:00:00+01:00,2024-03-17
2024-03-17T20:00:00Z,72.33,2024-03-17T21:00:00+01:00,2024-03-17
2024-03-17T21:00:00Z,72.1,2024-03-17T22:00:00+01:00,2024-03-17
2024-03-17T22:00:00Z,65.91,2024-03-17T23:00:00+01:00,2024-03-17
2024-03-17T23:00:00Z,64.12,2024-03-18T00:00:00+01:00,2024-03-18
2024-03-18T00:00:00Z,57.14,2024-03-18T01:00:00+01:00,2024-03-18
2024-03-18T01:00:00Z,58.31,2024-03-18T02:00:00+01:00,2024-03-18
2024-03-18T02:00:00Z,59.38,2024-03-18T03:00:00+01:00,2024-03-18
2024-03-18T03:00:00Z,64.38,2024-03-18T04:00:00+01:00,2024-03-18
2024-03-18T04:00:00Z,70.8,2024-03-18T05:00:00+01:00,2024-03-18
2024-03-18T05:00:00Z,86.32,2024-03-18T06:00:00+01:00,2024-03-18
2024-03-18T06:00:00Z,97.87,2024-03-18T07:00:00+01:00,2024-03-18
2024-03-18T07:00:00Z,94.45,2024-03-18T08:00:00+01:00,2024-03-18
2024-03-18T08:00:00Z,82.8,2024-03-18T09:00:00+01:00,2024-03-18
2024-03-18T09:00:00Z,72.84,2024-03-18T10:00:00+01:00,2024-03-18
2024-03-18T10:00:00Z,66.64,2024-03-18T11:00:00+01:00,2024-03-18
2024-03-18T11:00:00Z,67.7,2024-03-18T12:00:00+01:00,2024-03-18
2024-03-18T12:00:00Z,68.3,2024-03-18T13:00:00+01:00,2024-03-18
2024-03-18T13:00:00Z,68.94,2024-03-18T14:00:00+01:00,2024-03-18
2024-03-18T14:00:00Z,73.4,2024-03-18T15:00:00+01:00,2024-03-18
2024-03-18T15:00:00Z,78.98,2024-03-18T16:00:00+01:00,2024-03-18
2024-03-18T16:00:00Z,107.65,2024-03-18T17:00:00+01:00,2024-03-18
2024-03-18T17:00:00Z,145.71,2024-03-18T18:00:00+01:00,2024-03-18
2024-03-18T18:00:00Z,126.53,2024-03-18T19:00:00+01:00,2024-03-18
2024-03-18T19:00:00Z,103.72,2024-03-18T20:00:00+01:00,2024-03-18
2024-03-18T20:00:00Z,81.2,2024-03-18T21:00:00+01:00,2024-03-18
2024-03-18T21:00:00Z,78.38,2024-03-18T22:00:00+01:00,2024-03-18
2024-03-18T22:00:00Z,74.45,2024-03-18T23:00:00+01:00,2024-03-18
2024-03-18T23:00:00Z,72.0,2024-03-19T00:00:00+01:00,2024-03-19
2024-03-19T00:00:00Z,71.24,2024-03-19T01:00:00+01:00,2024-03-19
2024-03-19T01:00:00Z,71.65,2024-03-19T02:00:00+01:00,2024-03-19
2024-03-19T02:00:00Z,71.55,2024-03-19T03:00:00+01:00,2024-03-19
2024-03-19T03:00:00Z,71.24,2024-03-19T04:00:00+01:00,2024-03-19
2024-03-19T04:00:00Z,71.01,2024-03-19T05:00:00+01:00,2024-03-19
2024-03-19T05:00:00Z,89.5,2024-03-19T06:00:00+01:00,2024-03-19
2024-03-19T06:00:00Z,110.78,2024-03-19T07:00:00+01:00,2024-03-19
2024-03-19T07:00:00Z,95.87,2024-03-19T08:00:00+01:00,2024-03-19
2024-03-19T08:00:00Z,72.02,2024-03-19T09:00:00+01:00,2024-03-19
2024-03-19T09:00:00Z,65.36,2024-03-19T10:00:00+01:00,2024-03-19
2024-03-19T10:00:00Z,58.82,2024-03-19T11:00:00+01:00,2024-03-19
2024-03-19T11:00:00Z,54.47,2024-03-19T12:00:00+01:00,2024-03-19
2024-03-19T12:00:00Z,56.72,2024-03-19T13:00:00+01:00,2024-03-19
2024-03-19T13:00:00Z,60.48,2024-03-19T14:00:00+01:00,2024-03-19
2024-03-19T14:00:00Z,70.05,2024-03-19T15:00:00+01:00,2024-03-19
2024-03-19T15:00:00Z,73.7,2024-03-19T16:00:00+01:00,2024-03-19
2024-03-19T16:00:00Z,103.95,2024-03-19T17:00:00+01:00,2024-03-19
2024-03-19T17:00:00Z,131.42,2024-03-19T18:00:00+01:00,2024-03-19
2024-03-19T18:00:00Z,128.96,2024-03-19T19:00:00+01:00,2024-03-19
2024-03-19T19:00:00Z,110.0,2024-03-19T20:00:00+01:00,2024-03-19
2024-03-19T20:00:00Z,89.02,2024-03-19T21:00:00+01:00,2024-03-19
2024-03-19T21:00:00Z,81.72,2024-03-19T22:00:00+01:00,2024-03-19
2024-03-19T22:00:00Z,76.1,2024-03-19T23:00:00+01:00,2024-03-19
2024-03-19T23:00:00Z,76.01,2024-03-20T00:00:00+01:00,2024-03-20
2024-03-20T00:00:00Z,73.4,2024-03-20T01:00:00+01:00,2024-03-20
2024-03-20T01:00:00Z,74.9,2024-03-20T02:00:00+01:00,2024-03-20
2024-03-20T02:00:00Z,75.7,2024-03-20T03:00:00+01:00,2024-03-20
2024-03-20T03:00:00Z,76.36,2024-03-20T04:00:00+01:00,2024-03-20
2024-03-20T04:00:00Z,80.9,2024-03-20T05:00:00+01:00,2024-03-20
2024-03-20T05:00:00Z,116.0,2024-03-20T06:00:00+01:00,2024-03-20
2024-03-20T06:00:00Z,116.24,2024-03-20T07:00:00+01:00,2024-03-20
2024-03-20T07:00:00Z,98.33,2024-03-20T08:00:00+01:00,2024-03-20
2024-03-20T08:00:00Z,70.63,2024-03-20T09:00:00+01:00,2024-03-20
2024-03-20T09:00:00Z,66.0,2024-03-20T10:00:00+01:00,2024-03-20
2024-03-20T10:00:00Z,65.39,2024-03-20T11:00:00+01:00,2024-03-20
2024-03-20T11:00:00Z,61.43,2024-03-20T12:00:00+01:00,2024-03-20
2024-03-20T12:00:00Z,63.95,2024-03-20T13:00:00+01:00,2024-03-20
2024-03-20T13:00:00Z,64.35,2024-03-20T14:00:00+01:00,2024-03-20
2024-03-20T14:00:00Z,70.78,2024-03-20T15:00:00+01:00,2024-03-20
2024-03-20T15:00:00Z,87.07,2024-03-20T16:00:00+01:00,2024-03-20
2024-03-20T16:00:00Z,119.68,2024-03-20T17:00:00+01:00,2024-03-20
2024-03-20T17:00:00Z,168.54,2024-03-20T18:00:00+01:00,2024-03-20
2024-03-20T18:00:00Z,159.05,2024-03-20T19:00:00+01:00,2024-03-20
2024-03-20T19:00:00Z,124.95,2024-03-20T20:00:00+01:00,2024-03-20
2024-03-20T20:00:00Z,106.52,2024-03-20T21:00:00+01:00,2024-03-20
2024-03-20T21:00:00Z,96.07,2024-03-20T22:00:00+01:00,2024-03-20
2024-03-20T22:00:00Z,79.98,2024-03-20T23:00:00+01:00,2024-03-20
2024-03-20T23:00:00Z,76.18,2024-03-21T00:00:00+01:00,2024-03-21
2024-03-21T00:00:00Z,73.37,2024-03-21T01:00:00+01:00,2024-03-21
2024-03-21T01:00:00Z,71.55,2024-03-21T02:00:00+01:00,2024-03-21
2024-03-21T02:00:00Z,71.32,2024-03-21T03:00:00+01:00,2024-03-21
2024-03-21T03:00:00Z,71.0,2024-03-21T04:00:00+01:00,2024-03-21
2024-03-21T04:00:00Z,73.51,2024-03-21T05:00:00+01:00,2024-03-21
2024-03-21T05:00:00Z,89.26,2024-03-21T06:00:00+01:00,2024-03-21
2024-03-21T06:00:00Z,98.21,2024-03-21T07:00:00+01:00,2024-03-21
2024-03-21T07:00:00Z,102.29,2024-03-21T08:00:00+01:00,2024-03-21
2024-03-21T08:00:00Z,80.0,2024-03-21T09:00:00+01:00,2024-03-21
2024-03-21T09:00:00Z,72.41,2024-03-21T10:00:00+01:00,2024-03-21
2024-03-21T10:00:00Z,68.03,2024-03-21T11:00:00+01:00,2024-03-21
2024-03-21T11:00:00Z,64.64,2024-03-21T12:00:00+01:00,2024-03-21
2024-03-21T12:00:00Z,59.96,2024-03-21T13:00:00+01:00,2024-03-21
2024-03-21T13:00:00Z,66.85,2024-03-21T14:00:00+01:00,2024-03-21
2024-03-21T14:00:00Z,66.28,2024-03-21T15:00:00+01:00,2024-03-21
2024-03-21T15:00:00Z,75.27,2024-03-21T16:00:00+01:00,2024-03-21
2024-03-21T16:00:00Z,100.9,2024-03-21T17:00:00+01:00,2024-03-21
2024-03-21T17:00:00Z,127.13,2024-03-21T18:00:00+01:00,2024-03-21
2024-03-21T18:00:00Z,122.85,2024-03-21T19:00:00+01:00,2024-03-21
2024-03-21T19:00:00Z,94.04,2024-03-21T20:00:00+01:00,2024-03-21
2024-03-21T20:00:00Z,79.6,2024-03-21T21:00:00+01:00,2024-03-21
2024-03-21T21:00:00Z,77.48,2024-03-21T22:00:00+01:00,2024-03-21
2024-03-21T22:00:00Z,71.23,2024-03-21T23:00:00+01:00,2024-03-21
2024-03-21T23:00:00Z,56.34,2024-03-22T00:00:00+01:00,2024-03-22
2024-03-22T00:00:00Z,52.24,2024-03-22T01:00:00+01:00,2024-03-22
2024-03-22T01:00:00Z,49.69,2024-03-22T02:00:00+01:00,2024-03-22
2024-03-22T02:00:00Z,51.83,2024-03-22T03:00:00+01:00,2024-03-22
2024-03-22T03:00:00Z,52.8,2024-03-22T04:00:00+01:00,2024-03-22
2024-03-22T04:00:00Z,59.89,2024-03-22T05:00:00+01:00,2024-03-22
2024-03-22T05:00:00Z,74.1,2024-03-22T06:00:00+01:00,2024-03-22
2024-03-22T06:00:00Z,67.39,2024-03-22T07:00:00+01:00,2024-03-22
2024-03-22T07:00:00Z,68.09,2024-03-22T08:00:00+01:00,2024-03-22
2024-03-22T08:00:00Z,56.32,2024-03-22T09:00:00+01:00,2024-03-22
2024-03-22T09:00:00Z,51.81,2024-03-22T10:00:00+01:00,2024-03-22
2024-03-22T10:00:00Z,49.85,2024-03-22T11:00:00+01:00,2024-03-22
2024-03-22T11:00:00Z,49.76,2024-03-22T12:00:00+01:00,2024-03-22
2024-03-22T12:00:00Z,51.49,2024-03-22T13:00:00+01:00,2024-03-22
2024-03-22T13:00:00Z,52.39,2024-03-22T14:00:00+01:00,2024-03-22
2024-03-22T14:00:00Z,59.97,2024-03-22T15:00:00+01:00,2024-03-22
2024-03-22T15:00:00Z,76.87,2024-03-22T16:00:00+01:00,2024-03-22
2024-03-22T16:00:00Z,88.98,2024-03-22T17:00:00+01:00,2024-03-22
2024-03-22T17:00:00Z,121.59,2024-03-22T18:00:00+01:00,2024-03-22
2024-03-22T18:00:00Z,118.71,2024-03-22T19:00:00+01:00,2024-03-22
2024-03-22T19:00:00Z,95.0,2024-03-22T20:00:00+01:00,2024-03-22
2024-03-22T20:00:00Z,82.25,2024-03-22T21:00:00+01:00,2024-03-22
2024-03-22T21:00:00Z,80.15,2024-03-22T22:00:00+01:00,2024-03-22
2024-03-22T22:00:00Z,77.47,2024-03-22T23:00:00+01:00,2024-03-22
2024-03-22T23:00:00Z,77.77,2024-03-23T00:00:00+01:00,2024-03-23
2024-03-23T00:00:00Z,72.47,2024-03-23T01:00:00+01:00,2024-03-23
2024-03-23T01:00:00Z,65.92,2024-03-23T02:00:00+01:00,2024-03-23
2024-03-23T02:00:00Z,63.98,2024-03-23T03:00:00+01:00,2024-03-23
2024-03-23T03:00:00Z,59.84,2024-03-23T04:00:00+01:00,2024-03-23
2024-03-23T04:00:00Z,61.44,2024-03-23T05:00:00+01:00,2024-03-23
2024-03-23T05:00:00Z,58.34,2024-03-23T06:00:00+01:00,2024-03-23
2024-03-23T06:00:00Z,52.82,2024-03-23T07:00:00+01:00,2024-03-23
2024-03-23T07:00:00Z,39.12,2024-03-23T08:00:00+01:00,2024-03-23
2024-03-23T08:00:00Z,13.2,2024-03-23T09:00:00+01:00,2024-03-23
2024-03-23T09:00:00Z,0.02,2024-03-23T10:00:00+01:00,2024-03-23
2024-03-23T10:00:00Z,-0.05,2024-03-23T11:00:00+01:00,2024-03-23
2024-03-23T11:00:00Z,-1.94,2024-03-23T12:00:00+01:00,2024-03-23
2024-03-23T12:00:00Z,-5.71,2024-03-23T13:00:00+01:00,2024-03-23
2024-03-23T13:00:00Z,-8.45,2024-03-23T14:00:00+01:00,2024-03-23
2024-03-23T14:00:00Z,-1.46,2024-03-23T15:00:00+01:00,2024-03-23
2024-03-23T15:00:00Z,0.07,2024-03-23T16:00:00+01:00,2024-03-23
2024-03-23T16:00:00Z,47.8,2024-03-23T17:00:00+01:00,2024-03-23
2024-03-23T17:00:00Z,70.09,2024-03-23T18:00:00+01:00,2024-03-23
2024-03-23T18:00:00Z,69.15,2024-03-23T19:00:00+01:00,2024-03-23
2024-03-23T19:00:00Z,52.94,2024-03-23T20:00:00+01:00,2024-03-23
2024-03-23T20:00:00Z,45.84,2024-03-23T21:00:00+01:00,2024-03-23
2024-03-23T21:00:00Z,40.28,2024-03-23T22:00:00+01:00,2024-03-23
2024-03-23T22:00:00Z,28.39,2024-03-23T23:00:00+01:00,2024-03-23
2024-03-23T23:00:00Z,32.1,2024-03-24T00:00:00+01:00,2024-03-24
2024-03-24T00:00:00Z,13.28,2024-03-24T01:00:00+01:00,2024-03-24
2024-03-24T01:00:00Z,10.13,2024-03-24T02:00:00+01:00,2024-03-24
2024-03-24T02:00:00Z,17.0,2024-03-24T03:00:00+01:00,2024-03-24
2024-03-24T03:00:00Z,19.92,2024-03-24T04:00:00+01:00,2024-03-24
2024-03-24T04:00:00Z,26.82,2024-03-24T05:00:00+01:00,2024-03-24
2024-03-24T05:00:00Z,14.87,2024-03-24T06:00:00+01:00,2024-03-24
2024-03-24T06:00:00Z,1.96,2024-03-24T07:00:00+01:00,2024-03-24
2024-03-24T07:00:00Z,0.0,2024-03-24T08:00:00+01:00,2024-03-24
2024-03-24T08:00:00Z,0.0,2024-03-24T09:00:00+01:00,2024-03-24
2024-03-24T09:00:00Z,0.0,2024-03-24T10:00:00+01:00,2024-03-24
2024-03-24T10:00:00Z,0.0,2024-03-24T11:00:00+01:00,2024-03-24
2024-03-24T11:00:00Z,0.0,2024-03-24T12:00:00+01:00,2024-03-24
2024-03-24T12:00:00Z,0.0,2024-03-24T13:00:00+01:00,2024-03-24
2024-03-24T13:00:00Z,0.0,2024-03-24T14:00:00+01:00,2024-03-24
2024-03-24T14:00:00Z,0.0,2024-03-24T15:00:00+01:00,2024-03-24
2024-03-24T15:00:00Z,16.69,2024-03-24T16:00:00+01:00,2024-03-24
2024-03-24T16:00:00Z,59.4,2024-03-24T17:00:00+01:00,2024-03-24
2024-03-24T17:00:00Z,75.0,2024-03-24T18:00:00+01:00,2024-03-24
2024-03-24T18:00:00Z,74.9,2024-03-24T19:00:00+01:00,2024-03-24
2024-03-24T19:00:00Z,66.9,2024-03-24T20:00:00+01:00,2024-03-24
2024-03-24T20:00:00Z,64.77,2024-03-24T21:00:00+01:00,2024-03-24
2024-03-24T21:00:00Z,64.27,2024-03-24T22:00:00+01:00,2024-03-24
2024-03-24T22:00:00Z,62.97,2024-03-24T23:00:00+01:00,2024-03-24
2024-03-24T23:00:00Z,62.51,2024-03-25T00:00:00+01:00,2024-03-25
2024-03-25T00:00:00Z,62.29,2024-03-25T01:00:00+01:00,2024-03-25
2024-03-25T01:00:00Z,62.48,2024-03-25T02:00:00+01:00,2024-03-25
2024-03-25T02:00:00Z,64.51,2024-03-25T03:00:00+01:00,2024-03-25
2024-03-25T03:00:00Z,66.96,2024-03-25T04:00:00+01:00,2024-03-25
2024-03-25T04:00:00Z,77.14,2024-03-25T05:00:00+01:00,2024-03-25
2024-03-25T05:00:00Z,88.43,2024-03-25T06:00:00+01:00,2024-03-25
2024-03-25T06:00:00Z,113.87,2024-03-25T07:00:00+01:00,2024-03-25
2024-03-25T07:00:00Z,99.68,2024-03-25T08:00:00+01:00,2024-03-25
2024-03-25T08:00:00Z,77.43,2024-03-25T09:00:00+01:00,2024-03-25
2024-03-25T09:00:00Z,70.05,2024-03-25T10:00:00+01:00,2024-03-25
2024-03-25T10:00:00Z,63.66,2024-03-25T11:00:00+01:00,2024-03-25
2024-03-25T11:00:00Z,61.85,2024-03-25T12:00:00+01:00,2024-03-25
2024-03-25T12:00:00Z,63.22,2024-03-25T13:00:00+01:00,2024-03-25
2024-03-25T13:00:00Z,64.52,2024-03-25T14:00:00+01:00,2024-03-25
2024-03-25T14:00:00Z,73.97,2024-03-25T15:00:00+01:00,2024-03-25
2024-03-25T15:00:00Z,81.05,2024-03-25T16:00:00+01:00,2024-03-25
2024-03-25T16:00:00Z,111.88,2024-03-25T17:00:00+01:00,2024-03-25
2024-03-25T17:00:00Z,174.7,2024-03-25T18:00:00+01:00,2024-03-25
2024-03-25T18:00:00Z,149.75,2024-03-25T19:00:00+01:00,2024-03-25
2024-03-25T19:00:00Z,102.73,2024-03-25T20:00:00+01:00,2024-03-25
2024-03-25T20:00:00Z,82.39,2024-03-25T21:00:00+01:00,2024-03-25
2024-03-25T21:00:00Z,79.56,2024-03-25T22:00:00+01:00,2024-03-25
2024-03-25T22:00:00Z,74.74,2024-03-25T23:00:00+01:00,2024-03-25
2024-03-25T23:00:00Z,79.9,2024-03-26T00:00:00+01:00,2024-03-26
2024-03-26T00:00:00Z,73.3,2024-03-26T01:00:00+01:00,2024-03-26
2024-03-26T01:00:00Z,68.91,2024-03-26T02:00:00+01:00,2024-03-26
2024-03-26T02:00:00Z,67.98,2024-03-26T03:00:00+01:00,2024-03-26
2024-03-26T03:00:00Z,70.07,2024-03-26T04:00:00+01:00,2024-03-26
2024-03-26T04:00:00Z,72.28,2024-03-26T05:00:00+01:00,2024-03-26
2024-03-26T05:00:00Z,80.38,2024-03-26T06:00:00+01:00,2024-03-26
2024-03-26T06:00:00Z,79.2,2024-03-26T07:00:00+01:00,2024-03-26
2024-03-26T07:00:00Z,72.1,2024-03-26T08:00:00+01:00,2024-03-26
2024-03-26T08:00:00Z,62.0,2024-03-26T09:00:00+01:00,2024-03-26
2024-03-26T09:00:00Z,49.5,2024-03-26T10:00:00+01:00,2024-03-26
2024-03-26T10:00:00Z,37.03,2024-03-26T11:00:00+01:00,2024-03-26
2024-03-26T11:00:00Z,11.49,2024-03-26T12:00:00+01:00,2024-03-26
2024-03-26T12:00:00Z,27.35,2024-03-26T13:00:00+01:00,2024-03-26
2024-03-26T13:00:00Z,37.1,2024-03-26T14:00:00+01:00,2024-03-26
2024-03-26T14:00:00Z,51.93,2024-03-26T15:00:00+01:00,2024-03-26
2024-03-26T15:00:00Z,68.06,2024-03-26T16:00:00+01:00,2024-03-26
2024-03-26T16:00:00Z,81.05,2024-03-26T17:00:00+01:00,2024-03-26
2024-03-26T17:00:00Z,100.75,2024-03-26T18:00:00+01:00,2024-03-26
2024-03-26T18:00:00Z,100.3,2024-03-26T19:00:00+01:00,2024-03-26
2024-03-26T19:00:00Z,80.0,2024-03-26T20:00:00+01:00,2024-03-26
2024-03-26T20:00:00Z,77.05,2024-03-26T21:00:00+01:00,2024-03-26
2024-03-26T21:00:00Z,72.82,2024-03-26T22:00:00+01:00,2024-03-26
2024-03-26T22:00:00Z,66.92,2024-03-26T23:00:00+01:00,2024-03-26
2024-03-26T23:00:00Z,58.35,2024-03-27T00:00:00+01:00,2024-03-27
2024-03-27T00:00:00Z,57.09,2024-03-27T01:00:00+01:00,2024-03-27
2024-03-27T01:00:00Z,57.28,2024-03-27T02:00:00+01:00,2024-03-27
2024-03-27T02:00:00Z,57.79,2024-03-27T03:00:00+01:00,2024-03-27
2024-03-27T03:00:00Z,60.03,2024-03-27T04:00:00+01:00,2024-03-27
2024-03-27T04:00:00Z,72.38,2024-03-27T05:00:00+01:00,2024-03-27
2024-03-27T05:00:00Z,81.17,2024-03-27T06:00:00+01:00,2024-03-27
2024-03-27T06:00:00Z,82.78,2024-03-27T07:00:00+01:00,2024-03-27
2024-03-27T07:00:00Z,80.01,2024-03-27T08:00:00+01:00,2024-03-27
2024-03-27T08:00:00Z,68.12,2024-03-27T09:00:00+01:00,2024-03-27
2024-03-27T09:00:00Z,63.9,2024-03-27T10:00:00+01:00,2024-03-27
2024-03-27T10:00:00Z,57.13,2024-03-27T11:00:00+01:00,2024-03-27
2024-03-27T11:00:00Z,57.66,2024-03-27T12:00:00+01:00,2024-03-27
2024-03-27T12:00:00Z,60.0,2024-03-27T13:00:00+01:00,2024-03-27
2024-03-27T13:00:00Z,67.8,2024-03-27T14:00:00+01:00,2024-03-27
2024-03-27T14:00:00Z,78.93,2024-03-27T15:00:00+01:00,2024-03-27
2024-03-27T15:00:00Z,84.14,2024-03-27T16:00:00+01:00,2024-03-27
2024-03-27T16:00:00Z,100.53,2024-03-27T17:00:00+01:00,2024-03-27
2024-03-27T17:00:00Z,125.93,2024-03-27T18:00:00+01:00,2024-03-27
2024-03-27T18:00:00Z,118.94,2024-03-27T19:00:00+01:00,2024-03-27
2024-03-27T19:00:00Z,99.42,2024-03-27T20:00:00+01:00,2024-03-27
2024-03-27T20:00:00Z,84.25,2024-03-27T21:00:00+01:00,2024-03-27
2024-03-27T21:00:00Z,83.02,2024-03-27T22:00:00+01:00,2024-03-27
2024-03-27T22:00:00Z,74.47,2024-03-27T23:00:00+01:00,2024-03-27
2024-03-27T23:00:00Z,79.09,2024-03-28T00:00:00+01:00,2024-03-28
2024-03-28T00:00:00Z,72.6,2024-03-28T01:00:00+01:00,2024-03-28
2024-03-28T01:00:00Z,65.24,2024-03-28T02:00:00+01:00,2024-03-28
2024-03-28T02:00:00Z,64.41,2024-03-28T03:00:00+01:00,2024-03-28
2024-03-28T03:00:00Z,66.69,2024-03-28T04:00:00+01:00,2024-03-28
2024-03-28T04:00:00Z,71.6,2024-03-28T05:00:00+01:00,2024-03-28
2024-03-28T05:00:00Z,82.07,2024-03-28T06:00:00+01:00,2024-03-28
2024-03-28T06:00:00Z,83.19,2024-03-28T07:00:00+01:00,2024-03-28
2024-03-28T07:00:00Z,80.92,2024-03-28T08:00:00+01:00,2024-03-28
2024-03-28T08:00:00Z,63.24,2024-03-28T09:00:00+01:00,2024-03-28
2024-03-28T09:00:00Z,47.07,2024-03-28T10:00:00+01:00,2024-03-28
2024-03-28T10:00:00Z,37.0,2024-03-28T11:00:00+01:00,2024-03-28
2024-03-28T11:00:00Z,6.74,2024-03-28T12:00:00+01:00,2024-03-28
2024-03-28T12:00:00Z,0.05,2024-03-28T13:00:00+01:00,2024-03-28
2024-03-28T13:00:00Z,0.04,2024-03-28T14:00:00+01:00,2024-03-28
2024-03-28T14:00:00Z,9.82,2024-03-28T15:00:00+01:00,2024-03-28
2024-03-28T15:00:00Z,33.17,2024-03-28T16:00:00+01:00,2024-03-28
2024-03-28T16:00:00Z,52.72,2024-03-28T17:00:00+01:00,2024-03-28
2024-03-28T17:00:00Z,73.97,2024-03-28T18:00:00+01:00,2024-03-28
2024-03-28T18:00:00Z,70.33,2024-03-28T19:00:00+01:00,2024-03-28
2024-03-28T19:00:00Z,62.54,2024-03-28T20:00:00+01:00,2024-03-28
2024-03-28T20:00:00Z,51.83,2024-03-28T21:00:00+01:00,2024-03-28
2024-03-28T21:00:00Z,33.05,2024-03-28T22:00:00+01:00,2024-03-28
2024-03-28T22:00:00Z,25.0,2024-03-28T23:00:00+01:00,2024-03-28
2024-03-28T23:00:00Z,20.6,2024-03-29T00:00:00+01:00,2024-03-29
2024-03-29T00:00:00Z,18.83,2024-03-29T01:00:00+01:00,2024-03-29
2024-03-29T01:00:00Z,12.43,2024-03-29T02:00:00+01:00,2024-03-29
2024-03-29T02:00:00Z,10.24,2024-03-29T03:00:00+01:00,2024-03-29
2024-03-29T03:00:00Z,12.59,2024-03-29T04:00:00+01:00,2024-03-29
2024-03-29T04:00:00Z,14.32,2024-03-29T05:00:00+01:00,2024-03-29
2024-03-29T05:00:00Z,22.02,2024-03-29T06:00:00+01:00,2024-03-29
2024-03-29T06:00:00Z,22.39,2024-03-29T07:00:00+01:00,2024-03-29
2024-03-29T07:00:00Z,15.94,2024-03-29T08:00:00+01:00,2024-03-29
2024-03-29T08:00:00Z,13.28,2024-03-29T09:00:00+01:00,2024-03-29
2024-03-29T09:00:00Z,16.88,2024-03-29T10:00:00+01:00,2024-03-29
2024-03-29T10:00:00Z,18.83,2024-03-29T11:00:00+01:00,2024-03-29
2024-03-29T11:00:00Z,13.0,2024-03-29T12:00:00+01:00,2024-03-29
2024-03-29T12:00:00Z,9.86,2024-03-29T13:00:00+01:00,2024-03-29
2024-03-29T13:00:00Z,13.44,2024-03-29T14:00:00+01:00,2024-03-29
2024-03-29T14:00:00Z,21.58,2024-03-29T15:00:00+01:00,2024-03-29
2024-03-29T15:00:00Z,49.5,2024-03-29T16:00:00+01:00,2024-03-29
2024-03-29T16:00:00Z,79.93,2024-03-29T17:00:00+01:00,2024-03-29
2024-03-29T17:00:00Z,101.97,2024-03-29T18:00:00+01:00,2024-03-29
2024-03-29T18:00:00Z,105.45,2024-03-29T19:00:00+01:00,2024-03-29
2024-03-29T19:00:00Z,87.4,2024-03-29T20:00:00+01:00,2024-03-29
2024-03-29T20:00:00Z,79.93,2024-03-29T21:00:00+01:00,2024-03-29
2024-03-29T21:00:00Z,75.89,2024-03-29T22:00:00+01:00,2024-03-29
2024-03-29T22:00:00Z,70.0,2024-03-29T23:00:00+01:00,2024-03-29
2024-03-29T23:00:00Z,69.3,2024-03-30T00:00:00+01:00,2024-03-30
2024-03-30T00:00:00Z,58.16,2024-03-30T01:00:00+01:00,2024-03-30
2024-03-30T01:00:00Z,58.88,2024-03-30T02:00:00+01:00,2024-03-30
2024-03-30T02:00:00Z,58.95,2024-03-30T03:00:00+01:00,2024-03-30
2024-03-30T03:00:00Z,59.23,2024-03-30T04:00:00+01:00,2024-03-30
2024-03-30T04:00:00Z,65.05,2024-03-30T05:00:00+01:00,2024-03-30
2024-03-30T05:00:00Z,58.57,2024-03-30T06:00:00+01:00,2024-03-30
2024-03-30T06:00:00Z,47.79,2024-03-30T07:00:00+01:00,2024-03-30
2024-03-30T07:00:00Z,45.23,2024-03-30T08:00:00+01:00,2024-03-30
2024-03-30T08:00:00Z,43.38,2024-03-30T09:00:00+01:00,2024-03-30
2024-03-30T09:00:00Z,34.49,2024-03-30T10:00:00+01:00,2024-03-30
2024-03-30T10:00:00Z,23.21,2024-03-30T11:00:00+01:00,2024-03-30
2024-03-30T11:00:00Z,14.76,2024-03-30T12:00:00+01:00,2024-03-30
2024-03-30T12:00:00Z,6.85,2024-03-30T13:00:00+01:00,2024-03-30
2024-03-30T13:00:00Z,15.87,2024-03-30T14:00:00+01:00,2024-03-30
2024-03-30T14:00:00Z,34.2,2024-03-30T15:00:00+01:00,2024-03-30
2024-03-30T15:00:00Z,52.52,2024-03-30T16:00:00+01:00,2024-03-30
2024-03-30T16:00:00Z,77.75,2024-03-30T17:00:00+01:00,2024-03-30
2024-03-30T17:00:00Z,88.11,2024-03-30T18:00:00+01:00,2024-03-30
2024-03-30T18:00:00Z,83.53,2024-03-30T19:00:00+01:00,2024-03-30
2024-03-30T19:00:00Z,74.11,2024-03-30T20:00:00+01:00,2024-03-30
2024-03-30T20:00:00Z,71.47,2024-03-30T21:00:00+01:00,2024-03-30
2024-03-30T21:00:00Z,70.83,2024-03-30T22:00:00+01:00,2024-03-30
2024-03-30T22:00:00Z,65.74,2024-03-30T23:00:00+01:00,2024-03-30
2024-03-30T23:00:00Z,75.7,2024-03-31T00:00:00+01:00,2024-03-31
2024-03-31T00:00:00Z,66.71,2024-03-31T01:00:00+01:00,2024-03-31
2024-03-31T01:00:00Z,64.98,2024-03-31T03:00:00+02:00,2024-03-31
2024-03-31T02:00:00Z,60.48,2024-03-31T04:00:00+02:00,2024-03-31
2024-03-31T03:00:00Z,58.74,2024-03-31T05:00:00+02:00,2024-03-31
2024-03-31T04:00:00Z,64.46,2024-03-31T06:00:00+02:00,2024-03-31
2024-03-31T05:00:00Z,71.51,2024-03-31T07:00:00+02:00,2024-03-31
2024-03-31T06:00:00Z,65.03,2024-03-31T08:00:00+02:00,2024-03-31
2024-03-31T07:00:00Z,50.32,2024-03-31T09:00:00+02:00,2024-03-31
2024-03-31T08:00:00Z,41.03,2024-03-31T10:00:00+02:00,2024-03-31
2024-03-31T09:00:00Z,29.52,2024-03-31T11:00:00+02:00,2024-03-31
2024-03-31T10:00:00Z,19.85,2024-03-31T12:00:00+02:00,2024-03-31
2024-03-31T11:00:00Z,3.06,2024-03-31T13:00:00+02:00,2024-03-31
2024-03-31T12:00:00Z,1.03,2024-03-31T14:00:00+02:00,2024-03-31
2024-03-31T13:00:00Z,15.27,2024-03-31T15:00:00+02:00,2024-03-31
2024-03-31T14:00:00Z,41.07,2024-03-31T16:00:00+02:00,2024-03-31
2024-03-31T15:00:00Z,66.74,2024-03-31T17:00:00+02:00,2024-03-31
2024-03-31T16:00:00Z,89.32,2024-03-31T18:00:00+02:00,2024-03-31
2024-03-31T17:00:00Z,117.29,2024-03-31T19:00:00+02:00,2024-03-31
2024-03-31T18:00:00Z,83.72,2024-03-31T20:00:00+02:00,2024-03-31
2024-03-31T19:00:00Z,70.0,2024-03-31T21:00:00+02:00,2024-03-31
2024-03-31T20:00:00Z,64.51,2024-03-31T22:00:00+02:00,2024-03-31
2024-03-31T21:00:00Z,54.9,2024-03-31T23:00:00+02:00,2024-03-31
2024-03-31T22:00:00Z,49.95,2024-04-01T00:00:00+02:00,2024-04-01
2024-03-31T23:00:00Z,48.98,2024-04-01T01:00:00+02:00,2024-04-01
2024-04-01T00:00:00Z,46.06,2024-04-01T02:00:00+02:00,2024-04-01
2024-04-01T01:00:00Z,43.58,2024-04-01T03:00:00+02:00,2024-04-01
2024-04-01T02:00:00Z,49.4,2024-04-01T04:00:00+02:00,2024-04-01
2024-04-01T03:00:00Z,52.35,2024-04-01T05:00:00+02:00,2024-04-01
2024-04-01T04:00:00Z,58.71,2024-04-01T06:00:00+02:00,2024-04-01
2024-04-01T05:00:00Z,64.49,2024-04-01T07:00:00+02:00,2024-04-01
2024-04-01T06:00:00Z,58.71,2024-04-01T08:00:00+02:00,2024-04-01
2024-04-01T07:00:00Z,60.89,2024-04-01T09:00:00+02:00,2024-04-01
2024-04-01T08:00:00Z,54.36,2024-04-01T10:00:00+02:00,2024-04-01
2024-04-01T09:00:00Z,35.39,2024-04-01T11:00:00+02:00,2024-04-01
2024-04-01T10:00:00Z,13.04,2024-04-01T12:00:00+02:00,2024-04-01
2024-04-01T11:00:00Z,0.03,2024-04-01T13:00:00+02:00,2024-04-01
2024-04-01T12:00:00Z,-0.01,2024-04-01T14:00:00+02:00,2024-04-01
2024-04-01T13:00:00Z,-0.01,2024-04-01T15:00:00+02:00,2024-04-01
2024-04-01T14:00:00Z,-0.01,2024-04-01T16:00:00+02:00,2024-04-01
2024-04-01T15:00:00Z,5.79,2024-04-01T17:00:00+02:00,2024-04-01
2024-04-01T16:00:00Z,41.97,2024-04-01T18:00:00+02:00,2024-04-01
2024-04-01T17:00:00Z,48.53,2024-04-01T19:00:00+02:00,2024-04-01
2024-04-01T18:00:00Z,49.88,2024-04-01T20:00:00+02:00,2024-04-01
2024-04-01T19:00:00Z,45.69,2024-04-01T21:00:00+02:00,2024-04-01
2024-04-01T20:00:00Z,25.97,2024-04-01T22:00:00+02:00,2024-04-01
2024-04-01T21:00:00Z,7.47,2024-04-01T23:00:00+02:00,2024-04-01
2024-04-01T22:00:00Z,7.97,2024-04-02T00:00:00+02:00,2024-04-02
2024-04-01T23:00:00Z,1.28,2024-04-02T01:00:00+02:00,2024-04-02
2024-04-02T00:00:00Z,0.61,2024-04-02T02:00:00+02:00,2024-04-02
2024-04-02T01:00:00Z,0.87,2024-04-02T03:00:00+02:00,2024-04-02
2024-04-02T02:00:00Z,1.94,2024-04-02T04:00:00+02:00,2024-04-02
2024-04-02T03:00:00Z,7.27,2024-04-02T05:00:00+02:00,2024-04-02
2024-04-02T04:00:00Z,57.22,2024-04-02T06:00:00+02:00,2024-04-02
2024-04-02T05:00:00Z,74.36,2024-04-02T07:00:00+02:00,2024-04-02
2024-04-02T06:00:00Z,68.93,2024-04-02T08:00:00+02:00,2024-04-02
2024-04-02T07:00:00Z,46.98,2024-04-02T09:00:00+02:00,2024-04-02
2024-04-02T08:00:00Z,2.66,2024-04-02T10:00:00+02:00,2024-04-02
2024-04-02T09:00:00Z,-0.06,2024-04-02T11:00:00+02:00,2024-04-02
2024-04-02T10:00:00Z,-1.09,2024-04-02T12:00:00+02:00,2024-04-02
2024-04-02T11:00:00Z,-0.97,2024-04-02T13:00:00+02:00,2024-04-02
2024-04-02T12:00:00Z,-0.07,2024-04-02T14:00:00+02:00,2024-04-02
2024-04-02T13:00:00Z,0.0,2024-04-02T15:00:00+02:00,2024-04-02
2024-04-02T14:00:00Z,4.31,2024-04-02T16:00:00+02:00,2024-04-02
2024-04-02T15:00:00Z,41.46,2024-04-02T17:00:00+02:00,2024-04-02
2024-04-02T16:00:00Z,72.7,2024-04-02T18:00:00+02:00,2024-04-02
2024-04-02T17:00:00Z,95.39,2024-04-02T19:00:00+02:00,2024-04-02
2024-04-02T18:00:00Z,94.88,2024-04-02T20:00:00+02:00,2024-04-02
2024-04-02T19:00:00Z,78.13,2024-04-02T21:00:00+02:00,2024-04-02
2024-04-02T20:00:00Z,74.86,2024-04-02T22:00:00+02:00,2024-04-02
2024-04-02T21:00:00Z,70.88,2024-04-02T23:00:00+02:00,2024-04-02
2024-04-02T22:00:00Z,74.13,2024-04-03T00:00:00+02:00,2024-04-03
2024-04-02T23:00:00Z,71.75,2024-04-03T01:00:00+02:00,2024-04-03
2024-04-03T00:00:00Z,70.05,2024-04-03T02:00:00+02:00,2024-04-03
2024-04-03T01:00:00Z,72.51,2024-04-03T03:00:00+02:00,2024-04-03
2024-04-03T02:00:00Z,72.34,2024-04-03T04:00:00+02:00,2024-04-03
2024-04-03T03:00:00Z,78.71,2024-04-03T05:00:00+02:00,2024-04-03
2024-04-03T04:00:00Z,94.91,2024-04-03T06:00:00+02:00,2024-04-03
2024-04-03T05:00:00Z,117.93,2024-04-03T07:00:00+02:00,2024-04-03
2024-04-03T06:00:00Z,117.93,2024-04-03T08:00:00+02:00,2024-04-03
2024-04-03T07:00:00Z,100.98,2024-04-03T09:00:00+02:00,2024-04-03
2024-04-03T08:00:00Z,107.35,2024-04-03T10:00:00+02:00,2024-04-03
2024-04-03T09:00:00Z,90.81,2024-04-03T11:00:00+02:00,2024-04-03
2024-04-03T10:00:00Z,82.03,2024-04-03T12:00:00+02:00,2024-04-03
2024-04-03T11:00:00Z,76.88,2024-04-03T13:00:00+02:00,2024-04-03
2024-04-03T12:00:00Z,73.04,2024-04-03T14:00:00+02:00,2024-04-03
2024-04-03T13:00:00Z,73.07,2024-04-03T15:00:00+02:00,2024-04-03
2024-04-03T14:00:00Z,76.7,2024-04-03T16:00:00+02:00,2024-04-03
2024-04-03T15:00:00Z,92.44,2024-04-03T17:00:00+02:00,2024-04-03
2024-04-03T16:00:00Z,108.14,2024-04-03T18:00:00+02:00,2024-04-03
2024-04-03T17:00:00Z,123.3,2024-04-03T19:00:00+02:00,2024-04-03
2024-04-03T18:00:00Z,101.58,2024-04-03T20:00:00+02:00,2024-04-03
2024-04-03T19:00:00Z,80.97,2024-04-03T21:00:00+02:00,2024-04-03
2024-04-03T20:00:00Z,75.51,2024-04-03T22:00:00+02:00,2024-04-03
2024-04-03T21:00:00Z,63.89,2024-04-03T23:00:00+02:00,2024-04-03
2024-04-03T22:00:00Z,54.52,2024-04-04T00:00:00+02:00,2024-04-04
2024-04-03T23:00:00Z,52.01,2024-04-04T01:00:00+02:00,2024-04-04
2024-04-04T00:00:00Z,50.17,2024-04-04T02:00:00+02:00,2024-04-04
2024-04-04T01:00:00Z,51.57,2024-04-04T03:00:00+02:00,2024-04-04
2024-04-04T02:00:00Z,51.94,2024-04-04T04:00:00+02:00,2024-04-04
2024-04-04T03:00:00Z,55.1,2024-04-04T05:00:00+02:00,2024-04-04
2024-04-04T04:00:00Z,67.52,2024-04-04T06:00:00+02:00,2024-04-04
2024-04-04T05:00:00Z,79.16,2024-04-04T07:00:00+02:00,2024-04-04
2024-04-04T06:00:00Z,77.18,2024-04-04T08:00:00+02:00,2024-04-04
2024-04-04T07:00:00Z,71.94,2024-04-04T09:00:00+02:00,2024-04-04
2024-04-04T08:00:00Z,69.45,2024-04-04T10:00:00+02:00,2024-04-04
2024-04-04T09:00:00Z,63.06,2024-04-04T11:00:00+02:00,2024-04-04
2024-04-04T10:00:00Z,58.08,2024-04-04T12:00:00+02:00,2024-04-04
2024-04-04T11:00:00Z,56.22,2024-04-04T13:00:00+02:00,2024-04-04
2024-04-04T12:00:00Z,55.49,2024-04-04T14:00:00+02:00,2024-04-04
2024-04-04T13:00:00Z,56.17,2024-04-04T15:00:00+02:00,2024-04-04
2024-04-04T14:00:00Z,57.08,2024-04-04T16:00:00+02:00,2024-04-04
2024-04-04T15:00:00Z,69.08,2024-04-04T17:00:00+02:00,2024-04-04
2024-04-04T16:00:00Z,75.36,2024-04-04T18:00:00+02:00,2024-04-04
2024-04-04T17:00:00Z,90.66,2024-04-04T19:00:00+02:00,2024-04-04
2024-04-04T18:00:00Z,80.58,2024-04-04T20:00:00+02:00,2024-04-04
2024-04-04T19:00:00Z,73.29,2024-04-04T21:00:00+02:00,2024-04-04
2024-04-04T20:00:00Z,71.47,2024-04-04T22:00:00+02:00,2024-04-04
2024-04-04T21:00:00Z,61.53,2024-04-04T23:00:00+02:00,2024-04-04
2024-04-04T22:00:00Z,62.72,2024-04-05T00:00:00+02:00,2024-04-05
2024-04-04T23:00:00Z,59.08,2024-04-05T01:00:00+02:00,2024-04-05
2024-04-05T00:00:00Z,55.96,2024-04-05T02:00:00+02:00,2024-04-05
2024-04-05T01:00:00Z,56.59,2024-04-05T03:00:00+02:00,2024-04-05
2024-04-05T02:00:00Z,53.9,2024-04-05T04:00:00+02:00,2024-04-05
2024-04-05T03:00:00Z,62.5,2024-04-05T05:00:00+02:00,2024-04-05
2024-04-05T04:00:00Z,76.29,2024-04-05T06:00:00+02:00,2024-04-05
2024-04-05T05:00:00Z,84.24,2024-04-05T07:00:00+02:00,2024-04-05
2024-04-05T06:00:00Z,81.0,2024-04-05T08:00:00+02:00,2024-04-05
2024-04-05T07:00:00Z,67.59,2024-04-05T09:00:00+02:00,2024-04-05
2024-04-05T08:00:00Z,50.5,2024-04-05T10:00:00+02:00,2024-04-05
2024-04-05T09:00:00Z,25.97,2024-04-05T11:00:00+02:00,2024-04-05
2024-04-05T10:00:00Z,9.16,2024-04-05T12:00:00+02:00,2024-04-05
2024-04-05T11:00:00Z,0.0,2024-04-05T13:00:00+02:00,2024-04-05
2024-04-05T12:00:00Z,-0.1,2024-04-05T14:00:00+02:00,2024-04-05
2024-04-05T13:00:00Z,0.05,2024-04-05T15:00:00+02:00,2024-04-05
2024-04-05T14:00:00Z,8.09,2024-04-05T16:00:00+02:00,2024-04-05
2024-04-05T15:00:00Z,37.46,2024-04-05T17:00:00+02:00,2024-04-05
2024-04-05T16:00:00Z,49.65,2024-04-05T18:00:00+02:00,2024-04-05
2024-04-05T17:00:00Z,55.94,2024-04-05T19:00:00+02:00,2024-04-05
2024-04-05T18:00:00Z,55.64,2024-04-05T20:00:00+02:00,2024-04-05
2024-04-05T19:00:00Z,54.71,2024-04-05T21:00:00+02:00,2024-04-05
2024-04-05T20:00:00Z,56.13,2024-04-05T22:00:00+02:00,2024-04-05
2024-04-05T21:00:00Z,55.07,2024-04-05T23:00:00+02:00,2024-04-05
2024-04-05T22:00:00Z,43.08,2024-04-06T00:00:00+02:00,2024-04-06
2024-04-05T23:00:00Z,45.01,2024-04-06T01:00:00+02:00,2024-04-06
2024-04-06T00:00:00Z,46.89,2024-04-06T02:00:00+02:00,2024-04-06
2024-04-06T01:00:00Z,47.56,2024-04-06T03:00:00+02:00,2024-04-06
2024-04-06T02:00:00Z,50.65,2024-04-06T04:00:00+02:00,2024-04-06
2024-04-06T03:00:00Z,54.88,2024-04-06T05:00:00+02:00,2024-04-06
2024-04-06T04:00:00Z,58.73,2024-04-06T06:00:00+02:00,2024-04-06
2024-04-06T05:00:00Z,59.87,2024-04-06T07:00:00+02:00,2024-04-06
2024-04-06T06:00:00Z,59.24,2024-04-06T08:00:00+02:00,2024-04-06
2024-04-06T07:00:00Z,48.94,2024-04-06T09:00:00+02:00,2024-04-06
2024-04-06T08:00:00Z,29.42,2024-04-06T10:00:00+02:00,2024-04-06
2024-04-06T09:00:00Z,-0.73,2024-04-06T11:00:00+02:00,2024-04-06
2024-04-06T10:00:00Z,-16.4,2024-04-06T12:00:00+02:00,2024-04-06
2024-04-06T11:00:00Z,-59.92,2024-04-06T13:00:00+02:00,2024-04-06
2024-04-06T12:00:00Z,-57.59,2024-04-06T14:00:00+02:00,2024-04-06
2024-04-06T13:00:00Z,-34.61,2024-04-06T15:00:00+02:00,2024-04-06
2024-04-06T14:00:00Z,-4.66,2024-04-06T16:00:00+02:00,2024-04-06
2024-04-06T15:00:00Z,15.81,2024-04-06T17:00:00+02:00,2024-04-06
2024-04-06T16:00:00Z,67.56,2024-04-06T18:00:00+02:00,2024-04-06
2024-04-06T17:00:00Z,73.99,2024-04-06T19:00:00+02:00,2024-04-06
2024-04-06T18:00:00Z,68.65,2024-04-06T20:00:00+02:00,2024-04-06
2024-04-06T19:00:00Z,46.46,2024-04-06T21:00:00+02:00,2024-04-06
2024-04-06T20:00:00Z,45.07,2024-04-06T22:00:00+02:00,2024-04-06
2024-04-06T21:00:00Z,25.88,2024-04-06T23:00:00+02:00,2024-04-06
2024-04-06T22:00:00Z,10.97,2024-04-07T00:00:00+02:00,2024-04-07
2024-04-06T23:00:00Z,0.09,2024-04-07T01:00:00+02:00,2024-04-07
2024-04-07T00:00:00Z,0.0,2024-04-07T02:00:00+02:00,2024-04-07
2024-04-07T01:00:00Z,0.0,2024-04-07T03:00:00+02:00,2024-04-07
2024-04-07T02:00:00Z,0.0,2024-04-07T04:00:00+02:00,2024-04-07
2024-04-07T03:00:00Z,0.0,2024-04-07T05:00:00+02:00,2024-04-07
2024-04-07T04:00:00Z,0.0,2024-04-07T06:00:00+02:00,2024-04-07
2024-04-07T05:00:00Z,0.0,2024-04-07T07:00:00+02:00,2024-04-07
2024-04-07T06:00:00Z,0.0,2024-04-07T08:00:00+02:00,2024-04-07
2024-04-07T07:00:00Z,-0.01,2024-04-07T09:00:00+02:00,2024-04-07
2024-04-07T08:00:00Z,-0.16,2024-04-07T10:00:00+02:00,2024-04-07
2024-04-07T09:00:00Z,-3.25,2024-04-07T11:00:00+02:00,2024-04-07
2024-04-07T10:00:00Z,-9.94,2024-04-07T12:00:00+02:00,2024-04-07
2024-04-07T11:00:00Z,-26.79,2024-04-07T13:00:00+02:00,2024-04-07
2024-04-07T12:00:00Z,-20.06,2024-04-07T14:00:00+02:00,2024-04-07
2024-04-07T13:00:00Z,-5.04,2024-04-07T15:00:00+02:00,2024-04-07
2024-04-07T14:00:00Z,-0.16,2024-04-07T16:00:00+02:00,2024-04-07
2024-04-07T15:00:00Z,6.92,2024-04-07T17:00:00+02:00,2024-04-07
2024-04-07T16:00:00Z,91.46,2024-04-07T18:00:00+02:00,2024-04-07
2024-04-07T17:00:00Z,108.39,2024-04-07T19:00:00+02:00,2024-04-07
2024-04-07T18:00:00Z,106.4,2024-04-07T20:00:00+02:00,2024-04-07
2024-04-07T19:00:00Z,89.95,2024-04-07T21:00:00+02:00,2024-04-07
2024-04-07T20:00:00Z,77.46,2024-04-07T22:00:00+02:00,2024-04-07
2024-04-07T21:00:00Z,72.06,2024-04-07T23:00:00+02:00,2024-04-07
2024-04-07T22:00:00Z,70.77,2024-04-08T00:00:00+02:00,2024-04-08
2024-04-07T23:00:00Z,70.71,2024-04-08T01:00:00+02:00,2024-04-08
2024-04-08T00:00:00Z,68.12,2024-04-08T02:00:00+02:00,2024-04-08
2024-04-08T01:00:00Z,70.71,2024-04-08T03:00:00+02:00,2024-04-08
2024-04-08T02:00:00Z,71.57,2024-04-08T04:00:00+02:00,2024-04-08
2024-04-08T03:00:00Z,77.44,2024-04-08T05:00:00+02:00,2024-04-08
2024-04-08T04:00:00Z,101.99,2024-04-08T06:00:00+02:00,2024-04-08
2024-04-08T05:00:00Z,149.78,2024-04-08T07:00:00+02:00,2024-04-08
2024-04-08T06:00:00Z,128.52,2024-04-08T08:00:00+02:00,2024-04-08
2024-04-08T07:00:00Z,85.51,2024-04-08T09:00:00+02:00,2024-04-08
2024-04-08T08:00:00Z,80.6,2024-04-08T10:00:00+02:00,2024-04-08
2024-04-08T09:00:00Z,71.23,2024-04-08T11:00:00+02:00,2024-04-08
2024-04-08T10:00:00Z,64.7,2024-04-08T12:00:00+02:00,2024-04-08
2024-04-08T11:00:00Z,60.0,2024-04-08T13:00:00+02:00,2024-04-08
2024-04-08T12:00:00Z,57.89,2024-04-08T14:00:00+02:00,2024-04-08
2024-04-08T13:00:00Z,63.4,2024-04-08T15:00:00+02:00,2024-04-08
2024-04-08T14:00:00Z,70.0,2024-04-08T16:00:00+02:00,2024-04-08
2024-04-08T15:00:00Z,75.01,2024-04-08T17:00:00+02:00,2024-04-08
2024-04-08T16:00:00Z,104.9,2024-04-08T18:00:00+02:00,2024-04-08
2024-04-08T17:00:00Z,137.3,2024-04-08T19:00:00+02:00,2024-04-08
2024-04-08T18:00:00Z,124.8,2024-04-08T20:00:00+02:00,2024-04-08
2024-04-08T19:00:00Z,84.85,2024-04-08T21:00:00+02:00,2024-04-08
2024-04-08T20:00:00Z,77.0,2024-04-08T22:00:00+02:00,2024-04-08
2024-04-08T21:00:00Z,70.19,2024-04-08T23:00:00+02:00,2024-04-08
2024-04-08T22:00:00Z,78.21,2024-04-09T00:00:00+02:00,2024-04-09
2024-04-08T23:00:00Z,69.39,2024-04-09T01:00:00+02:00,2024-04-09
2024-04-09T00:00:00Z,64.73,2024-04-09T02:00:00+02:00,2024-04-09
2024-04-09T01:00:00Z,59.95,2024-04-09T03:00:00+02:00,2024-04-09
2024-04-09T02:00:00Z,62.48,2024-04-09T04:00:00+02:00,2024-04-09
2024-04-09T03:00:00Z,68.34,2024-04-09T05:00:00+02:00,2024-04-09
2024-04-09T04:00:00Z,86.69,2024-04-09T06:00:00+02:00,2024-04-09
2024-04-09T05:00:00Z,90.9,2024-04-09T07:00:00+02:00,2024-04-09
2024-04-09T06:00:00Z,79.78,2024-04-09T08:00:00+02:00,2024-04-09
2024-04-09T07:00:00Z,68.3,2024-04-09T09:00:00+02:00,2024-04-09
2024-04-09T08:00:00Z,51.6,2024-04-09T10:00:00+02:00,2024-04-09
2024-04-09T09:00:00Z,43.98,2024-04-09T11:00:00+02:00,2024-04-09
2024-04-09T10:00:00Z,36.05,2024-04-09T12:00:00+02:00,2024-04-09
2024-04-09T11:00:00Z,10.09,2024-04-09T13:00:00+02:00,2024-04-09
2024-04-09T12:00:00Z,10.5,2024-04-09T14:00:00+02:00,2024-04-09
2024-04-09T13:00:00Z,29.04,2024-04-09T15:00:00+02:00,2024-04-09
2024-04-09T14:00:00Z,38.27,2024-04-09T16:00:00+02:00,2024-04-09
2024-04-09T15:00:00Z,50.15,2024-04-09T17:00:00+02:00,2024-04-09
2024-04-09T16:00:00Z,65.9,2024-04-09T18:00:00+02:00,2024-04-09
2024-04-09T17:00:00Z,81.75,2024-04-09T19:00:00+02:00,2024-04-09
2024-04-09T18:00:00Z,81.74,2024-04-09T20:00:00+02:00,2024-04-09
2024-04-09T19:00:00Z,67.98,2024-04-09T21:00:00+02:00,2024-04-09
2024-04-09T20:00:00Z,60.51,2024-04-09T22:00:00+02:00,2024-04-09
2024-04-09T21:00:00Z,35.49,2024-04-09T23:00:00+02:00,2024-04-09
2024-04-09T22:00:00Z,22.89,2024-04-10T00:00:00+02:00,2024-04-10
2024-04-09T23:00:00Z,5.95,2024-04-10T01:00:00+02:00,2024-04-10
2024-04-10T00:00:00Z,6.19,2024-04-10T02:00:00+02:00,2024-04-10
2024-04-10T01:00:00Z,8.99,2024-04-10T03:00:00+02:00,2024-04-10
2024-04-10T02:00:00Z,26.3,2024-04-10T04:00:00+02:00,2024-04-10
2024-04-10T03:00:00Z,50.03,2024-04-10T05:00:00+02:00,2024-04-10
2024-04-10T04:00:00Z,75.91,2024-04-10T06:00:00+02:00,2024-04-10
2024-04-10T05:00:00Z,99.63,2024-04-10T07:00:00+02:00,2024-04-10
2024-04-10T06:00:00Z,106.02,2024-04-10T08:00:00+02:00,2024-04-10
2024-04-10T07:00:00Z,80.46,2024-04-10T09:00:00+02:00,2024-04-10
2024-04-10T08:00:00Z,67.66,2024-04-10T10:00:00+02:00,2024-04-10
2024-04-10T09:00:00Z,56.05,2024-04-10T11:00:00+02:00,2024-04-10
2024-04-10T10:00:00Z,55.62,2024-04-10T12:00:00+02:00,2024-04-10
2024-04-10T11:00:00Z,30.32,2024-04-10T13:00:00+02:00,2024-04-10
2024-04-10T12:00:00Z,31.29,2024-04-10T14:00:00+02:00,2024-04-10
2024-04-10T13:00:00Z,55.35,2024-04-10T15:00:00+02:00,2024-04-10
2024-04-10T14:00:00Z,62.91,2024-04-10T16:00:00+02:00,2024-04-10
2024-04-10T15:00:00Z,75.32,2024-04-10T17:00:00+02:00,2024-04-10
2024-04-10T16:00:00Z,100.83,2024-04-10T18:00:00+02:00,2024-04-10
2024-04-10T17:00:00Z,191.15,2024-04-10T19:00:00+02:00,2024-04-10
2024-04-10T18:00:00Z,191.19,2024-04-10T20:00:00+02:00,2024-04-10
2024-04-10T19:00:00Z,115.59,2024-04-10T21:00:00+02:00,2024-04-10
2024-04-10T20:00:00Z,86.1,2024-04-10T22:00:00+02:00,2024-04-10
2024-04-10T21:00:00Z,76.1,2024-04-10T23:00:00+02:00,2024-04-10
2024-04-10T22:00:00Z,72.58,2024-04-11T00:00:00+02:00,2024-04-11
2024-04-10T23:00:00Z,67.36,2024-04-11T01:00:00+02:00,2024-04-11
2024-04-11T00:00:00Z,62.24,2024-04-11T02:00:00+02:00,2024-04-11
2024-04-11T01:00:00Z,58.81,2024-04-11T03:00:00+02:00,2024-04-11
2024-04-11T02:00:00Z,59.08,2024-04-11T04:00:00+02:00,2024-04-11
2024-04-11T03:00:00Z,55.57,2024-04-11T05:00:00+02:00,2024-04-11
2024-04-11T04:00:00Z,74.63,2024-04-11T06:00:00+02:00,2024-04-11
2024-04-11T05:00:00Z,68.8,2024-04-11T07:00:00+02:00,2024-04-11
2024-04-11T06:00:00Z,52.2,2024-04-11T08:00:00+02:00,2024-04-11
2024-04-11T07:00:00Z,30.0,2024-04-11T09:00:00+02:00,2024-04-11
2024-04-11T08:00:00Z,10.05,2024-04-11T10:00:00+02:00,2024-04-11
2024-04-11T09:00:00Z,0.86,2024-04-11T11:00:00+02:00,2024-04-11
2024-04-11T10:00:00Z,0.91,2024-04-11T12:00:00+02:00,2024-04-11
2024-04-11T11:00:00Z,1.1,2024-04-11T13:00:00+02:00,2024-04-11
2024-04-11T12:00:00Z,0.57,2024-04-11T14:00:00+02:00,2024-04-11
2024-04-11T13:00:00Z,29.57,2024-04-11T15:00:00+02:00,2024-04-11
2024-04-11T14:00:00Z,59.74,2024-04-11T16:00:00+02:00,2024-04-11
2024-04-11T15:00:00Z,76.74,2024-04-11T17:00:00+02:00,2024-04-11
2024-04-11T16:00:00Z,100.7,2024-04-11T18:00:00+02:00,2024-04-11
2024-04-11T17:00:00Z,134.36,2024-04-11T19:00:00+02:00,2024-04-11
2024-04-11T18:00:00Z,137.82,2024-04-11T20:00:00+02:00,2024-04-11
2024-04-11T19:00:00Z,98.79,2024-04-11T21:00:00+02:00,2024-04-11
2024-04-11T20:00:00Z,82.42,2024-04-11T22:00:00+02:00,2024-04-11
2024-04-11T21:00:00Z,76.51,2024-04-11T23:00:00+02:00,2024-04-11
2024-04-11T22:00:00Z,75.71,2024-04-12T00:00:00+02:00,2024-04-12
2024-04-11T23:00:00Z,71.74,2024-04-12T01:00:00+02:00,2024-04-12
2024-04-12T00:00:00Z,68.89,2024-04-12T02:00:00+02:00,2024-04-12
2024-04-12T01:00:00Z,69.26,2024-04-12T03:00:00+02:00,2024-04-12
2024-04-12T02:00:00Z,69.52,2024-04-12T04:00:00+02:00,2024-04-12
2024-04-12T03:00:00Z,77.53,2024-04-12T05:00:00+02:00,2024-04-12
2024-04-12T04:00:00Z,91.23,2024-04-12T06:00:00+02:00,2024-04-12
2024-04-12T05:00:00Z,97.0,2024-04-12T07:00:00+02:00,2024-04-12
2024-04-12T06:00:00Z,86.83,2024-04-12T08:00:00+02:00,2024-04-12
2024-04-12T07:00:00Z,70.98,2024-04-12T09:00:00+02:00,2024-04-12
2024-04-12T08:00:00Z,42.86,2024-04-12T10:00:00+02:00,2024-04-12
2024-04-12T09:00:00Z,18.86,2024-04-12T11:00:00+02:00,2024-04-12
2024-04-12T10:00:00Z,0.0,2024-04-12T12:00:00+02:00,2024-04-12
2024-04-12T11:00:00Z,-0.07,2024-04-12T13:00:00+02:00,2024-04-12
2024-04-12T12:00:00Z,0.01,2024-04-12T14:00:00+02:00,2024-04-12
2024-04-12T13:00:00Z,0.18,2024-04-12T15:00:00+02:00,2024-04-12
2024-04-12T14:00:00Z,0.22,2024-04-12T16:00:00+02:00,2024-04-12
2024-04-12T15:00:00Z,57.37,2024-04-12T17:00:00+02:00,2024-04-12
2024-04-12T16:00:00Z,81.93,2024-04-12T18:00:00+02:00,2024-04-12
2024-04-12T17:00:00Z,125.95,2024-04-12T19:00:00+02:00,2024-04-12
2024-04-12T18:00:00Z,124.13,2024-04-12T20:00:00+02:00,2024-04-12
2024-04-12T19:00:00Z,86.6,2024-04-12T21:00:00+02:00,2024-04-12
2024-04-12T20:00:00Z,77.99,2024-04-12T22:00:00+02:00,2024-04-12
2024-04-12T21:00:00Z,68.1,2024-04-12T23:00:00+02:00,2024-04-12
2024-04-12T22:00:00Z,60.22,2024-04-13T00:00:00+02:00,2024-04-13
2024-04-12T23:00:00Z,49.07,2024-04-13T01:00:00+02:00,2024-04-13
2024-04-13T00:00:00Z,24.41,2024-04-13T02:00:00+02:00,2024-04-13
2024-04-13T01:00:00Z,19.41,2024-04-13T03:00:00+02:00,2024-04-13
2024-04-13T02:00:00Z,19.95,2024-04-13T04:00:00+02:00,2024-04-13
2024-04-13T03:00:00Z,25.32,2024-04-13T05:00:00+02:00,2024-04-13
2024-04-13T04:00:00Z,30.18,2024-04-13T06:00:00+02:00,2024-04-13
2024-04-13T05:00:00Z,35.26,2024-04-13T07:00:00+02:00,2024-04-13
2024-04-13T06:00:00Z,22.6,2024-04-13T08:00:00+02:00,2024-04-13
2024-04-13T07:00:00Z,8.8,2024-04-13T09:00:00+02:00,2024-04-13
2024-04-13T08:00:00Z,-0.02,2024-04-13T10:00:00+02:00,2024-04-13
2024-04-13T09:00:00Z,-9.97,2024-04-13T11:00:00+02:00,2024-04-13
2024-04-13T10:00:00Z,-25.96,2024-04-13T12:00:00+02:00,2024-04-13
2024-04-13T11:00:00Z,-50.0,2024-04-13T13:00:00+02:00,2024-04-13
2024-04-13T12:00:00Z,-55.01,2024-04-13T14:00:00+02:00,2024-04-13
2024-04-13T13:00:00Z,-49.91,2024-04-13T15:00:00+02:00,2024-04-13
2024-04-13T14:00:00Z,-19.16,2024-04-13T16:00:00+02:00,2024-04-13
2024-04-13T15:00:00Z,-0.16,2024-04-13T17:00:00+02:00,2024-04-13
2024-04-13T16:00:00Z,39.91,2024-04-13T18:00:00+02:00,2024-04-13
2024-04-13T17:00:00Z,73.44,2024-04-13T19:00:00+02:00,2024-04-13
2024-04-13T18:00:00Z,65.78,2024-04-13T20:00:00+02:00,2024-04-13
2024-04-13T19:00:00Z,39.35,2024-04-13T21:00:00+02:00,2024-04-13
2024-04-13T20:00:00Z,21.11,2024-04-13T22:00:00+02:00,2024-04-13
2024-04-13T21:00:00Z,7.05,2024-04-13T23:00:00+02:00,2024-04-13
2024-04-13T22:00:00Z,0.43,2024-04-14T00:00:00+02:00,2024-04-14
2024-04-13T23:00:00Z,0.83,2024-04-14T01:00:00+02:00,2024-04-14
2024-04-14T00:00:00Z,0.93,2024-04-14T02:00:00+02:00,2024-04-14
2024-04-14T01:00:00Z,1.13,2024-04-14T03:00:00+02:00,2024-04-14
2024-04-14T02:00:00Z,2.34,2024-04-14T04:00:00+02:00,2024-04-14
2024-04-14T03:00:00Z,5.95,2024-04-14T05:00:00+02:00,2024-04-14
2024-04-14T04:00:00Z,12.86,2024-04-14T06:00:00+02:00,2024-04-14
2024-04-14T05:00:00Z,13.0,2024-04-14T07:00:00+02:00,2024-04-14
2024-04-14T06:00:00Z,7.41,2024-04-14T08:00:00+02:00,2024-04-14
2024-04-14T07:00:00Z,0.0,2024-04-14T09:00:00+02:00,2024-04-14
2024-04-14T08:00:00Z,-2.37,2024-04-14T10:00:00+02:00,2024-04-14
2024-04-14T09:00:00Z,-12.17,2024-04-14T11:00:00+02:00,2024-04-14
2024-04-14T10:00:00Z,-42.27,2024-04-14T12:00:00+02:00,2024-04-14
2024-04-14T11:00:00Z,-60.05,2024-04-14T13:00:00+02:00,2024-04-14
2024-04-14T12:00:00Z,-60.07,2024-04-14T14:00:00+02:00,2024-04-14
2024-04-14T13:00:00Z,-40.05,2024-04-14T15:00:00+02:00,2024-04-14
2024-04-14T14:00:00Z,-6.25,2024-04-14T16:00:00+02:00,2024-04-14
2024-04-14T15:00:00Z,1.57,2024-04-14T17:00:00+02:00,2024-04-14
2024-04-14T16:00:00Z,67.23,2024-04-14T18:00:00+02:00,2024-04-14
2024-04-14T17:00:00Z,87.8,2024-04-14T19:00:00+02:00,2024-04-14
2024-04-14T18:00:00Z,119.91,2024-04-14T20:00:00+02:00,2024-04-14
2024-04-14T19:00:00Z,112.61,2024-04-14T21:00:00+02:00,2024-04-14
2024-04-14T20:00:00Z,103.95,2024-04-14T22:00:00+02:00,2024-04-14
2024-04-14T21:00:00Z,87.24,2024-04-14T23:00:00+02:00,2024-04-14
2024-04-14T22:00:00Z,81.96,2024-04-15T00:00:00+02:00,2024-04-15
2024-04-14T23:00:00Z,81.26,2024-04-15T01:00:00+02:00,2024-04-15
2024-04-15T00:00:00Z,77.54,2024-04-15T02:00:00+02:00,2024-04-15
2024-04-15T01:00:00Z,78.18,2024-04-15T03:00:00+02:00,2024-04-15
2024-04-15T02:00:00Z,75.23,2024-04-15T04:00:00+02:00,2024-04-15
2024-04-15T03:00:00Z,86.74,2024-04-15T05:00:00+02:00,2024-04-15
2024-04-15T04:00:00Z,115.73,2024-04-15T06:00:00+02:00,2024-04-15
2024-04-15T05:00:00Z,169.15,2024-04-15T07:00:00+02:00,2024-04-15
2024-04-15T06:00:00Z,153.24,2024-04-15T08:00:00+02:00,2024-04-15
2024-04-15T07:00:00Z,91.56,2024-04-15T09:00:00+02:00,2024-04-15
2024-04-15T08:00:00Z,80.55,2024-04-15T10:00:00+02:00,2024-04-15
2024-04-15T09:00:00Z,63.15,2024-04-15T11:00:00+02:00,2024-04-15
2024-04-15T10:00:00Z,44.15,2024-04-15T12:00:00+02:00,2024-04-15
2024-04-15T11:00:00Z,31.74,2024-04-15T13:00:00+02:00,2024-04-15
2024-04-15T12:00:00Z,12.96,2024-04-15T14:00:00+02:00,2024-04-15
2024-04-15T13:00:00Z,7.8,2024-04-15T15:00:00+02:00,2024-04-15
2024-04-15T14:00:00Z,7.99,2024-04-15T16:00:00+02:00,2024-04-15
2024-04-15T15:00:00Z,46.3,2024-04-15T17:00:00+02:00,2024-04-15
2024-04-15T16:00:00Z,69.2,2024-04-15T18:00:00+02:00,2024-04-15
2024-04-15T17:00:00Z,78.92,2024-04-15T19:00:00+02:00,2024-04-15
2024-04-15T18:00:00Z,77.02,2024-04-15T20:00:00+02:00,2024-04-15
2024-04-15T19:00:00Z,66.31,2024-04-15T21:00:00+02:00,2024-04-15
2024-04-15T20:00:00Z,53.77,2024-04-15T22:00:00+02:00,2024-04-15
2024-04-15T21:00:00Z,34.17,2024-04-15T23:00:00+02:00,2024-04-15
2024-04-15T22:00:00Z,2.02,2024-04-16T00:00:00+02:00,2024-04-16
2024-04-15T23:00:00Z,0.04,2024-04-16T01:00:00+02:00,2024-04-16
2024-04-16T00:00:00Z,0.14,2024-04-16T02:00:00+02:00,2024-04-16
2024-04-16T01:00:00Z,0.73,2024-04-16T03:00:00+02:00,2024-04-16
2024-04-16T02:00:00Z,17.47,2024-04-16T04:00:00+02:00,2024-04-16
2024-04-16T03:00:00Z,36.22,2024-04-16T05:00:00+02:00,2024-04-16
2024-04-16T04:00:00Z,63.14,2024-04-16T06:00:00+02:00,2024-04-16
2024-04-16T05:00:00Z,74.26,2024-04-16T07:00:00+02:00,2024-04-16
2024-04-16T06:00:00Z,74.26,2024-04-16T08:00:00+02:00,2024-04-16
2024-04-16T07:00:00Z,64.81,2024-04-16T09:00:00+02:00,2024-04-16
2024-04-16T08:00:00Z,51.03,2024-04-16T10:00:00+02:00,2024-04-16
2024-04-16T09:00:00Z,42.64,2024-04-16T11:00:00+02:00,2024-04-16
2024-04-16T10:00:00Z,40.0,2024-04-16T12:00:00+02:00,2024-04-16
2024-04-16T11:00:00Z,40.22,2024-04-16T13:00:00+02:00,2024-04-16
2024-04-16T12:00:00Z,42.08,2024-04-16T14:00:00+02:00,2024-04-16
2024-04-16T13:00:00Z,48.53,2024-04-16T15:00:00+02:00,2024-04-16
2024-04-16T14:00:00Z,62.84,2024-04-16T16:00:00+02:00,2024-04-16
2024-04-16T15:00:00Z,79.67,2024-04-16T17:00:00+02:00,2024-04-16
2024-04-16T16:00:00Z,92.92,2024-04-16T18:00:00+02:00,2024-04-16
2024-04-16T17:00:00Z,113.99,2024-04-16T19:00:00+02:00,2024-04-16
2024-04-16T18:00:00Z,124.52,2024-04-16T20:00:00+02:00,2024-04-16
2024-04-16T19:00:00Z,104.46,2024-04-16T21:00:00+02:00,2024-04-16
2024-04-16T20:00:00Z,90.1,2024-04-16T22:00:00+02:00,2024-04-16
2024-04-16T21:00:00Z,84.1,2024-04-16T23:00:00+02:00,2024-04-16
2024-04-16T22:00:00Z,83.84,2024-04-17T00:00:00+02:00,2024-04-17
2024-04-16T23:00:00Z,83.84,2024-04-17T01:00:00+02:00,2024-04-17
2024-04-17T00:00:00Z,81.35,2024-04-17T02:00:00+02:00,2024-04-17
2024-04-17T01:00:00Z,82.4,2024-04-17T03:00:00+02:00,2024-04-17
2024-04-17T02:00:00Z,82.96,2024-04-17T04:00:00+02:00,2024-04-17
2024-04-17T03:00:00Z,83.73,2024-04-17T05:00:00+02:00,2024-04-17
2024-04-17T04:00:00Z,109.39,2024-04-17T06:00:00+02:00,2024-04-17
2024-04-17T05:00:00Z,169.97,2024-04-17T07:00:00+02:00,2024-04-17
2024-04-17T06:00:00Z,155.17,2024-04-17T08:00:00+02:00,2024-04-17
2024-04-17T07:00:00Z,104.62,2024-04-17T09:00:00+02:00,2024-04-17
2024-04-17T08:00:00Z,83.9,2024-04-17T10:00:00+02:00,2024-04-17
2024-04-17T09:00:00Z,79.9,2024-04-17T11:00:00+02:00,2024-04-17
2024-04-17T10:00:00Z,82.98,2024-04-17T12:00:00+02:00,2024-04-17
2024-04-17T11:00:00Z,80.82,2024-04-17T13:00:00+02:00,2024-04-17
2024-04-17T12:00:00Z,77.71,2024-04-17T14:00:00+02:00,2024-04-17
2024-04-17T13:00:00Z,77.03,2024-04-17T15:00:00+02:00,2024-04-17
2024-04-17T14:00:00Z,80.0,2024-04-17T16:00:00+02:00,2024-04-17
2024-04-17T15:00:00Z,86.9,2024-04-17T17:00:00+02:00,2024-04-17
2024-04-17T16:00:00Z,114.97,2024-04-17T18:00:00+02:00,2024-04-17
2024-04-17T17:00:00Z,159.92,2024-04-17T19:00:00+02:00,2024-04-17
2024-04-17T18:00:00Z,169.9,2024-04-17T20:00:00+02:00,2024-04-17
2024-04-17T19:00:00Z,130.06,2024-04-17T21:00:00+02:00,2024-04-17
2024-04-17T20:00:00Z,99.04,2024-04-17T22:00:00+02:00,2024-04-17
2024-04-17T21:00:00Z,87.81,2024-04-17T23:00:00+02:00,2024-04-17
2024-04-17T22:00:00Z,91.83,2024-04-18T00:00:00+02:00,2024-04-18
2024-04-17T23:00:00Z,87.42,2024-04-18T01:00:00+02:00,2024-04-18
2024-04-18T00:00:00Z,88.53,2024-04-18T02:00:00+02:00,2024-04-18
2024-04-18T01:00:00Z,87.76,2024-04-18T03:00:00+02:00,2024-04-18
2024-04-18T02:00:00Z,89.61,2024-04-18T04:00:00+02:00,2024-04-18
2024-04-18T03:00:00Z,93.47,2024-04-18T05:00:00+02:00,2024-04-18
2024-04-18T04:00:00Z,121.88,2024-04-18T06:00:00+02:00,2024-04-18
2024-04-18T05:00:00Z,155.8,2024-04-18T07:00:00+02:00,2024-04-18
2024-04-18T06:00:00Z,131.19,2024-04-18T08:00:00+02:00,2024-04-18
2024-04-18T07:00:00Z,101.12,2024-04-18T09:00:00+02:00,2024-04-18
2024-04-18T08:00:00Z,90.21,2024-04-18T10:00:00+02:00,2024-04-18
2024-04-18T09:00:00Z,83.87,2024-04-18T11:00:00+02:00,2024-04-18
2024-04-18T10:00:00Z,80.64,2024-04-18T12:00:00+02:00,2024-04-18
2024-04-18T11:00:00Z,77.2,2024-04-18T13:00:00+02:00,2024-04-18
2024-04-18T12:00:00Z,73.01,2024-04-18T14:00:00+02:00,2024-04-18
2024-04-18T13:00:00Z,70.7,2024-04-18T15:00:00+02:00,2024-04-18
2024-04-18T14:00:00Z,70.88,2024-04-18T16:00:00+02:00,2024-04-18
2024-04-18T15:00:00Z,81.33,2024-04-18T17:00:00+02:00,2024-04-18
2024-04-18T16:00:00Z,94.03,2024-04-18T18:00:00+02:00,2024-04-18
2024-04-18T17:00:00Z,125.24,2024-04-18T19:00:00+02:00,2024-04-18
2024-04-18T18:00:00Z,128.83,2024-04-18T20:00:00+02:00,2024-04-18
2024-04-18T19:00:00Z,105.92,2024-04-18T21:00:00+02:00,2024-04-18
2024-04-18T20:00:00Z,89.89,2024-04-18T22:00:00+02:00,2024-04-18
2024-04-18T21:00:00Z,79.37,2024-04-18T23:00:00+02:00,2024-04-18
2024-04-18T22:00:00Z,77.21,2024-04-19T00:00:00+02:00,2024-04-19
2024-04-18T23:00:00Z,60.83,2024-04-19T01:00:00+02:00,2024-04-19
2024-04-19T00:00:00Z,50.53,2024-04-19T02:00:00+02:00,2024-04-19
2024-04-19T01:00:00Z,49.47,2024-04-19T03:00:00+02:00,2024-04-19
2024-04-19T02:00:00Z,47.97,2024-04-19T04:00:00+02:00,2024-04-19
2024-04-19T03:00:00Z,49.08,2024-04-19T05:00:00+02:00,2024-04-19
2024-04-19T04:00:00Z,60.12,2024-04-19T06:00:00+02:00,2024-04-19
2024-04-19T05:00:00Z,69.04,2024-04-19T07:00:00+02:00,2024-04-19
2024-04-19T06:00:00Z,76.0,2024-04-19T08:00:00+02:00,2024-04-19
2024-04-19T07:00:00Z,68.3,2024-04-19T09:00:00+02:00,2024-04-19
2024-04-19T08:00:00Z,60.2,2024-04-19T10:00:00+02:00,2024-04-19
2024-04-19T09:00:00Z,56.08,2024-04-19T11:00:00+02:00,2024-04-19
2024-04-19T10:00:00Z,50.91,2024-04-19T12:00:00+02:00,2024-04-19
2024-04-19T11:00:00Z,47.0,2024-04-19T13:00:00+02:00,2024-04-19
2024-04-19T12:00:00Z,44.94,2024-04-19T14:00:00+02:00,2024-04-19
2024-04-19T13:00:00Z,44.56,2024-04-19T15:00:00+02:00,2024-04-19
2024-04-19T14:00:00Z,50.91,2024-04-19T16:00:00+02:00,2024-04-19
2024-04-19T15:00:00Z,58.77,2024-04-19T17:00:00+02:00,2024-04-19
2024-04-19T16:00:00Z,63.49,2024-04-19T18:00:00+02:00,2024-04-19
2024-04-19T17:00:00Z,65.32,2024-04-19T19:00:00+02:00,2024-04-19
2024-04-19T18:00:00Z,66.28,2024-04-19T20:00:00+02:00,2024-04-19
2024-04-19T19:00:00Z,66.2,2024-04-19T21:00:00+02:00,2024-04-19
2024-04-19T20:00:00Z,65.27,2024-04-19T22:00:00+02:00,2024-04-19
2024-04-19T21:00:00Z,63.15,2024-04-19T23:00:00+02:00,2024-04-19
2024-04-19T22:00:00Z,60.24,2024-04-20T00:00:00+02:00,2024-04-20
2024-04-19T23:00:00Z,57.97,2024-04-20T01:00:00+02:00,2024-04-20
2024-04-20T00:00:00Z,57.33,2024-04-20T02:00:00+02:00,2024-04-20
2024-04-20T01:00:00Z,57.75,2024-04-20T03:00:00+02:00,2024-04-20
2024-04-20T02:00:00Z,61.04,2024-04-20T04:00:00+02:00,2024-04-20
2024-04-20T03:00:00Z,62.83,2024-04-20T05:00:00+02:00,2024-04-20
2024-04-20T04:00:00Z,63.92,2024-04-20T06:00:00+02:00,2024-04-20
2024-04-20T05:00:00Z,67.98,2024-04-20T07:00:00+02:00,2024-04-20
2024-04-20T06:00:00Z,65.04,2024-04-20T08:00:00+02:00,2024-04-20
2024-04-20T07:00:00Z,59.9,2024-04-20T09:00:00+02:00,2024-04-20
2024-04-20T08:00:00Z,50.05,2024-04-20T10:00:00+02:00,2024-04-20
2024-04-20T09:00:00Z,38.43,2024-04-20T11:00:00+02:00,2024-04-20
2024-04-20T10:00:00Z,28.97,2024-04-20T12:00:00+02:00,2024-04-20
2024-04-20T11:00:00Z,12.33,2024-04-20T13:00:00+02:00,2024-04-20
2024-04-20T12:00:00Z,10.55,2024-04-20T14:00:00+02:00,2024-04-20
2024-04-20T13:00:00Z,18.33,2024-04-20T15:00:00+02:00,2024-04-20
2024-04-20T14:00:00Z,37.41,2024-04-20T16:00:00+02:00,2024-04-20
2024-04-20T15:00:00Z,62.83,2024-04-20T17:00:00+02:00,2024-04-20
2024-04-20T16:00:00Z,78.9,2024-04-20T18:00:00+02:00,2024-04-20
2024-04-20T17:00:00Z,89.61,2024-04-20T19:00:00+02:00,2024-04-20
2024-04-20T18:00:00Z,97.04,2024-04-20T20:00:00+02:00,2024-04-20
2024-04-20T19:00:00Z,90.31,2024-04-20T21:00:00+02:00,2024-04-20
2024-04-20T20:00:00Z,86.07,2024-04-20T22:00:00+02:00,2024-04-20
2024-04-20T21:00:00Z,82.9,2024-04-20T23:00:00+02:00,2024-04-20
2024-04-20T22:00:00Z,81.85,2024-04-21T00:00:00+02:00,2024-04-21
2024-04-20T23:00:00Z,70.59,2024-04-21T01:00:00+02:00,2024-04-21
2024-04-21T00:00:00Z,69.53,2024-04-21T02:00:00+02:00,2024-04-21
2024-04-21T01:00:00Z,64.4,2024-04-21T03:00:00+02:00,2024-04-21
2024-04-21T02:00:00Z,63.88,2024-04-21T04:00:00+02:00,2024-04-21
2024-04-21T03:00:00Z,63.62,2024-04-21T05:00:00+02:00,2024-04-21
2024-04-21T04:00:00Z,64.43,2024-04-21T06:00:00+02:00,2024-04-21
2024-04-21T05:00:00Z,60.53,2024-04-21T07:00:00+02:00,2024-04-21
2024-04-21T06:00:00Z,60.88,2024-04-21T08:00:00+02:00,2024-04-21
2024-04-21T07:00:00Z,55.38,2024-04-21T09:00:00+02:00,2024-04-21
2024-04-21T08:00:00Z,32.99,2024-04-21T10:00:00+02:00,2024-04-21
2024-04-21T09:00:00Z,36.96,2024-04-21T11:00:00+02:00,2024-04-21
2024-04-21T10:00:00Z,6.06,2024-04-21T12:00:00+02:00,2024-04-21
2024-04-21T11:00:00Z,0.28,2024-04-21T13:00:00+02:00,2024-04-21
2024-04-21T12:00:00Z,-0.9,2024-04-21T14:00:00+02:00,2024-04-21
2024-04-21T13:00:00Z,0.75,2024-04-21T15:00:00+02:00,2024-04-21
2024-04-21T14:00:00Z,6.01,2024-04-21T16:00:00+02:00,2024-04-21
2024-04-21T15:00:00Z,58.22,2024-04-21T17:00:00+02:00,2024-04-21
2024-04-21T16:00:00Z,74.6,2024-04-21T18:00:00+02:00,2024-04-21
2024-04-21T17:00:00Z,89.36,2024-04-21T19:00:00+02:00,2024-04-21
2024-04-21T18:00:00Z,95.26,2024-04-21T20:00:00+02:00,2024-04-21
2024-04-21T19:00:00Z,91.07,2024-04-21T21:00:00+02:00,2024-04-21
2024-04-21T20:00:00Z,89.41,2024-04-21T22:00:00+02:00,2024-04-21
2024-04-21T21:00:00Z,88.46,2024-04-21T23:00:00+02:00,2024-04-21
2024-04-21T22:00:00Z,78.97,2024-04-22T00:00:00+02:00,2024-04-22
2024-04-21T23:00:00Z,78.05,2024-04-22T01:00:00+02:00,2024-04-22
2024-04-22T00:00:00Z,78.44,2024-04-22T02:00:00+02:00,2024-04-22
2024-04-22T01:00:00Z,79.92,2024-04-22T03:00:00+02:00,2024-04-22
2024-04-22T02:00:00Z,79.79,2024-04-22T04:00:00+02:00,2024-04-22
2024-04-22T03:00:00Z,87.5,2024-04-22T05:00:00+02:00,2024-04-22
2024-04-22T04:00:00Z,105.9,2024-04-22T06:00:00+02:00,2024-04-22
2024-04-22T05:00:00Z,130.79,2024-04-22T07:00:00+02:00,2024-04-22
2024-04-22T06:00:00Z,117.46,2024-04-22T08:00:00+02:00,2024-04-22
2024-04-22T07:00:00Z,97.05,2024-04-22T09:00:00+02:00,2024-04-22
2024-04-22T08:00:00Z,81.86,2024-04-22T10:00:00+02:00,2024-04-22
2024-04-22T09:00:00Z,81.24,2024-04-22T11:00:00+02:00,2024-04-22
2024-04-22T10:00:00Z,77.05,2024-04-22T12:00:00+02:00,2024-04-22
2024-04-22T11:00:00Z,73.67,2024-04-22T13:00:00+02:00,2024-04-22
2024-04-22T12:00:00Z,74.17,2024-04-22T14:00:00+02:00,2024-04-22
2024-04-22T13:00:00Z,78.48,2024-04-22T15:00:00+02:00,2024-04-22
2024-04-22T14:00:00Z,81.57,2024-04-22T16:00:00+02:00,2024-04-22
2024-04-22T15:00:00Z,96.79,2024-04-22T17:00:00+02:00,2024-04-22
2024-04-22T16:00:00Z,118.2,2024-04-22T18:00:00+02:00,2024-04-22
2024-04-22T17:00:00Z,164.05,2024-04-22T19:00:00+02:00,2024-04-22
2024-04-22T18:00:00Z,170.96,2024-04-22T20:00:00+02:00,2024-04-22
2024-04-22T19:00:00Z,130.05,2024-04-22T21:00:00+02:00,2024-04-22
2024-04-22T20:00:00Z,105.77,2024-04-22T22:00:00+02:00,2024-04-22
2024-04-22T21:00:00Z,96.99,2024-04-22T23:00:00+02:00,2024-04-22
2024-04-22T22:00:00Z,88.32,2024-04-23T00:00:00+02:00,2024-04-23
2024-04-22T23:00:00Z,86.69,2024-04-23T01:00:00+02:00,2024-04-23
2024-04-23T00:00:00Z,85.95,2024-04-23T02:00:00+02:00,2024-04-23
2024-04-23T01:00:00Z,85.42,2024-04-23T03:00:00+02:00,2024-04-23
2024-04-23T02:00:00Z,86.35,2024-04-23T04:00:00+02:00,2024-04-23
2024-04-23T03:00:00Z,97.69,2024-04-23T05:00:00+02:00,2024-04-23
2024-04-23T04:00:00Z,121.4,2024-04-23T06:00:00+02:00,2024-04-23
2024-04-23T05:00:00Z,181.26,2024-04-23T07:00:00+02:00,2024-04-23
2024-04-23T06:00:00Z,136.28,2024-04-23T08:00:00+02:00,2024-04-23
2024-04-23T07:00:00Z,98.38,2024-04-23T09:00:00+02:00,2024-04-23
2024-04-23T08:00:00Z,82.87,2024-04-23T10:00:00+02:00,2024-04-23
2024-04-23T09:00:00Z,77.26,2024-04-23T11:00:00+02:00,2024-04-23
2024-04-23T10:00:00Z,77.46,2024-04-23T12:00:00+02:00,2024-04-23
2024-04-23T11:00:00Z,79.38,2024-04-23T13:00:00+02:00,2024-04-23
2024-04-23T12:00:00Z,78.62,2024-04-23T14:00:00+02:00,2024-04-23
2024-04-23T13:00:00Z,80.02,2024-04-23T15:00:00+02:00,2024-04-23
2024-04-23T14:00:00Z,83.02,2024-04-23T16:00:00+02:00,2024-04-23
2024-04-23T15:00:00Z,89.97,2024-04-23T17:00:00+02:00,2024-04-23
2024-04-23T16:00:00Z,102.4,2024-04-23T18:00:00+02:00,2024-04-23
2024-04-23T17:00:00Z,123.01,2024-04-23T19:00:00+02:00,2024-04-23
2024-04-23T18:00:00Z,125.07,2024-04-23T20:00:00+02:00,2024-04-23
2024-04-23T19:00:00Z,105.1,2024-04-23T21:00:00+02:00,2024-04-23
2024-04-23T20:00:00Z,92.73,2024-04-23T22:00:00+02:00,2024-04-23
2024-04-23T21:00:00Z,81.55,2024-04-23T23:00:00+02:00,2024-04-23
2024-04-23T22:00:00Z,81.8,2024-04-24T00:00:00+02:00,2024-04-24
2024-04-23T23:00:00Z,77.97,2024-04-24T01:00:00+02:00,2024-04-24
2024-04-24T00:00:00Z,77.16,2024-04-24T02:00:00+02:00,2024-04-24
2024-04-24T01:00:00Z,74.86,2024-04-24T03:00:00+02:00,2024-04-24
2024-04-24T02:00:00Z,77.37,2024-04-24T04:00:00+02:00,2024-04-24
2024-04-24T03:00:00Z,81.83,2024-04-24T05:00:00+02:00,2024-04-24
2024-04-24T04:00:00Z,101.66,2024-04-24T06:00:00+02:00,2024-04-24
2024-04-24T05:00:00Z,128.17,2024-04-24T07:00:00+02:00,2024-04-24
2024-04-24T06:00:00Z,107.07,2024-04-24T08:00:00+02:00,2024-04-24
2024-04-24T07:00:00Z,91.81,2024-04-24T09:00:00+02:00,2024-04-24
2024-04-24T08:00:00Z,90.74,2024-04-24T10:00:00+02:00,2024-04-24
2024-04-24T09:00:00Z,88.35,2024-04-24T11:00:00+02:00,2024-04-24
2024-04-24T10:00:00Z,82.6,2024-04-24T12:00:00+02:00,2024-04-24
2024-04-24T11:00:00Z,80.09,2024-04-24T13:00:00+02:00,2024-04-24
2024-04-24T12:00:00Z,76.53,2024-04-24T14:00:00+02:00,2024-04-24
2024-04-24T13:00:00Z,80.71,2024-04-24T15:00:00+02:00,2024-04-24
2024-04-24T14:00:00Z,81.12,2024-04-24T16:00:00+02:00,2024-04-24
2024-04-24T15:00:00Z,86.6,2024-04-24T17:00:00+02:00,2024-04-24
2024-04-24T16:00:00Z,101.54,2024-04-24T18:00:00+02:00,2024-04-24
2024-04-24T17:00:00Z,135.2,2024-04-24T19:00:00+02:00,2024-04-24
2024-04-24T18:00:00Z,143.44,2024-04-24T20:00:00+02:00,2024-04-24
2024-04-24T19:00:00Z,121.16,2024-04-24T21:00:00+02:00,2024-04-24
2024-04-24T20:00:00Z,105.31,2024-04-24T22:00:00+02:00,2024-04-24
2024-04-24T21:00:00Z,90.21,2024-04-24T23:00:00+02:00,2024-04-24
2024-04-24T22:00:00Z,83.5,2024-04-25T00:00:00+02:00,2024-04-25
2024-04-24T23:00:00Z,80.0,2024-04-25T01:00:00+02:00,2024-04-25
2024-04-25T00:00:00Z,77.37,2024-04-25T02:00:00+02:00,2024-04-25
2024-04-25T01:00:00Z,76.05,2024-04-25T03:00:00+02:00,2024-04-25
2024-04-25T02:00:00Z,75.24,2024-04-25T04:00:00+02:00,2024-04-25
2024-04-25T03:00:00Z,84.02,2024-04-25T05:00:00+02:00,2024-04-25
2024-04-25T04:00:00Z,102.44,2024-04-25T06:00:00+02:00,2024-04-25
2024-04-25T05:00:00Z,129.05,2024-04-25T07:00:00+02:00,2024-04-25
2024-04-25T06:00:00Z,112.71,2024-04-25T08:00:00+02:00,2024-04-25
2024-04-25T07:00:00Z,92.1,2024-04-25T09:00:00+02:00,2024-04-25
2024-04-25T08:00:00Z,80.01,2024-04-25T10:00:00+02:00,2024-04-25
2024-04-25T09:00:00Z,78.2,2024-04-25T11:00:00+02:00,2024-04-25
2024-04-25T10:00:00Z,73.92,2024-04-25T12:00:00+02:00,2024-04-25
2024-04-25T11:00:00Z,68.67,2024-04-25T13:00:00+02:00,2024-04-25
2024-04-25T12:00:00Z,66.41,2024-04-25T14:00:00+02:00,2024-04-25
2024-04-25T13:00:00Z,69.32,2024-04-25T15:00:00+02:00,2024-04-25
2024-04-25T14:00:00Z,72.81,2024-04-25T16:00:00+02:00,2024-04-25
2024-04-25T15:00:00Z,79.88,2024-04-25T17:00:00+02:00,2024-04-25
2024-04-25T16:00:00Z,95.17,2024-04-25T18:00:00+02:00,2024-04-25
2024-04-25T17:00:00Z,141.09,2024-04-25T19:00:00+02:00,2024-04-25
2024-04-25T18:00:00Z,152.29,2024-04-25T20:00:00+02:00,2024-04-25
2024-04-25T19:00:00Z,113.71,2024-04-25T21:00:00+02:00,2024-04-25
2024-04-25T20:00:00Z,91.35,2024-04-25T22:00:00+02:00,2024-04-25
2024-04-25T21:00:00Z,79.74,2024-04-25T23:00:00+02:00,2024-04-25
2024-04-25T22:00:00Z,79.87,2024-04-26T00:00:00+02:00,2024-04-26
2024-04-25T23:00:00Z,74.0,2024-04-26T01:00:00+02:00,2024-04-26
2024-04-26T00:00:00Z,74.7,2024-04-26T02:00:00+02:00,2024-04-26
2024-04-26T01:00:00Z,74.07,2024-04-26T03:00:00+02:00,2024-04-26
2024-04-26T02:00:00Z,77.1,2024-04-26T04:00:00+02:00,2024-04-26
2024-04-26T03:00:00Z,83.69,2024-04-26T05:00:00+02:00,2024-04-26
2024-04-26T04:00:00Z,93.5,2024-04-26T06:00:00+02:00,2024-04-26
2024-04-26T05:00:00Z,104.06,2024-04-26T07:00:00+02:00,2024-04-26
2024-04-26T06:00:00Z,96.06,2024-04-26T08:00:00+02:00,2024-04-26
2024-04-26T07:00:00Z,81.08,2024-04-26T09:00:00+02:00,2024-04-26
2024-04-26T08:00:00Z,77.81,2024-04-26T10:00:00+02:00,2024-04-26
2024-04-26T09:00:00Z,72.95,2024-04-26T11:00:00+02:00,2024-04-26
2024-04-26T10:00:00Z,70.35,2024-04-26T12:00:00+02:00,2024-04-26
2024-04-26T11:00:00Z,68.74,2024-04-26T13:00:00+02:00,2024-04-26
2024-04-26T12:00:00Z,65.37,2024-04-26T14:00:00+02:00,2024-04-26
2024-04-26T13:00:00Z,69.92,2024-04-26T15:00:00+02:00,2024-04-26
2024-04-26T14:00:00Z,71.7,2024-04-26T16:00:00+02:00,2024-04-26
2024-04-26T15:00:00Z,80.46,2024-04-26T17:00:00+02:00,2024-04-26
2024-04-26T16:00:00Z,94.78,2024-04-26T18:00:00+02:00,2024-04-26
2024-04-26T17:00:00Z,131.9,2024-04-26T19:00:00+02:00,2024-04-26
2024-04-26T18:00:00Z,141.58,2024-04-26T20:00:00+02:00,2024-04-26
2024-04-26T19:00:00Z,110.0,2024-04-26T21:00:00+02:00,2024-04-26
2024-04-26T20:00:00Z,92.71,2024-04-26T22:00:00+02:00,2024-04-26
2024-04-26T21:00:00Z,88.26,2024-04-26T23:00:00+02:00,2024-04-26
2024-04-26T22:00:00Z,90.29,2024-04-27T00:00:00+02:00,2024-04-27
2024-04-26T23:00:00Z,88.9,2024-04-27T01:00:00+02:00,2024-04-27
2024-04-27T00:00:00Z,86.59,2024-04-27T02:00:00+02:00,2024-04-27
2024-04-27T01:00:00Z,89.03,2024-04-27T03:00:00+02:00,2024-04-27
2024-04-27T02:00:00Z,87.69,2024-04-27T04:00:00+02:00,2024-04-27
2024-04-27T03:00:00Z,85.68,2024-04-27T05:00:00+02:00,2024-04-27
2024-04-27T04:00:00Z,86.08,2024-04-27T06:00:00+02:00,2024-04-27
2024-04-27T05:00:00Z,79.04,2024-04-27T07:00:00+02:00,2024-04-27
2024-04-27T06:00:00Z,68.65,2024-04-27T08:00:00+02:00,2024-04-27
2024-04-27T07:00:00Z,59.07,2024-04-27T09:00:00+02:00,2024-04-27
2024-04-27T08:00:00Z,36.02,2024-04-27T10:00:00+02:00,2024-04-27
2024-04-27T09:00:00Z,8.43,2024-04-27T11:00:00+02:00,2024-04-27
2024-04-27T10:00:00Z,0.03,2024-04-27T12:00:00+02:00,2024-04-27
2024-04-27T11:00:00Z,-0.06,2024-04-27T13:00:00+02:00,2024-04-27
2024-04-27T12:00:00Z,0.0,2024-04-27T14:00:00+02:00,2024-04-27
2024-04-27T13:00:00Z,0.0,2024-04-27T15:00:00+02:00,2024-04-27
2024-04-27T14:00:00Z,19.95,2024-04-27T16:00:00+02:00,2024-04-27
2024-04-27T15:00:00Z,62.18,2024-04-27T17:00:00+02:00,2024-04-27
2024-04-27T16:00:00Z,86.18,2024-04-27T18:00:00+02:00,2024-04-27
2024-04-27T17:00:00Z,119.9,2024-04-27T19:00:00+02:00,2024-04-27
2024-04-27T18:00:00Z,112.27,2024-04-27T20:00:00+02:00,2024-04-27
2024-04-27T19:00:00Z,85.0,2024-04-27T21:00:00+02:00,2024-04-27
2024-04-27T20:00:00Z,75.9,2024-04-27T22:00:00+02:00,2024-04-27
2024-04-27T21:00:00Z,65.23,2024-04-27T23:00:00+02:00,2024-04-27
2024-04-27T22:00:00Z,56.39,2024-04-28T00:00:00+02:00,2024-04-28
2024-04-27T23:00:00Z,46.14,2024-04-28T01:00:00+02:00,2024-04-28
2024-04-28T00:00:00Z,39.6,2024-04-28T02:00:00+02:00,2024-04-28
2024-04-28T01:00:00Z,31.55,2024-04-28T03:00:00+02:00,2024-04-28
2024-04-28T02:00:00Z,27.6,2024-04-28T04:00:00+02:00,2024-04-28
2024-04-28T03:00:00Z,26.05,2024-04-28T05:00:00+02:00,2024-04-28
2024-04-28T04:00:00Z,9.92,2024-04-28T06:00:00+02:00,2024-04-28
2024-04-28T05:00:00Z,0.1,2024-04-28T07:00:00+02:00,2024-04-28
2024-04-28T06:00:00Z,-0.07,2024-04-28T08:00:00+02:00,2024-04-28
2024-04-28T07:00:00Z,-1.02,2024-04-28T09:00:00+02:00,2024-04-28
2024-04-28T08:00:00Z,-16.63,2024-04-28T10:00:00+02:00,2024-04-28
2024-04-28T09:00:00Z,-36.72,2024-04-28T11:00:00+02:00,2024-04-28
2024-04-28T10:00:00Z,-60.05,2024-04-28T12:00:00+02:00,2024-04-28
2024-04-28T11:00:00Z,-60.09,2024-04-28T13:00:00+02:00,2024-04-28
2024-04-28T12:00:00Z,-65.06,2024-04-28T14:00:00+02:00,2024-04-28
2024-04-28T13:00:00Z,-52.43,2024-04-28T15:00:00+02:00,2024-04-28
2024-04-28T14:00:00Z,-23.45,2024-04-28T16:00:00+02:00,2024-04-28
2024-04-28T15:00:00Z,-0.02,2024-04-28T17:00:00+02:00,2024-04-28
2024-04-28T16:00:00Z,25.38,2024-04-28T18:00:00+02:00,2024-04-28
2024-04-28T17:00:00Z,69.36,2024-04-28T19:00:00+02:00,2024-04-28
2024-04-28T18:00:00Z,77.45,2024-04-28T20:00:00+02:00,2024-04-28
2024-04-28T19:00:00Z,78.56,2024-04-28T21:00:00+02:00,2024-04-28
2024-04-28T20:00:00Z,72.21,2024-04-28T22:00:00+02:00,2024-04-28
2024-04-28T21:00:00Z,66.94,2024-04-28T23:00:00+02:00,2024-04-28
2024-04-28T22:00:00Z,63.15,2024-04-29T00:00:00+02:00,2024-04-29
2024-04-28T23:00:00Z,60.05,2024-04-29T01:00:00+02:00,2024-04-29
2024-04-29T00:00:00Z,58.93,2024-04-29T02:00:00+02:00,2024-04-29
2024-04-29T01:00:00Z,62.46,2024-04-29T03:00:00+02:00,2024-04-29
2024-04-29T02:00:00Z,76.82,2024-04-29T04:00:00+02:00,2024-04-29
2024-04-29T03:00:00Z,85.18,2024-04-29T05:00:00+02:00,2024-04-29
2024-04-29T04:00:00Z,102.38,2024-04-29T06:00:00+02:00,2024-04-29
2024-04-29T05:00:00Z,117.95,2024-04-29T07:00:00+02:00,2024-04-29
2024-04-29T06:00:00Z,100.69,2024-04-29T08:00:00+02:00,2024-04-29
2024-04-29T07:00:00Z,75.17,2024-04-29T09:00:00+02:00,2024-04-29
2024-04-29T08:00:00Z,59.21,2024-04-29T10:00:00+02:00,2024-04-29
2024-04-29T09:00:00Z,36.46,2024-04-29T11:00:00+02:00,2024-04-29
2024-04-29T10:00:00Z,36.18,2024-04-29T12:00:00+02:00,2024-04-29
2024-04-29T11:00:00Z,35.59,2024-04-29T13:00:00+02:00,2024-04-29
2024-04-29T12:00:00Z,33.63,2024-04-29T14:00:00+02:00,2024-04-29
2024-04-29T13:00:00Z,35.57,2024-04-29T15:00:00+02:00,2024-04-29
2024-04-29T14:00:00Z,47.68,2024-04-29T16:00:00+02:00,2024-04-29
2024-04-29T15:00:00Z,85.75,2024-04-29T17:00:00+02:00,2024-04-29
2024-04-29T16:00:00Z,104.73,2024-04-29T18:00:00+02:00,2024-04-29
2024-04-29T17:00:00Z,180.04,2024-04-29T19:00:00+02:00,2024-04-29
2024-04-29T18:00:00Z,204.57,2024-04-29T20:00:00+02:00,2024-04-29
2024-04-29T19:00:00Z,108.55,2024-04-29T21:00:00+02:00,2024-04-29
2024-04-29T20:00:00Z,87.29,2024-04-29T22:00:00+02:00,2024-04-29
2024-04-29T21:00:00Z,81.15,2024-04-29T23:00:00+02:00,2024-04-29
2024-04-29T22:00:00Z,73.76,2024-04-30T00:00:00+02:00,2024-04-30
2024-04-29T23:00:00Z,66.77,2024-04-30T01:00:00+02:00,2024-04-30
2024-04-30T00:00:00Z,70.41,2024-04-30T02:00:00+02:00,2024-04-30
2024-04-30T01:00:00Z,70.0,2024-04-30T03:00:00+02:00,2024-04-30
2024-04-30T02:00:00Z,70.0,2024-04-30T04:00:00+02:00,2024-04-30
2024-04-30T03:00:00Z,78.77,2024-04-30T05:00:00+02:00,2024-04-30
2024-04-30T04:00:00Z,94.95,2024-04-30T06:00:00+02:00,2024-04-30
2024-04-30T05:00:00Z,101.95,2024-04-30T07:00:00+02:00,2024-04-30
2024-04-30T06:00:00Z,88.46,2024-04-30T08:00:00+02:00,2024-04-30
2024-04-30T07:00:00Z,77.0,2024-04-30T09:00:00+02:00,2024-04-30
2024-04-30T08:00:00Z,62.06,2024-04-30T10:00:00+02:00,2024-04-30
2024-04-30T09:00:00Z,47.1,2024-04-30T11:00:00+02:00,2024-04-30
2024-04-30T10:00:00Z,28.05,2024-04-30T12:00:00+02:00,2024-04-30
2024-04-30T11:00:00Z,11.3,2024-04-30T13:00:00+02:00,2024-04-30
2024-04-30T12:00:00Z,10.0,2024-04-30T14:00:00+02:00,2024-04-30
2024-04-30T13:00:00Z,19.14,2024-04-30T15:00:00+02:00,2024-04-30
2024-04-30T14:00:00Z,45.84,2024-04-30T16:00:00+02:00,2024-04-30
2024-04-30T15:00:00Z,66.95,2024-04-30T17:00:00+02:00,2024-04-30
2024-04-30T16:00:00Z,86.2,2024-04-30T18:00:00+02:00,2024-04-30
2024-04-30T17:00:00Z,122.01,2024-04-30T19:00:00+02:00,2024-04-30
2024-04-30T18:00:00Z,132.41,2024-04-30T20:00:00+02:00,2024-04-30
2024-04-30T19:00:00Z,88.37,2024-04-30T21:00:00+02:00,2024-04-30
2024-04-30T20:00:00Z,77.97,2024-04-30T22:00:00+02:00,2024-04-30
2024-04-30T21:00:00Z,75.69,2024-04-30T23:00:00+02:00,2024-04-30
2024-04-30T22:00:00Z,66.81,2024-05-01T00:00:00+02:00,2024-05-01
2024-04-30T23:00:00Z,55.09,2024-05-01T01:00:00+02:00,2024-05-01
2024-05-01T00:00:00Z,50.31,2024-05-01T02:00:00+02:00,2024-05-01
2024-05-01T01:00:00Z,43.99,2024-05-01T03:00:00+02:00,2024-05-01
2024-05-01T02:00:00Z,47.81,2024-05-01T04:00:00+02:00,2024-05-01
2024-05-01T03:00:00Z,44.69,2024-05-01T05:00:00+02:00,2024-05-01
2024-05-01T04:00:00Z,42.48,2024-05-01T06:00:00+02:00,2024-05-01
2024-05-01T05:00:00Z,28.08,2024-05-01T07:00:00+02:00,2024-05-01
2024-05-01T06:00:00Z,8.45,2024-05-01T08:00:00+02:00,2024-05-01
2024-05-01T07:00:00Z,0.01,2024-05-01T09:00:00+02:00,2024-05-01
2024-05-01T08:00:00Z,-0.97,2024-05-01T10:00:00+02:00,2024-05-01
2024-05-01T09:00:00Z,-40.05,2024-05-01T11:00:00+02:00,2024-05-01
2024-05-01T10:00:00Z,-91.9,2024-05-01T12:00:00+02:00,2024-05-01
2024-05-01T11:00:00Z,-120.0,2024-05-01T13:00:00+02:00,2024-05-01
2024-05-01T12:00:00Z,-120.07,2024-05-01T14:00:00+02:00,2024-05-01
2024-05-01T13:00:00Z,-79.98,2024-05-01T15:00:00+02:00,2024-05-01
2024-05-01T14:00:00Z,-30.01,2024-05-01T16:00:00+02:00,2024-05-01
2024-05-01T15:00:00Z,-1.14,2024-05-01T17:00:00+02:00,2024-05-01
2024-05-01T16:00:00Z,15.32,2024-05-01T18:00:00+02:00,2024-05-01
2024-05-01T17:00:00Z,50.4,2024-05-01T19:00:00+02:00,2024-05-01
2024-05-01T18:00:00Z,50.0,2024-05-01T20:00:00+02:00,2024-05-01
2024-05-01T19:00:00Z,34.01,2024-05-01T21:00:00+02:00,2024-05-01
2024-05-01T20:00:00Z,29.92,2024-05-01T22:00:00+02:00,2024-05-01
2024-05-01T21:00:00Z,22.0,2024-05-01T23:00:00+02:00,2024-05-01
2024-05-01T22:00:00Z,14.56,2024-05-02T00:00:00+02:00,2024-05-02
2024-05-01T23:00:00Z,10.94,2024-05-02T01:00:00+02:00,2024-05-02
2024-05-02T00:00:00Z,10.0,2024-05-02T02:00:00+02:00,2024-05-02
2024-05-02T01:00:00Z,7.8,2024-05-02T03:00:00+02:00,2024-05-02
2024-05-02T02:00:00Z,10.63,2024-05-02T04:00:00+02:00,2024-05-02
2024-05-02T03:00:00Z,32.06,2024-05-02T05:00:00+02:00,2024-05-02
2024-05-02T04:00:00Z,72.72,2024-05-02T06:00:00+02:00,2024-05-02
2024-05-02T05:00:00Z,78.28,2024-05-02T07:00:00+02:00,2024-05-02
2024-05-02T06:00:00Z,62.9,2024-05-02T08:00:00+02:00,2024-05-02
2024-05-02T07:00:00Z,31.45,2024-05-02T09:00:00+02:00,2024-05-02
2024-05-02T08:00:00Z,5.1,2024-05-02T10:00:00+02:00,2024-05-02
2024-05-02T09:00:00Z,-0.08,2024-05-02T11:00:00+02:00,2024-05-02
2024-05-02T10:00:00Z,-1.73,2024-05-02T12:00:00+02:00,2024-05-02
2024-05-02T11:00:00Z,-4.19,2024-05-02T13:00:00+02:00,2024-05-02
2024-05-02T12:00:00Z,-0.05,2024-05-02T14:00:00+02:00,2024-05-02
2024-05-02T13:00:00Z,-1.39,2024-05-02T15:00:00+02:00,2024-05-02
2024-05-02T14:00:00Z,4.04,2024-05-02T16:00:00+02:00,2024-05-02
2024-05-02T15:00:00Z,55.16,2024-05-02T17:00:00+02:00,2024-05-02
2024-05-02T16:00:00Z,81.22,2024-05-02T18:00:00+02:00,2024-05-02
2024-05-02T17:00:00Z,87.96,2024-05-02T19:00:00+02:00,2024-05-02
2024-05-02T18:00:00Z,85.14,2024-05-02T20:00:00+02:00,2024-05-02
2024-05-02T19:00:00Z,82.31,2024-05-02T21:00:00+02:00,2024-05-02
2024-05-02T20:00:00Z,78.21,2024-05-02T22:00:00+02:00,2024-05-02
2024-05-02T21:00:00Z,71.02,2024-05-02T23:00:00+02:00,2024-05-02
2024-05-02T22:00:00Z,61.9,2024-05-03T00:00:00+02:00,2024-05-03
2024-05-02T23:00:00Z,59.14,2024-05-03T01:00:00+02:00,2024-05-03
2024-05-03T00:00:00Z,57.95,2024-05-03T02:00:00+02:00,2024-05-03
2024-05-03T01:00:00Z,58.5,2024-05-03T03:00:00+02:00,2024-05-03
2024-05-03T02:00:00Z,59.14,2024-05-03T04:00:00+02:00,2024-05-03
2024-05-03T03:00:00Z,69.17,2024-05-03T05:00:00+02:00,2024-05-03
2024-05-03T04:00:00Z,83.76,2024-05-03T06:00:00+02:00,2024-05-03
2024-05-03T05:00:00Z,85.47,2024-05-03T07:00:00+02:00,2024-05-03
2024-05-03T06:00:00Z,92.31,2024-05-03T08:00:00+02:00,2024-05-03
2024-05-03T07:00:00Z,88.25,2024-05-03T09:00:00+02:00,2024-05-03
2024-05-03T08:00:00Z,77.95,2024-05-03T10:00:00+02:00,2024-05-03
2024-05-03T09:00:00Z,72.58,2024-05-03T11:00:00+02:00,2024-05-03
2024-05-03T10:00:00Z,64.11,2024-05-03T12:00:00+02:00,2024-05-03
2024-05-03T11:00:00Z,59.33,2024-05-03T13:00:00+02:00,2024-05-03
2024-05-03T12:00:00Z,60.05,2024-05-03T14:00:00+02:00,2024-05-03
2024-05-03T13:00:00Z,64.69,2024-05-03T15:00:00+02:00,2024-05-03
2024-05-03T14:00:00Z,72.29,2024-05-03T16:00:00+02:00,2024-05-03
2024-05-03T15:00:00Z,79.55,2024-05-03T17:00:00+02:00,2024-05-03
2024-05-03T16:00:00Z,88.89,2024-05-03T18:00:00+02:00,2024-05-03
2024-05-03T17:00:00Z,105.49,2024-05-03T19:00:00+02:00,2024-05-03
2024-05-03T18:00:00Z,119.94,2024-05-03T20:00:00+02:00,2024-05-03
2024-05-03T19:00:00Z,107.95,2024-05-03T21:00:00+02:00,2024-05-03
2024-05-03T20:00:00Z,93.46,2024-05-03T22:00:00+02:00,2024-05-03
2024-05-03T21:00:00Z,85.56,2024-05-03T23:00:00+02:00,2024-05-03
2024-05-03T22:00:00Z,90.8,2024-05-04T00:00:00+02:00,2024-05-04
2024-05-03T23:00:00Z,87.79,2024-05-04T01:00:00+02:00,2024-05-04
2024-05-04T00:00:00Z,86.26,2024-05-04T02:00:00+02:00,2024-05-04
2024-05-04T01:00:00Z,87.72,2024-05-04T03:00:00+02:00,2024-05-04
2024-05-04T02:00:00Z,90.64,2024-05-04T04:00:00+02:00,2024-05-04
2024-05-04T03:00:00Z,98.34,2024-05-04T05:00:00+02:00,2024-05-04
2024-05-04T04:00:00Z,94.19,2024-05-04T06:00:00+02:00,2024-05-04
2024-05-04T05:00:00Z,90.02,2024-05-04T07:00:00+02:00,2024-05-04
2024-05-04T06:00:00Z,78.48,2024-05-04T08:00:00+02:00,2024-05-04
2024-05-04T07:00:00Z,62.38,2024-05-04T09:00:00+02:00,2024-05-04
2024-05-04T08:00:00Z,41.17,2024-05-04T10:00:00+02:00,2024-05-04
2024-05-04T09:00:00Z,31.18,2024-05-04T11:00:00+02:00,2024-05-04
2024-05-04T10:00:00Z,24.93,2024-05-04T12:00:00+02:00,2024-05-04
2024-05-04T11:00:00Z,14.53,2024-05-04T13:00:00+02:00,2024-05-04
2024-05-04T12:00:00Z,13.34,2024-05-04T14:00:00+02:00,2024-05-04
2024-05-04T13:00:00Z,26.03,2024-05-04T15:00:00+02:00,2024-05-04
2024-05-04T14:00:00Z,63.62,2024-05-04T16:00:00+02:00,2024-05-04
2024-05-04T15:00:00Z,79.36,2024-05-04T17:00:00+02:00,2024-05-04
2024-05-04T16:00:00Z,98.01,2024-05-04T18:00:00+02:00,2024-05-04
2024-05-04T17:00:00Z,121.92,2024-05-04T19:00:00+02:00,2024-05-04
2024-05-04T18:00:00Z,135.4,2024-05-04T20:00:00+02:00,2024-05-04
2024-05-04T19:00:00Z,113.56,2024-05-04T21:00:00+02:00,2024-05-04
2024-05-04T20:00:00Z,90.26,2024-05-04T22:00:00+02:00,2024-05-04
2024-05-04T21:00:00Z,83.6,2024-05-04T23:00:00+02:00,2024-05-04
2024-05-04T22:00:00Z,90.58,2024-05-05T00:00:00+02:00,2024-05-05
2024-05-04T23:00:00Z,84.82,2024-05-05T01:00:00+02:00,2024-05-05
2024-05-05T00:00:00Z,83.52,2024-05-05T02:00:00+02:00,2024-05-05
2024-05-05T01:00:00Z,80.49,2024-05-05T03:00:00+02:00,2024-05-05
2024-05-05T02:00:00Z,74.74,2024-05-05T04:00:00+02:00,2024-05-05
2024-05-05T03:00:00Z,71.13,2024-05-05T05:00:00+02:00,2024-05-05
2024-05-05T04:00:00Z,62.16,2024-05-05T06:00:00+02:00,2024-05-05
2024-05-05T05:00:00Z,55.08,2024-05-05T07:00:00+02:00,2024-05-05
2024-05-05T06:00:00Z,41.33,2024-05-05T08:00:00+02:00,2024-05-05
2024-05-05T07:00:00Z,26.12,2024-05-05T09:00:00+02:00,2024-05-05
2024-05-05T08:00:00Z,8.85,2024-05-05T10:00:00+02:00,2024-05-05
2024-05-05T09:00:00Z,0.44,2024-05-05T11:00:00+02:00,2024-05-05
2024-05-05T10:00:00Z,0.0,2024-05-05T12:00:00+02:00,2024-05-05
2024-05-05T11:00:00Z,-0.04,2024-05-05T13:00:00+02:00,2024-05-05
2024-05-05T12:00:00Z,-0.97,2024-05-05T14:00:00+02:00,2024-05-05
2024-05-05T13:00:00Z,-0.1,2024-05-05T15:00:00+02:00,2024-05-05
2024-05-05T14:00:00Z,0.0,2024-05-05T16:00:00+02:00,2024-05-05
2024-05-05T15:00:00Z,32.0,2024-05-05T17:00:00+02:00,2024-05-05
2024-05-05T16:00:00Z,86.5,2024-05-05T18:00:00+02:00,2024-05-05
2024-05-05T17:00:00Z,96.24,2024-05-05T19:00:00+02:00,2024-05-05
2024-05-05T18:00:00Z,111.92,2024-05-05T20:00:00+02:00,2024-05-05
2024-05-05T19:00:00Z,107.53,2024-05-05T21:00:00+02:00,2024-05-05
2024-05-05T20:00:00Z,98.74,2024-05-05T22:00:00+02:00,2024-05-05
2024-05-05T21:00:00Z,88.67,2024-05-05T23:00:00+02:00,2024-05-05
2024-05-05T22:00:00Z,82.86,2024-05-06T00:00:00+02:00,2024-05-06
2024-05-05T23:00:00Z,79.59,2024-05-06T01:00:00+02:00,2024-05-06
2024-05-06T00:00:00Z,80.41,2024-05-06T02:00:00+02:00,2024-05-06
2024-05-06T01:00:00Z,79.95,2024-05-06T03:00:00+02:00,2024-05-06
2024-05-06T02:00:00Z,81.69,2024-05-06T04:00:00+02:00,2024-05-06
2024-05-06T03:00:00Z,88.78,2024-05-06T05:00:00+02:00,2024-05-06
2024-05-06T04:00:00Z,107.09,2024-05-06T06:00:00+02:00,2024-05-06
2024-05-06T05:00:00Z,130.26,2024-05-06T07:00:00+02:00,2024-05-06
2024-05-06T06:00:00Z,101.35,2024-05-06T08:00:00+02:00,2024-05-06
2024-05-06T07:00:00Z,89.0,2024-05-06T09:00:00+02:00,2024-05-06
2024-05-06T08:00:00Z,81.11,2024-05-06T10:00:00+02:00,2024-05-06
2024-05-06T09:00:00Z,76.23,2024-05-06T11:00:00+02:00,2024-05-06
2024-05-06T10:00:00Z,76.26,2024-05-06T12:00:00+02:00,2024-05-06
2024-05-06T11:00:00Z,74.71,2024-05-06T13:00:00+02:00,2024-05-06
2024-05-06T12:00:00Z,74.89,2024-05-06T14:00:00+02:00,2024-05-06
2024-05-06T13:00:00Z,81.11,2024-05-06T15:00:00+02:00,2024-05-06
2024-05-06T14:00:00Z,81.62,2024-05-06T16:00:00+02:00,2024-05-06
2024-05-06T15:00:00Z,93.36,2024-05-06T17:00:00+02:00,2024-05-06
2024-05-06T16:00:00Z,108.37,2024-05-06T18:00:00+02:00,2024-05-06
2024-05-06T17:00:00Z,136.65,2024-05-06T19:00:00+02:00,2024-05-06
2024-05-06T18:00:00Z,143.99,2024-05-06T20:00:00+02:00,2024-05-06
2024-05-06T19:00:00Z,107.98,2024-05-06T21:00:00+02:00,2024-05-06
2024-05-06T20:00:00Z,94.58,2024-05-06T22:00:00+02:00,2024-05-06
2024-05-06T21:00:00Z,84.42,2024-05-06T23:00:00+02:00,2024-05-06
2024-05-06T22:00:00Z,81.73,2024-05-07T00:00:00+02:00,2024-05-07
2024-05-06T23:00:00Z,79.17,2024-05-07T01:00:00+02:00,2024-05-07
2024-05-07T00:00:00Z,77.23,2024-05-07T02:00:00+02:00,2024-05-07
2024-05-07T01:00:00Z,79.99,2024-05-07T03:00:00+02:00,2024-05-07
2024-05-07T02:00:00Z,80.08,2024-05-07T04:00:00+02:00,2024-05-07
2024-05-07T03:00:00Z,82.06,2024-05-07T05:00:00+02:00,2024-05-07
2024-05-07T04:00:00Z,98.84,2024-05-07T06:00:00+02:00,2024-05-07
2024-05-07T05:00:00Z,121.7,2024-05-07T07:00:00+02:00,2024-05-07
2024-05-07T06:00:00Z,112.66,2024-05-07T08:00:00+02:00,2024-05-07
2024-05-07T07:00:00Z,91.75,2024-05-07T09:00:00+02:00,2024-05-07
2024-05-07T08:00:00Z,85.21,2024-05-07T10:00:00+02:00,2024-05-07
2024-05-07T09:00:00Z,81.08,2024-05-07T11:00:00+02:00,2024-05-07
2024-05-07T10:00:00Z,74.73,2024-05-07T12:00:00+02:00,2024-05-07
2024-05-07T11:00:00Z,70.43,2024-05-07T13:00:00+02:00,2024-05-07
2024-05-07T12:00:00Z,65.53,2024-05-07T14:00:00+02:00,2024-05-07
2024-05-07T13:00:00Z,74.05,2024-05-07T15:00:00+02:00,2024-05-07
2024-05-07T14:00:00Z,83.12,2024-05-07T16:00:00+02:00,2024-05-07
2024-05-07T15:00:00Z,90.82,2024-05-07T17:00:00+02:00,2024-05-07
2024-05-07T16:00:00Z,105.86,2024-05-07T18:00:00+02:00,2024-05-07
2024-05-07T17:00:00Z,133.85,2024-05-07T19:00:00+02:00,2024-05-07
2024-05-07T18:00:00Z,151.05,2024-05-07T20:00:00+02:00,2024-05-07
2024-05-07T19:00:00Z,122.04,2024-05-07T21:00:00+02:00,2024-05-07
2024-05-07T20:00:00Z,101.7,2024-05-07T22:00:00+02:00,2024-05-07
2024-05-07T21:00:00Z,88.22,2024-05-07T23:00:00+02:00,2024-05-07
2024-05-07T22:00:00Z,83.97,2024-05-08T00:00:00+02:00,2024-05-08
2024-05-07T23:00:00Z,80.84,2024-05-08T01:00:00+02:00,2024-05-08
2024-05-08T00:00:00Z,80.88,2024-05-08T02:00:00+02:00,2024-05-08
2024-05-08T01:00:00Z,82.47,2024-05-08T03:00:00+02:00,2024-05-08
2024-05-08T02:00:00Z,82.48,2024-05-08T04:00:00+02:00,2024-05-08
2024-05-08T03:00:00Z,89.59,2024-05-08T05:00:00+02:00,2024-05-08
2024-05-08T04:00:00Z,107.48,2024-05-08T06:00:00+02:00,2024-05-08
2024-05-08T05:00:00Z,118.96,2024-05-08T07:00:00+02:00,2024-05-08
2024-05-08T06:00:00Z,110.12,2024-05-08T08:00:00+02:00,2024-05-08
2024-05-08T07:00:00Z,92.41,2024-05-08T09:00:00+02:00,2024-05-08
2024-05-08T08:00:00Z,85.4,2024-05-08T10:00:00+02:00,2024-05-08
2024-05-08T09:00:00Z,79.48,2024-05-08T11:00:00+02:00,2024-05-08
2024-05-08T10:00:00Z,72.93,2024-05-08T12:00:00+02:00,2024-05-08
2024-05-08T11:00:00Z,68.79,2024-05-08T13:00:00+02:00,2024-05-08
2024-05-08T12:00:00Z,66.58,2024-05-08T14:00:00+02:00,2024-05-08
2024-05-08T13:00:00Z,66.95,2024-05-08T15:00:00+02:00,2024-05-08
2024-05-08T14:00:00Z,75.72,2024-05-08T16:00:00+02:00,2024-05-08
2024-05-08T15:00:00Z,91.1,2024-05-08T17:00:00+02:00,2024-05-08
2024-05-08T16:00:00Z,106.5,2024-05-08T18:00:00+02:00,2024-05-08
2024-05-08T17:00:00Z,127.54,2024-05-08T19:00:00+02:00,2024-05-08
2024-05-08T18:00:00Z,134.42,2024-05-08T20:00:00+02:00,2024-05-08
2024-05-08T19:00:00Z,114.65,2024-05-08T21:00:00+02:00,2024-05-08
2024-05-08T20:00:00Z,96.54,2024-05-08T22:00:00+02:00,2024-05-08
2024-05-08T21:00:00Z,87.96,2024-05-08T23:00:00+02:00,2024-05-08
2024-05-08T22:00:00Z,87.6,2024-05-09T00:00:00+02:00,2024-05-09
2024-05-08T23:00:00Z,88.06,2024-05-09T01:00:00+02:00,2024-05-09
2024-05-09T00:00:00Z,82.97,2024-05-09T02:00:00+02:00,2024-05-09
2024-05-09T01:00:00Z,82.95,2024-05-09T03:00:00+02:00,2024-05-09
2024-05-09T02:00:00Z,88.83,2024-05-09T04:00:00+02:00,2024-05-09
2024-05-09T03:00:00Z,90.39,2024-05-09T05:00:00+02:00,2024-05-09
2024-05-09T04:00:00Z,88.13,2024-05-09T06:00:00+02:00,2024-05-09
2024-05-09T05:00:00Z,80.65,2024-05-09T07:00:00+02:00,2024-05-09
2024-05-09T06:00:00Z,65.53,2024-05-09T08:00:00+02:00,2024-05-09
2024-05-09T07:00:00Z,23.34,2024-05-09T09:00:00+02:00,2024-05-09
2024-05-09T08:00:00Z,5.07,2024-05-09T10:00:00+02:00,2024-05-09
2024-05-09T09:00:00Z,-0.52,2024-05-09T11:00:00+02:00,2024-05-09
2024-05-09T10:00:00Z,-0.88,2024-05-09T12:00:00+02:00,2024-05-09
2024-05-09T11:00:00Z,-1.35,2024-05-09T13:00:00+02:00,2024-05-09
2024-05-09T12:00:00Z,-2.03,2024-05-09T14:00:00+02:00,2024-05-09
2024-05-09T13:00:00Z,-0.93,2024-05-09T15:00:00+02:00,2024-05-09
2024-05-09T14:00:00Z,0.68,2024-05-09T16:00:00+02:00,2024-05-09
2024-05-09T15:00:00Z,64.48,2024-05-09T17:00:00+02:00,2024-05-09
2024-05-09T16:00:00Z,89.72,2024-05-09T18:00:00+02:00,2024-05-09
2024-05-09T17:00:00Z,107.85,2024-05-09T19:00:00+02:00,2024-05-09
2024-05-09T18:00:00Z,132.79,2024-05-09T20:00:00+02:00,2024-05-09
2024-05-09T19:00:00Z,123.67,2024-05-09T21:00:00+02:00,2024-05-09
2024-05-09T20:00:00Z,99.94,2024-05-09T22:00:00+02:00,2024-05-09
2024-05-09T21:00:00Z,87.75,2024-05-09T23:00:00+02:00,2024-05-09
2024-05-09T22:00:00Z,92.13,2024-05-10T00:00:00+02:00,2024-05-10
2024-05-09T23:00:00Z,84.93,2024-05-10T01:00:00+02:00,2024-05-10
2024-05-10T00:00:00Z,77.07,2024-05-10T02:00:00+02:00,2024-05-10
2024-05-10T01:00:00Z,74.48,2024-05-10T03:00:00+02:00,2024-05-10
2024-05-10T02:00:00Z,74.78,2024-05-10T04:00:00+02:00,2024-05-10
2024-05-10T03:00:00Z,90.45,2024-05-10T05:00:00+02:00,2024-05-10
2024-05-10T04:00:00Z,115.2,2024-05-10T06:00:00+02:00,2024-05-10
2024-05-10T05:00:00Z,109.47,2024-05-10T07:00:00+02:00,2024-05-10
2024-05-10T06:00:00Z,95.6,2024-05-10T08:00:00+02:00,2024-05-10
2024-05-10T07:00:00Z,67.39,2024-05-10T09:00:00+02:00,2024-05-10
2024-05-10T08:00:00Z,20.84,2024-05-10T10:00:00+02:00,2024-05-10
2024-05-10T09:00:00Z,2.87,2024-05-10T11:00:00+02:00,2024-05-10
2024-05-10T10:00:00Z,0.52,2024-05-10T12:00:00+02:00,2024-05-10
2024-05-10T11:00:00Z,0.02,2024-05-10T13:00:00+02:00,2024-05-10
2024-05-10T12:00:00Z,0.02,2024-05-10T14:00:00+02:00,2024-05-10
2024-05-10T13:00:00Z,20.42,2024-05-10T15:00:00+02:00,2024-05-10
2024-05-10T14:00:00Z,65.46,2024-05-10T16:00:00+02:00,2024-05-10
2024-05-10T15:00:00Z,85.88,2024-05-10T17:00:00+02:00,2024-05-10
2024-05-10T16:00:00Z,105.91,2024-05-10T18:00:00+02:00,2024-05-10
2024-05-10T17:00:00Z,136.26,2024-05-10T19:00:00+02:00,2024-05-10
2024-05-10T18:00:00Z,170.72,2024-05-10T20:00:00+02:00,2024-05-10
2024-05-10T19:00:00Z,136.31,2024-05-10T21:00:00+02:00,2024-05-10
2024-05-10T20:00:00Z,104.87,2024-05-10T22:00:00+02:00,2024-05-10
2024-05-10T21:00:00Z,92.16,2024-05-10T23:00:00+02:00,2024-05-10
2024-05-10T22:00:00Z,96.76,2024-05-11T00:00:00+02:00,2024-05-11
2024-05-10T23:00:00Z,94.18,2024-05-11T01:00:00+02:00,2024-05-11
2024-05-11T00:00:00Z,90.03,2024-05-11T02:00:00+02:00,2024-05-11
2024-05-11T01:00:00Z,89.09,2024-05-11T03:00:00+02:00,2024-05-11
2024-05-11T02:00:00Z,89.91,2024-05-11T04:00:00+02:00,2024-05-11
2024-05-11T03:00:00Z,90.7,2024-05-11T05:00:00+02:00,2024-05-11
2024-05-11T04:00:00Z,86.72,2024-05-11T06:00:00+02:00,2024-05-11
2024-05-11T05:00:00Z,79.84,2024-05-11T07:00:00+02:00,2024-05-11
2024-05-11T06:00:00Z,56.47,2024-05-11T08:00:00+02:00,2024-05-11
2024-05-11T07:00:00Z,6.8,2024-05-11T09:00:00+02:00,2024-05-11
2024-05-11T08:00:00Z,0.0,2024-05-11T10:00:00+02:00,2024-05-11
2024-05-11T09:00:00Z,-10.47,2024-05-11T11:00:00+02:00,2024-05-11
2024-05-11T10:00:00Z,-21.21,2024-05-11T12:00:00+02:00,2024-05-11
2024-05-11T11:00:00Z,-21.99,2024-05-11T13:00:00+02:00,2024-05-11
2024-05-11T12:00:00Z,-24.23,2024-05-11T14:00:00+02:00,2024-05-11
2024-05-11T13:00:00Z,-11.46,2024-05-11T15:00:00+02:00,2024-05-11
2024-05-11T14:00:00Z,-0.41,2024-05-11T16:00:00+02:00,2024-05-11
2024-05-11T15:00:00Z,32.77,2024-05-11T17:00:00+02:00,2024-05-11
2024-05-11T16:00:00Z,81.83,2024-05-11T18:00:00+02:00,2024-05-11
2024-05-11T17:00:00Z,101.68,2024-05-11T19:00:00+02:00,2024-05-11
2024-05-11T18:00:00Z,122.5,2024-05-11T20:00:00+02:00,2024-05-11
2024-05-11T19:00:00Z,103.48,2024-05-11T21:00:00+02:00,2024-05-11
2024-05-11T20:00:00Z,86.26,2024-05-11T22:00:00+02:00,2024-05-11
2024-05-11T21:00:00Z,68.37,2024-05-11T23:00:00+02:00,2024-05-11
2024-05-11T22:00:00Z,65.49,2024-05-12T00:00:00+02:00,2024-05-12
2024-05-11T23:00:00Z,54.5,2024-05-12T01:00:00+02:00,2024-05-12
2024-05-12T00:00:00Z,44.52,2024-05-12T02:00:00+02:00,2024-05-12
2024-05-12T01:00:00Z,41.22,2024-05-12T03:00:00+02:00,2024-05-12
2024-05-12T02:00:00Z,46.33,2024-05-12T04:00:00+02:00,2024-05-12
2024-05-12T03:00:00Z,43.5,2024-05-12T05:00:00+02:00,2024-05-12
2024-05-12T04:00:00Z,17.61,2024-05-12T06:00:00+02:00,2024-05-12
2024-05-12T05:00:00Z,4.79,2024-05-12T07:00:00+02:00,2024-05-12
2024-05-12T06:00:00Z,2.35,2024-05-12T08:00:00+02:00,2024-05-12
2024-05-12T07:00:00Z,-2.8,2024-05-12T09:00:00+02:00,2024-05-12
2024-05-12T08:00:00Z,-25.0,2024-05-12T10:00:00+02:00,2024-05-12
2024-05-12T09:00:00Z,-69.64,2024-05-12T11:00:00+02:00,2024-05-12
2024-05-12T10:00:00Z,-100.06,2024-05-12T12:00:00+02:00,2024-05-12
2024-05-12T11:00:00Z,-135.45,2024-05-12T13:00:00+02:00,2024-05-12
2024-05-12T12:00:00Z,-132.85,2024-05-12T14:00:00+02:00,2024-05-12
2024-05-12T13:00:00Z,-85.08,2024-05-12T15:00:00+02:00,2024-05-12
2024-05-12T14:00:00Z,-30.0,2024-05-12T16:00:00+02:00,2024-05-12
2024-05-12T15:00:00Z,-1.33,2024-05-12T17:00:00+02:00,2024-05-12
2024-05-12T16:00:00Z,22.5,2024-05-12T18:00:00+02:00,2024-05-12
2024-05-12T17:00:00Z,67.94,2024-05-12T19:00:00+02:00,2024-05-12
2024-05-12T18:00:00Z,75.74,2024-05-12T20:00:00+02:00,2024-05-12
2024-05-12T19:00:00Z,58.26,2024-05-12T21:00:00+02:00,2024-05-12
2024-05-12T20:00:00Z,44.6,2024-05-12T22:00:00+02:00,2024-05-12
2024-05-12T21:00:00Z,35.61,2024-05-12T23:00:00+02:00,2024-05-12
2024-05-12T22:00:00Z,26.84,2024-05-13T00:00:00+02:00,2024-05-13
2024-05-12T23:00:00Z,25.88,2024-05-13T01:00:00+02:00,2024-05-13
2024-05-13T00:00:00Z,25.71,2024-05-13T02:00:00+02:00,2024-05-13
2024-05-13T01:00:00Z,24.7,2024-05-13T03:00:00+02:00,2024-05-13
2024-05-13T02:00:00Z,27.0,2024-05-13T04:00:00+02:00,2024-05-13
2024-05-13T03:00:00Z,39.68,2024-05-13T05:00:00+02:00,2024-05-13
2024-05-13T04:00:00Z,79.97,2024-05-13T06:00:00+02:00,2024-05-13
2024-05-13T05:00:00Z,106.6,2024-05-13T07:00:00+02:00,2024-05-13
2024-05-13T06:00:00Z,78.47,2024-05-13T08:00:00+02:00,2024-05-13
2024-05-13T07:00:00Z,43.51,2024-05-13T09:00:00+02:00,2024-05-13
2024-05-13T08:00:00Z,10.38,2024-05-13T10:00:00+02:00,2024-05-13
2024-05-13T09:00:00Z,-0.97,2024-05-13T11:00:00+02:00,2024-05-13
2024-05-13T10:00:00Z,-2.69,2024-05-13T12:00:00+02:00,2024-05-13
2024-05-13T11:00:00Z,-2.27,2024-05-13T13:00:00+02:00,2024-05-13
2024-05-13T12:00:00Z,-2.46,2024-05-13T14:00:00+02:00,2024-05-13
2024-05-13T13:00:00Z,-0.73,2024-05-13T15:00:00+02:00,2024-05-13
2024-05-13T14:00:00Z,0.07,2024-05-13T16:00:00+02:00,2024-05-13
2024-05-13T15:00:00Z,55.01,2024-05-13T17:00:00+02:00,2024-05-13
2024-05-13T16:00:00Z,83.12,2024-05-13T18:00:00+02:00,2024-05-13
2024-05-13T17:00:00Z,146.18,2024-05-13T19:00:00+02:00,2024-05-13
2024-05-13T18:00:00Z,139.0,2024-05-13T20:00:00+02:00,2024-05-13
2024-05-13T19:00:00Z,88.7,2024-05-13T21:00:00+02:00,2024-05-13
2024-05-13T20:00:00Z,69.55,2024-05-13T22:00:00+02:00,2024-05-13
2024-05-13T21:00:00Z,52.7,2024-05-13T23:00:00+02:00,2024-05-13
2024-05-13T22:00:00Z,48.58,2024-05-14T00:00:00+02:00,2024-05-14
2024-05-13T23:00:00Z,43.43,2024-05-14T01:00:00+02:00,2024-05-14
2024-05-14T00:00:00Z,35.35,2024-05-14T02:00:00+02:00,2024-05-14
2024-05-14T01:00:00Z,34.08,2024-05-14T03:00:00+02:00,2024-05-14
2024-05-14T02:00:00Z,28.89,2024-05-14T04:00:00+02:00,2024-05-14
2024-05-14T03:00:00Z,52.35,2024-05-14T05:00:00+02:00,2024-05-14
2024-05-14T04:00:00Z,71.88,2024-05-14T06:00:00+02:00,2024-05-14
2024-05-14T05:00:00Z,77.33,2024-05-14T07:00:00+02:00,2024-05-14
2024-05-14T06:00:00Z,51.5,2024-05-14T08:00:00+02:00,2024-05-14
2024-05-14T07:00:00Z,5.64,2024-05-14T09:00:00+02:00,2024-05-14
2024-05-14T08:00:00Z,-2.33,2024-05-14T10:00:00+02:00,2024-05-14
2024-05-14T09:00:00Z,-11.12,2024-05-14T11:00:00+02:00,2024-05-14
2024-05-14T10:00:00Z,-36.33,2024-05-14T12:00:00+02:00,2024-05-14
2024-05-14T11:00:00Z,-42.95,2024-05-14T13:00:00+02:00,2024-05-14
2024-05-14T12:00:00Z,-39.66,2024-05-14T14:00:00+02:00,2024-05-14
2024-05-14T13:00:00Z,-19.86,2024-05-14T15:00:00+02:00,2024-05-14
2024-05-14T14:00:00Z,-2.93,2024-05-14T16:00:00+02:00,2024-05-14
2024-05-14T15:00:00Z,-0.04,2024-05-14T17:00:00+02:00,2024-05-14
2024-05-14T16:00:00Z,43.74,2024-05-14T18:00:00+02:00,2024-05-14
2024-05-14T17:00:00Z,83.9,2024-05-14T19:00:00+02:00,2024-05-14
2024-05-14T18:00:00Z,93.47,2024-05-14T20:00:00+02:00,2024-05-14
2024-05-14T19:00:00Z,76.41,2024-05-14T21:00:00+02:00,2024-05-14
2024-05-14T20:00:00Z,45.35,2024-05-14T22:00:00+02:00,2024-05-14
2024-05-14T21:00:00Z,27.71,2024-05-14T23:00:00+02:00,2024-05-14
2024-05-14T22:00:00Z,30.56,2024-05-15T00:00:00+02:00,2024-05-15
2024-05-14T23:00:00Z,32.34,2024-05-15T01:00:00+02:00,2024-05-15
2024-05-15T00:00:00Z,39.38,2024-05-15T02:00:00+02:00,2024-05-15
2024-05-15T01:00:00Z,41.8,2024-05-15T03:00:00+02:00,2024-05-15
2024-05-15T02:00:00Z,37.96,2024-05-15T04:00:00+02:00,2024-05-15
2024-05-15T03:00:00Z,52.87,2024-05-15T05:00:00+02:00,2024-05-15
2024-05-15T04:00:00Z,85.01,2024-05-15T06:00:00+02:00,2024-05-15
2024-05-15T05:00:00Z,88.16,2024-05-15T07:00:00+02:00,2024-05-15
2024-05-15T06:00:00Z,84.45,2024-05-15T08:00:00+02:00,2024-05-15
2024-05-15T07:00:00Z,48.42,2024-05-15T09:00:00+02:00,2024-05-15
2024-05-15T08:00:00Z,7.36,2024-05-15T10:00:00+02:00,2024-05-15
2024-05-15T09:00:00Z,-0.08,2024-05-15T11:00:00+02:00,2024-05-15
2024-05-15T10:00:00Z,-9.95,2024-05-15T12:00:00+02:00,2024-05-15
2024-05-15T11:00:00Z,-11.18,2024-05-15T13:00:00+02:00,2024-05-15
2024-05-15T12:00:00Z,-9.91,2024-05-15T14:00:00+02:00,2024-05-15
2024-05-15T13:00:00Z,-0.09,2024-05-15T15:00:00+02:00,2024-05-15
2024-05-15T14:00:00Z,1.73,2024-05-15T16:00:00+02:00,2024-05-15
2024-05-15T15:00:00Z,30.33,2024-05-15T17:00:00+02:00,2024-05-15
2024-05-15T16:00:00Z,73.66,2024-05-15T18:00:00+02:00,2024-05-15
2024-05-15T17:00:00Z,101.24,2024-05-15T19:00:00+02:00,2024-05-15
2024-05-15T18:00:00Z,110.2,2024-05-15T20:00:00+02:00,2024-05-15
2024-05-15T19:00:00Z,83.8,2024-05-15T21:00:00+02:00,2024-05-15
2024-05-15T20:00:00Z,63.64,2024-05-15T22:00:00+02:00,2024-05-15
2024-05-15T21:00:00Z,48.67,2024-05-15T23:00:00+02:00,2024-05-15
2024-05-15T22:00:00Z,51.14,2024-05-16T00:00:00+02:00,2024-05-16
2024-05-15T23:00:00Z,47.76,2024-05-16T01:00:00+02:00,2024-05-16
2024-05-16T00:00:00Z,39.62,2024-05-16T02:00:00+02:00,2024-05-16
2024-05-16T01:00:00Z,49.49,2024-05-16T03:00:00+02:00,2024-05-16
2024-05-16T02:00:00Z,44.44,2024-05-16T04:00:00+02:00,2024-05-16
2024-05-16T03:00:00Z,57.5,2024-05-16T05:00:00+02:00,2024-05-16
2024-05-16T04:00:00Z,81.35,2024-05-16T06:00:00+02:00,2024-05-16
2024-05-16T05:00:00Z,95.81,2024-05-16T07:00:00+02:00,2024-05-16
2024-05-16T06:00:00Z,82.98,2024-05-16T08:00:00+02:00,2024-05-16
2024-05-16T07:00:00Z,53.1,2024-05-16T09:00:00+02:00,2024-05-16
2024-05-16T08:00:00Z,11.5,2024-05-16T10:00:00+02:00,2024-05-16
2024-05-16T09:00:00Z,0.08,2024-05-16T11:00:00+02:00,2024-05-16
2024-05-16T10:00:00Z,-0.02,2024-05-16T12:00:00+02:00,2024-05-16
2024-05-16T11:00:00Z,-0.71,2024-05-16T13:00:00+02:00,2024-05-16
2024-05-16T12:00:00Z,-0.16,2024-05-16T14:00:00+02:00,2024-05-16
2024-05-16T13:00:00Z,0.01,2024-05-16T15:00:00+02:00,2024-05-16
2024-05-16T14:00:00Z,10.0,2024-05-16T16:00:00+02:00,2024-05-16
2024-05-16T15:00:00Z,44.95,2024-05-16T17:00:00+02:00,2024-05-16
2024-05-16T16:00:00Z,74.96,2024-05-16T18:00:00+02:00,2024-05-16
2024-05-16T17:00:00Z,96.06,2024-05-16T19:00:00+02:00,2024-05-16
2024-05-16T18:00:00Z,109.91,2024-05-16T20:00:00+02:00,2024-05-16
2024-05-16T19:00:00Z,87.89,2024-05-16T21:00:00+02:00,2024-05-16
2024-05-16T20:00:00Z,82.57,2024-05-16T22:00:00+02:00,2024-05-16
2024-05-16T21:00:00Z,69.18,2024-05-16T23:00:00+02:00,2024-05-16
2024-05-16T22:00:00Z,69.52,2024-05-17T00:00:00+02:00,2024-05-17
2024-05-16T23:00:00Z,63.2,2024-05-17T01:00:00+02:00,2024-05-17
2024-05-17T00:00:00Z,63.22,2024-05-17T02:00:00+02:00,2024-05-17
2024-05-17T01:00:00Z,62.48,2024-05-17T03:00:00+02:00,2024-05-17
2024-05-17T02:00:00Z,64.39,2024-05-17T04:00:00+02:00,2024-05-17
2024-05-17T03:00:00Z,63.24,2024-05-17T05:00:00+02:00,2024-05-17
2024-05-17T04:00:00Z,83.73,2024-05-17T06:00:00+02:00,2024-05-17
2024-05-17T05:00:00Z,99.94,2024-05-17T07:00:00+02:00,2024-05-17
2024-05-17T06:00:00Z,94.71,2024-05-17T08:00:00+02:00,2024-05-17
2024-05-17T07:00:00Z,73.9,2024-05-17T09:00:00+02:00,2024-05-17
2024-05-17T08:00:00Z,64.46,2024-05-17T10:00:00+02:00,2024-05-17
2024-05-17T09:00:00Z,57.41,2024-05-17T11:00:00+02:00,2024-05-17
2024-05-17T10:00:00Z,38.11,2024-05-17T12:00:00+02:00,2024-05-17
2024-05-17T11:00:00Z,28.24,2024-05-17T13:00:00+02:00,2024-05-17
2024-05-17T12:00:00Z,31.6,2024-05-17T14:00:00+02:00,2024-05-17
2024-05-17T13:00:00Z,37.5,2024-05-17T15:00:00+02:00,2024-05-17
2024-05-17T14:00:00Z,52.09,2024-05-17T16:00:00+02:00,2024-05-17
2024-05-17T15:00:00Z,70.54,2024-05-17T17:00:00+02:00,2024-05-17
2024-05-17T16:00:00Z,69.88,2024-05-17T18:00:00+02:00,2024-05-17
2024-05-17T17:00:00Z,94.95,2024-05-17T19:00:00+02:00,2024-05-17
2024-05-17T18:00:00Z,107.94,2024-05-17T20:00:00+02:00,2024-05-17
2024-05-17T19:00:00Z,95.22,2024-05-17T21:00:00+02:00,2024-05-17
2024-05-17T20:00:00Z,89.39,2024-05-17T22:00:00+02:00,2024-05-17
2024-05-17T21:00:00Z,80.65,2024-05-17T23:00:00+02:00,2024-05-17
2024-05-17T22:00:00Z,67.55,2024-05-18T00:00:00+02:00,2024-05-18
2024-05-17T23:00:00Z,63.61,2024-05-18T01:00:00+02:00,2024-05-18
2024-05-18T00:00:00Z,63.82,2024-05-18T02:00:00+02:00,2024-05-18
2024-05-18T01:00:00Z,65.18,2024-05-18T03:00:00+02:00,2024-05-18
2024-05-18T02:00:00Z,69.01,2024-05-18T04:00:00+02:00,2024-05-18
2024-05-18T03:00:00Z,72.51,2024-05-18T05:00:00+02:00,2024-05-18
2024-05-18T04:00:00Z,71.86,2024-05-18T06:00:00+02:00,2024-05-18
2024-05-18T05:00:00Z,70.39,2024-05-18T07:00:00+02:00,2024-05-18
2024-05-18T06:00:00Z,63.86,2024-05-18T08:00:00+02:00,2024-05-18
2024-05-18T07:00:00Z,47.36,2024-05-18T09:00:00+02:00,2024-05-18
2024-05-18T08:00:00Z,9.43,2024-05-18T10:00:00+02:00,2024-05-18
2024-05-18T09:00:00Z,0.71,2024-05-18T11:00:00+02:00,2024-05-18
2024-05-18T10:00:00Z,-0.02,2024-05-18T12:00:00+02:00,2024-05-18
2024-05-18T11:00:00Z,-1.3,2024-05-18T13:00:00+02:00,2024-05-18
2024-05-18T12:00:00Z,-2.79,2024-05-18T14:00:00+02:00,2024-05-18
2024-05-18T13:00:00Z,-1.92,2024-05-18T15:00:00+02:00,2024-05-18
2024-05-18T14:00:00Z,-0.04,2024-05-18T16:00:00+02:00,2024-05-18
2024-05-18T15:00:00Z,50.66,2024-05-18T17:00:00+02:00,2024-05-18
2024-05-18T16:00:00Z,81.91,2024-05-18T18:00:00+02:00,2024-05-18
2024-05-18T17:00:00Z,109.94,2024-05-18T19:00:00+02:00,2024-05-18
2024-05-18T18:00:00Z,131.66,2024-05-18T20:00:00+02:00,2024-05-18
2024-05-18T19:00:00Z,122.78,2024-05-18T21:00:00+02:00,2024-05-18
2024-05-18T20:00:00Z,96.52,2024-05-18T22:00:00+02:00,2024-05-18
2024-05-18T21:00:00Z,86.6,2024-05-18T23:00:00+02:00,2024-05-18
2024-05-18T22:00:00Z,90.69,2024-05-19T00:00:00+02:00,2024-05-19
2024-05-18T23:00:00Z,89.06,2024-05-19T01:00:00+02:00,2024-05-19
2024-05-19T00:00:00Z,88.66,2024-05-19T02:00:00+02:00,2024-05-19
2024-05-19T01:00:00Z,86.91,2024-05-19T03:00:00+02:00,2024-05-19
2024-05-19T02:00:00Z,86.13,2024-05-19T04:00:00+02:00,2024-05-19
2024-05-19T03:00:00Z,80.56,2024-05-19T05:00:00+02:00,2024-05-19
2024-05-19T04:00:00Z,75.57,2024-05-19T06:00:00+02:00,2024-05-19
2024-05-19T05:00:00Z,70.24,2024-05-19T07:00:00+02:00,2024-05-19
2024-05-19T06:00:00Z,46.96,2024-05-19T08:00:00+02:00,2024-05-19
2024-05-19T07:00:00Z,5.6,2024-05-19T09:00:00+02:00,2024-05-19
2024-05-19T08:00:00Z,-0.03,2024-05-19T10:00:00+02:00,2024-05-19
2024-05-19T09:00:00Z,-0.18,2024-05-19T11:00:00+02:00,2024-05-19
2024-05-19T10:00:00Z,-2.06,2024-05-19T12:00:00+02:00,2024-05-19
2024-05-19T11:00:00Z,-7.41,2024-05-19T13:00:00+02:00,2024-05-19
2024-05-19T12:00:00Z,-15.13,2024-05-19T14:00:00+02:00,2024-05-19
2024-05-19T13:00:00Z,-10.0,2024-05-19T15:00:00+02:00,2024-05-19
2024-05-19T14:00:00Z,-3.79,2024-05-19T16:00:00+02:00,2024-05-19
2024-05-19T15:00:00Z,-0.06,2024-05-19T17:00:00+02:00,2024-05-19
2024-05-19T16:00:00Z,64.17,2024-05-19T18:00:00+02:00,2024-05-19
2024-05-19T17:00:00Z,89.59,2024-05-19T19:00:00+02:00,2024-05-19
2024-05-19T18:00:00Z,113.66,2024-05-19T20:00:00+02:00,2024-05-19
2024-05-19T19:00:00Z,122.86,2024-05-19T21:00:00+02:00,2024-05-19
2024-05-19T20:00:00Z,101.93,2024-05-19T22:00:00+02:00,2024-05-19
2024-05-19T21:00:00Z,86.14,2024-05-19T23:00:00+02:00,2024-05-19
2024-05-19T22:00:00Z,91.09,2024-05-20T00:00:00+02:00,2024-05-20
2024-05-19T23:00:00Z,82.64,2024-05-20T01:00:00+02:00,2024-05-20
2024-05-20T00:00:00Z,86.73,2024-05-20T02:00:00+02:00,2024-05-20
2024-05-20T01:00:00Z,86.09,2024-05-20T03:00:00+02:00,2024-05-20
2024-05-20T02:00:00Z,88.21,2024-05-20T04:00:00+02:00,2024-05-20
2024-05-20T03:00:00Z,91.46,2024-05-20T05:00:00+02:00,2024-05-20
2024-05-20T04:00:00Z,104.72,2024-05-20T06:00:00+02:00,2024-05-20
2024-05-20T05:00:00Z,105.69,2024-05-20T07:00:00+02:00,2024-05-20
2024-05-20T06:00:00Z,72.24,2024-05-20T08:00:00+02:00,2024-05-20
2024-05-20T07:00:00Z,32.8,2024-05-20T09:00:00+02:00,2024-05-20
2024-05-20T08:00:00Z,12.41,2024-05-20T10:00:00+02:00,2024-05-20
2024-05-20T09:00:00Z,6.06,2024-05-20T11:00:00+02:00,2024-05-20
2024-05-20T10:00:00Z,2.41,2024-05-20T12:00:00+02:00,2024-05-20
2024-05-20T11:00:00Z,0.0,2024-05-20T13:00:00+02:00,2024-05-20
2024-05-20T12:00:00Z,-0.33,2024-05-20T14:00:00+02:00,2024-05-20
2024-05-20T13:00:00Z,-0.07,2024-05-20T15:00:00+02:00,2024-05-20
2024-05-20T14:00:00Z,0.89,2024-05-20T16:00:00+02:00,2024-05-20
2024-05-20T15:00:00Z,64.17,2024-05-20T17:00:00+02:00,2024-05-20
2024-05-20T16:00:00Z,85.94,2024-05-20T18:00:00+02:00,2024-05-20
2024-05-20T17:00:00Z,113.63,2024-05-20T19:00:00+02:00,2024-05-20
2024-05-20T18:00:00Z,135.9,2024-05-20T20:00:00+02:00,2024-05-20
2024-05-20T19:00:00Z,120.33,2024-05-20T21:00:00+02:00,2024-05-20
2024-05-20T20:00:00Z,96.63,2024-05-20T22:00:00+02:00,2024-05-20
2024-05-20T21:00:00Z,79.86,2024-05-20T23:00:00+02:00,2024-05-20
2024-05-20T22:00:00Z,81.46,2024-05-21T00:00:00+02:00,2024-05-21
2024-05-20T23:00:00Z,76.4,2024-05-21T01:00:00+02:00,2024-05-21
2024-05-21T00:00:00Z,76.21,2024-05-21T02:00:00+02:00,2024-05-21
2024-05-21T01:00:00Z,77.92,2024-05-21T03:00:00+02:00,2024-05-21
2024-05-21T02:00:00Z,74.93,2024-05-21T04:00:00+02:00,2024-05-21
2024-05-21T03:00:00Z,79.58,2024-05-21T05:00:00+02:00,2024-05-21
2024-05-21T04:00:00Z,112.26,2024-05-21T06:00:00+02:00,2024-05-21
2024-05-21T05:00:00Z,122.98,2024-05-21T07:00:00+02:00,2024-05-21
2024-05-21T06:00:00Z,97.35,2024-05-21T08:00:00+02:00,2024-05-21
2024-05-21T07:00:00Z,81.86,2024-05-21T09:00:00+02:00,2024-05-21
2024-05-21T08:00:00Z,66.98,2024-05-21T10:00:00+02:00,2024-05-21
2024-05-21T09:00:00Z,54.42,2024-05-21T11:00:00+02:00,2024-05-21
2024-05-21T10:00:00Z,28.47,2024-05-21T12:00:00+02:00,2024-05-21
2024-05-21T11:00:00Z,31.34,2024-05-21T13:00:00+02:00,2024-05-21
2024-05-21T12:00:00Z,54.09,2024-05-21T14:00:00+02:00,2024-05-21
2024-05-21T13:00:00Z,69.65,2024-05-21T15:00:00+02:00,2024-05-21
2024-05-21T14:00:00Z,79.61,2024-05-21T16:00:00+02:00,2024-05-21
2024-05-21T15:00:00Z,87.98,2024-05-21T17:00:00+02:00,2024-05-21
2024-05-21T16:00:00Z,103.44,2024-05-21T18:00:00+02:00,2024-05-21
2024-05-21T17:00:00Z,126.98,2024-05-21T19:00:00+02:00,2024-05-21
2024-05-21T18:00:00Z,99.07,2024-05-21T20:00:00+02:00,2024-05-21
2024-05-21T19:00:00Z,83.58,2024-05-21T21:00:00+02:00,2024-05-21
2024-05-21T20:00:00Z,83.05,2024-05-21T22:00:00+02:00,2024-05-21
2024-05-21T21:00:00Z,65.91,2024-05-21T23:00:00+02:00,2024-05-21
2024-05-21T22:00:00Z,70.03,2024-05-22T00:00:00+02:00,2024-05-22
2024-05-21T23:00:00Z,66.4,2024-05-22T01:00:00+02:00,2024-05-22
2024-05-22T00:00:00Z,64.9,2024-05-22T02:00:00+02:00,2024-05-22
2024-05-22T01:00:00Z,54.12,2024-05-22T03:00:00+02:00,2024-05-22
2024-05-22T02:00:00Z,62.66,2024-05-22T04:00:00+02:00,2024-05-22
2024-05-22T03:00:00Z,70.2,2024-05-22T05:00:00+02:00,2024-05-22
2024-05-22T04:00:00Z,98.14,2024-05-22T06:00:00+02:00,2024-05-22
2024-05-22T05:00:00Z,103.12,2024-05-22T07:00:00+02:00,2024-05-22
2024-05-22T06:00:00Z,94.98,2024-05-22T08:00:00+02:00,2024-05-22
2024-05-22T07:00:00Z,81.21,2024-05-22T09:00:00+02:00,2024-05-22
2024-05-22T08:00:00Z,70.0,2024-05-22T10:00:00+02:00,2024-05-22
2024-05-22T09:00:00Z,69.78,2024-05-22T11:00:00+02:00,2024-05-22
2024-05-22T10:00:00Z,65.65,2024-05-22T12:00:00+02:00,2024-05-22
2024-05-22T11:00:00Z,56.91,2024-05-22T13:00:00+02:00,2024-05-22
2024-05-22T12:00:00Z,56.14,2024-05-22T14:00:00+02:00,2024-05-22
2024-05-22T13:00:00Z,67.17,2024-05-22T15:00:00+02:00,2024-05-22
2024-05-22T14:00:00Z,77.61,2024-05-22T16:00:00+02:00,2024-05-22
2024-05-22T15:00:00Z,92.45,2024-05-22T17:00:00+02:00,2024-05-22
2024-05-22T16:00:00Z,99.98,2024-05-22T18:00:00+02:00,2024-05-22
2024-05-22T17:00:00Z,147.02,2024-05-22T19:00:00+02:00,2024-05-22
2024-05-22T18:00:00Z,154.88,2024-05-22T20:00:00+02:00,2024-05-22
2024-05-22T19:00:00Z,135.99,2024-05-22T21:00:00+02:00,2024-05-22
2024-05-22T20:00:00Z,107.71,2024-05-22T22:00:00+02:00,2024-05-22
2024-05-22T21:00:00Z,93.22,2024-05-22T23:00:00+02:00,2024-05-22
2024-05-22T22:00:00Z,79.27,2024-05-23T00:00:00+02:00,2024-05-23
2024-05-22T23:00:00Z,78.45,2024-05-23T01:00:00+02:00,2024-05-23
2024-05-23T00:00:00Z,74.93,2024-05-23T02:00:00+02:00,2024-05-23
2024-05-23T01:00:00Z,76.68,2024-05-23T03:00:00+02:00,2024-05-23
2024-05-23T02:00:00Z,78.65,2024-05-23T04:00:00+02:00,2024-05-23
2024-05-23T03:00:00Z,84.8,2024-05-23T05:00:00+02:00,2024-05-23
2024-05-23T04:00:00Z,107.98,2024-05-23T06:00:00+02:00,2024-05-23
2024-05-23T05:00:00Z,118.0,2024-05-23T07:00:00+02:00,2024-05-23
2024-05-23T06:00:00Z,97.84,2024-05-23T08:00:00+02:00,2024-05-23
2024-05-23T07:00:00Z,75.65,2024-05-23T09:00:00+02:00,2024-05-23
2024-05-23T08:00:00Z,74.89,2024-05-23T10:00:00+02:00,2024-05-23
2024-05-23T09:00:00Z,64.1,2024-05-23T11:00:00+02:00,2024-05-23
2024-05-23T10:00:00Z,52.5,2024-05-23T12:00:00+02:00,2024-05-23
2024-05-23T11:00:00Z,45.31,2024-05-23T13:00:00+02:00,2024-05-23
2024-05-23T12:00:00Z,56.98,2024-05-23T14:00:00+02:00,2024-05-23
2024-05-23T13:00:00Z,71.4,2024-05-23T15:00:00+02:00,2024-05-23
2024-05-23T14:00:00Z,83.77,2024-05-23T16:00:00+02:00,2024-05-23
2024-05-23T15:00:00Z,96.64,2024-05-23T17:00:00+02:00,2024-05-23
2024-05-23T16:00:00Z,111.49,2024-05-23T18:00:00+02:00,2024-05-23
2024-05-23T17:00:00Z,156.28,2024-05-23T19:00:00+02:00,2024-05-23
2024-05-23T18:00:00Z,180.06,2024-05-23T20:00:00+02:00,2024-05-23
2024-05-23T19:00:00Z,155.98,2024-05-23T21:00:00+02:00,2024-05-23
2024-05-23T20:00:00Z,126.15,2024-05-23T22:00:00+02:00,2024-05-23
2024-05-23T21:00:00Z,105.03,2024-05-23T23:00:00+02:00,2024-05-23
2024-05-23T22:00:00Z,103.17,2024-05-24T00:00:00+02:00,2024-05-24
2024-05-23T23:00:00Z,94.12,2024-05-24T01:00:00+02:00,2024-05-24
2024-05-24T00:00:00Z,89.79,2024-05-24T02:00:00+02:00,2024-05-24
2024-05-24T01:00:00Z,88.22,2024-05-24T03:00:00+02:00,2024-05-24
2024-05-24T02:00:00Z,91.8,2024-05-24T04:00:00+02:00,2024-05-24
2024-05-24T03:00:00Z,103.23,2024-05-24T05:00:00+02:00,2024-05-24
2024-05-24T04:00:00Z,123.84,2024-05-24T06:00:00+02:00,2024-05-24
2024-05-24T05:00:00Z,122.07,2024-05-24T07:00:00+02:00,2024-05-24
2024-05-24T06:00:00Z,115.9,2024-05-24T08:00:00+02:00,2024-05-24
2024-05-24T07:00:00Z,106.1,2024-05-24T09:00:00+02:00,2024-05-24
2024-05-24T08:00:00Z,96.16,2024-05-24T10:00:00+02:00,2024-05-24
2024-05-24T09:00:00Z,90.07,2024-05-24T11:00:00+02:00,2024-05-24
2024-05-24T10:00:00Z,88.98,2024-05-24T12:00:00+02:00,2024-05-24
2024-05-24T11:00:00Z,87.74,2024-05-24T13:00:00+02:00,2024-05-24
2024-05-24T12:00:00Z,88.12,2024-05-24T14:00:00+02:00,2024-05-24
2024-05-24T13:00:00Z,88.18,2024-05-24T15:00:00+02:00,2024-05-24
2024-05-24T14:00:00Z,84.27,2024-05-24T16:00:00+02:00,2024-05-24
2024-05-24T15:00:00Z,98.79,2024-05-24T17:00:00+02:00,2024-05-24
2024-05-24T16:00:00Z,111.77,2024-05-24T18:00:00+02:00,2024-05-24
2024-05-24T17:00:00Z,129.99,2024-05-24T19:00:00+02:00,2024-05-24
2024-05-24T18:00:00Z,125.0,2024-05-24T20:00:00+02:00,2024-05-24
2024-05-24T19:00:00Z,115.84,2024-05-24T21:00:00+02:00,2024-05-24
2024-05-24T20:00:00Z,109.67,2024-05-24T22:00:00+02:00,2024-05-24
2024-05-24T21:00:00Z,99.84,2024-05-24T23:00:00+02:00,2024-05-24
2024-05-24T22:00:00Z,94.88,2024-05-25T00:00:00+02:00,2024-05-25
2024-05-24T23:00:00Z,91.83,2024-05-25T01:00:00+02:00,2024-05-25
2024-05-25T00:00:00Z,90.43,2024-05-25T02:00:00+02:00,2024-05-25
2024-05-25T01:00:00Z,89.16,2024-05-25T03:00:00+02:00,2024-05-25
2024-05-25T02:00:00Z,89.03,2024-05-25T04:00:00+02:00,2024-05-25
2024-05-25T03:00:00Z,90.26,2024-05-25T05:00:00+02:00,2024-05-25
2024-05-25T04:00:00Z,90.68,2024-05-25T06:00:00+02:00,2024-05-25
2024-05-25T05:00:00Z,86.23,2024-05-25T07:00:00+02:00,2024-05-25
2024-05-25T06:00:00Z,78.58,2024-05-25T08:00:00+02:00,2024-05-25
2024-05-25T07:00:00Z,74.75,2024-05-25T09:00:00+02:00,2024-05-25
2024-05-25T08:00:00Z,54.23,2024-05-25T10:00:00+02:00,2024-05-25
2024-05-25T09:00:00Z,9.34,2024-05-25T11:00:00+02:00,2024-05-25
2024-05-25T10:00:00Z,3.24,2024-05-25T12:00:00+02:00,2024-05-25
2024-05-25T11:00:00Z,0.04,2024-05-25T13:00:00+02:00,2024-05-25
2024-05-25T12:00:00Z,0.0,2024-05-25T14:00:00+02:00,2024-05-25
2024-05-25T13:00:00Z,0.02,2024-05-25T15:00:00+02:00,2024-05-25
2024-05-25T14:00:00Z,14.23,2024-05-25T16:00:00+02:00,2024-05-25
2024-05-25T15:00:00Z,76.04,2024-05-25T17:00:00+02:00,2024-05-25
2024-05-25T16:00:00Z,96.23,2024-05-25T18:00:00+02:00,2024-05-25
2024-05-25T17:00:00Z,115.77,2024-05-25T19:00:00+02:00,2024-05-25
2024-05-25T18:00:00Z,131.92,2024-05-25T20:00:00+02:00,2024-05-25
2024-05-25T19:00:00Z,136.95,2024-05-25T21:00:00+02:00,2024-05-25
2024-05-25T20:00:00Z,115.77,2024-05-25T22:00:00+02:00,2024-05-25
2024-05-25T21:00:00Z,104.54,2024-05-25T23:00:00+02:00,2024-05-25
2024-05-25T22:00:00Z,107.36,2024-05-26T00:00:00+02:00,2024-05-26
2024-05-25T23:00:00Z,98.3,2024-05-26T01:00:00+02:00,2024-05-26
2024-05-26T00:00:00Z,90.77,2024-05-26T02:00:00+02:00,2024-05-26
2024-05-26T01:00:00Z,90.1,2024-05-26T03:00:00+02:00,2024-05-26
2024-05-26T02:00:00Z,91.16,2024-05-26T04:00:00+02:00,2024-05-26
2024-05-26T03:00:00Z,88.61,2024-05-26T05:00:00+02:00,2024-05-26
2024-05-26T04:00:00Z,83.49,2024-05-26T06:00:00+02:00,2024-05-26
2024-05-26T05:00:00Z,71.9,2024-05-26T07:00:00+02:00,2024-05-26
2024-05-26T06:00:00Z,13.25,2024-05-26T08:00:00+02:00,2024-05-26
2024-05-26T07:00:00Z,0.02,2024-05-26T09:00:00+02:00,2024-05-26
2024-05-26T08:00:00Z,0.0,2024-05-26T10:00:00+02:00,2024-05-26
2024-05-26T09:00:00Z,-0.09,2024-05-26T11:00:00+02:00,2024-05-26
2024-05-26T10:00:00Z,-2.12,2024-05-26T12:00:00+02:00,2024-05-26
2024-05-26T11:00:00Z,-10.66,2024-05-26T13:00:00+02:00,2024-05-26
2024-05-26T12:00:00Z,-23.88,2024-05-26T14:00:00+02:00,2024-05-26
2024-05-26T13:00:00Z,-9.91,2024-05-26T15:00:00+02:00,2024-05-26
2024-05-26T14:00:00Z,-0.6,2024-05-26T16:00:00+02:00,2024-05-26
2024-05-26T15:00:00Z,57.0,2024-05-26T17:00:00+02:00,2024-05-26
2024-05-26T16:00:00Z,93.26,2024-05-26T18:00:00+02:00,2024-05-26
2024-05-26T17:00:00Z,118.08,2024-05-26T19:00:00+02:00,2024-05-26
2024-05-26T18:00:00Z,118.74,2024-05-26T20:00:00+02:00,2024-05-26
2024-05-26T19:00:00Z,121.1,2024-05-26T21:00:00+02:00,2024-05-26
2024-05-26T20:00:00Z,106.94,2024-05-26T22:00:00+02:00,2024-05-26
2024-05-26T21:00:00Z,87.5,2024-05-26T23:00:00+02:00,2024-05-26
2024-05-26T22:00:00Z,78.34,2024-05-27T00:00:00+02:00,2024-05-27
2024-05-26T23:00:00Z,75.07,2024-05-27T01:00:00+02:00,2024-05-27
2024-05-27T00:00:00Z,74.44,2024-05-27T02:00:00+02:00,2024-05-27
2024-05-27T01:00:00Z,74.43,2024-05-27T03:00:00+02:00,2024-05-27
2024-05-27T02:00:00Z,77.87,2024-05-27T04:00:00+02:00,2024-05-27
2024-05-27T03:00:00Z,84.04,2024-05-27T05:00:00+02:00,2024-05-27
2024-05-27T04:00:00Z,112.94,2024-05-27T06:00:00+02:00,2024-05-27
2024-05-27T05:00:00Z,128.74,2024-05-27T07:00:00+02:00,2024-05-27
2024-05-27T06:00:00Z,124.55,2024-05-27T08:00:00+02:00,2024-05-27
2024-05-27T07:00:00Z,107.22,2024-05-27T09:00:00+02:00,2024-05-27
2024-05-27T08:00:00Z,88.44,2024-05-27T10:00:00+02:00,2024-05-27
2024-05-27T09:00:00Z,86.26,2024-05-27T11:00:00+02:00,2024-05-27
2024-05-27T10:00:00Z,77.34,2024-05-27T12:00:00+02:00,2024-05-27
2024-05-27T11:00:00Z,74.46,2024-05-27T13:00:00+02:00,2024-05-27
2024-05-27T12:00:00Z,72.96,2024-05-27T14:00:00+02:00,2024-05-27
2024-05-27T13:00:00Z,77.78,2024-05-27T15:00:00+02:00,2024-05-27
2024-05-27T14:00:00Z,84.66,2024-05-27T16:00:00+02:00,2024-05-27
2024-05-27T15:00:00Z,111.04,2024-05-27T17:00:00+02:00,2024-05-27
2024-05-27T16:00:00Z,131.4,2024-05-27T18:00:00+02:00,2024-05-27
2024-05-27T17:00:00Z,186.68,2024-05-27T19:00:00+02:00,2024-05-27
2024-05-27T18:00:00Z,221.46,2024-05-27T20:00:00+02:00,2024-05-27
2024-05-27T19:00:00Z,169.86,2024-05-27T21:00:00+02:00,2024-05-27
2024-05-27T20:00:00Z,131.4,2024-05-27T22:00:00+02:00,2024-05-27
2024-05-27T21:00:00Z,113.78,2024-05-27T23:00:00+02:00,2024-05-27
2024-05-27T22:00:00Z,97.78,2024-05-28T00:00:00+02:00,2024-05-28
2024-05-27T23:00:00Z,90.5,2024-05-28T01:00:00+02:00,2024-05-28
2024-05-28T00:00:00Z,87.64,2024-05-28T02:00:00+02:00,2024-05-28
2024-05-28T01:00:00Z,85.22,2024-05-28T03:00:00+02:00,2024-05-28
2024-05-28T02:00:00Z,83.96,2024-05-28T04:00:00+02:00,2024-05-28
2024-05-28T03:00:00Z,88.04,2024-05-28T05:00:00+02:00,2024-05-28
2024-05-28T04:00:00Z,110.34,2024-05-28T06:00:00+02:00,2024-05-28
2024-05-28T05:00:00Z,120.1,2024-05-28T07:00:00+02:00,2024-05-28
2024-05-28T06:00:00Z,102.23,2024-05-28T08:00:00+02:00,2024-05-28
2024-05-28T07:00:00Z,85.43,2024-05-28T09:00:00+02:00,2024-05-28
2024-05-28T08:00:00Z,72.52,2024-05-28T10:00:00+02:00,2024-05-28
2024-05-28T09:00:00Z,69.17,2024-05-28T11:00:00+02:00,2024-05-28
2024-05-28T10:00:00Z,61.1,2024-05-28T12:00:00+02:00,2024-05-28
2024-05-28T11:00:00Z,55.25,2024-05-28T13:00:00+02:00,2024-05-28
2024-05-28T12:00:00Z,55.27,2024-05-28T14:00:00+02:00,2024-05-28
2024-05-28T13:00:00Z,65.66,2024-05-28T15:00:00+02:00,2024-05-28
2024-05-28T14:00:00Z,72.52,2024-05-28T16:00:00+02:00,2024-05-28
2024-05-28T15:00:00Z,85.8,2024-05-28T17:00:00+02:00,2024-05-28
2024-05-28T16:00:00Z,102.28,2024-05-28T18:00:00+02:00,2024-05-28
2024-05-28T17:00:00Z,130.05,2024-05-28T19:00:00+02:00,2024-05-28
2024-05-28T18:00:00Z,144.31,2024-05-28T20:00:00+02:00,2024-05-28
2024-05-28T19:00:00Z,124.0,2024-05-28T21:00:00+02:00,2024-05-28
2024-05-28T20:00:00Z,100.09,2024-05-28T22:00:00+02:00,2024-05-28
2024-05-28T21:00:00Z,88.78,2024-05-28T23:00:00+02:00,2024-05-28
2024-05-28T22:00:00Z,72.22,2024-05-29T00:00:00+02:00,2024-05-29
2024-05-28T23:00:00Z,57.54,2024-05-29T01:00:00+02:00,2024-05-29
2024-05-29T00:00:00Z,54.28,2024-05-29T02:00:00+02:00,2024-05-29
2024-05-29T01:00:00Z,50.59,2024-05-29T03:00:00+02:00,2024-05-29
2024-05-29T02:00:00Z,49.83,2024-05-29T04:00:00+02:00,2024-05-29
2024-05-29T03:00:00Z,45.91,2024-05-29T05:00:00+02:00,2024-05-29
2024-05-29T04:00:00Z,72.15,2024-05-29T06:00:00+02:00,2024-05-29
2024-05-29T05:00:00Z,86.45,2024-05-29T07:00:00+02:00,2024-05-29
2024-05-29T06:00:00Z,91.52,2024-05-29T08:00:00+02:00,2024-05-29
2024-05-29T07:00:00Z,69.11,2024-05-29T09:00:00+02:00,2024-05-29
2024-05-29T08:00:00Z,67.85,2024-05-29T10:00:00+02:00,2024-05-29
2024-05-29T09:00:00Z,62.12,2024-05-29T11:00:00+02:00,2024-05-29
2024-05-29T10:00:00Z,59.07,2024-05-29T12:00:00+02:00,2024-05-29
2024-05-29T11:00:00Z,62.25,2024-05-29T13:00:00+02:00,2024-05-29
2024-05-29T12:00:00Z,62.18,2024-05-29T14:00:00+02:00,2024-05-29
2024-05-29T13:00:00Z,69.49,2024-05-29T15:00:00+02:00,2024-05-29
2024-05-29T14:00:00Z,72.67,2024-05-29T16:00:00+02:00,2024-05-29
2024-05-29T15:00:00Z,89.23,2024-05-29T17:00:00+02:00,2024-05-29
2024-05-29T16:00:00Z,94.66,2024-05-29T18:00:00+02:00,2024-05-29
2024-05-29T17:00:00Z,111.44,2024-05-29T19:00:00+02:00,2024-05-29
2024-05-29T18:00:00Z,140.5,2024-05-29T20:00:00+02:00,2024-05-29
2024-05-29T19:00:00Z,143.26,2024-05-29T21:00:00+02:00,2024-05-29
2024-05-29T20:00:00Z,120.39,2024-05-29T22:00:00+02:00,2024-05-29
2024-05-29T21:00:00Z,95.53,2024-05-29T23:00:00+02:00,2024-05-29
2024-05-29T22:00:00Z,100.43,2024-05-30T00:00:00+02:00,2024-05-30
2024-05-29T23:00:00Z,96.2,2024-05-30T01:00:00+02:00,2024-05-30
2024-05-30T00:00:00Z,91.21,2024-05-30T02:00:00+02:00,2024-05-30
2024-05-30T01:00:00Z,93.63,2024-05-30T03:00:00+02:00,2024-05-30
2024-05-30T02:00:00Z,94.56,2024-05-30T04:00:00+02:00,2024-05-30
2024-05-30T03:00:00Z,100.79,2024-05-30T05:00:00+02:00,2024-05-30
2024-05-30T04:00:00Z,103.37,2024-05-30T06:00:00+02:00,2024-05-30
2024-05-30T05:00:00Z,106.67,2024-05-30T07:00:00+02:00,2024-05-30
2024-05-30T06:00:00Z,97.71,2024-05-30T08:00:00+02:00,2024-05-30
2024-05-30T07:00:00Z,93.9,2024-05-30T09:00:00+02:00,2024-05-30
2024-05-30T08:00:00Z,85.0,2024-05-30T10:00:00+02:00,2024-05-30
2024-05-30T09:00:00Z,80.0,2024-05-30T11:00:00+02:00,2024-05-30
2024-05-30T10:00:00Z,70.92,2024-05-30T12:00:00+02:00,2024-05-30
2024-05-30T11:00:00Z,62.97,2024-05-30T13:00:00+02:00,2024-05-30
2024-05-30T12:00:00Z,62.97,2024-05-30T14:00:00+02:00,2024-05-30
2024-05-30T13:00:00Z,67.69,2024-05-30T15:00:00+02:00,2024-05-30
2024-05-30T14:00:00Z,83.75,2024-05-30T16:00:00+02:00,2024-05-30
2024-05-30T15:00:00Z,90.13,2024-05-30T17:00:00+02:00,2024-05-30
2024-05-30T16:00:00Z,110.67,2024-05-30T18:00:00+02:00,2024-05-30
2024-05-30T17:00:00Z,135.23,2024-05-30T19:00:00+02:00,2024-05-30
2024-05-30T18:00:00Z,154.73,2024-05-30T20:00:00+02:00,2024-05-30
2024-05-30T19:00:00Z,143.45,2024-05-30T21:00:00+02:00,2024-05-30
2024-05-30T20:00:00Z,112.11,2024-05-30T22:00:00+02:00,2024-05-30
2024-05-30T21:00:00Z,100.71,2024-05-30T23:00:00+02:00,2024-05-30
2024-05-30T22:00:00Z,96.21,2024-05-31T00:00:00+02:00,2024-05-31
2024-05-30T23:00:00Z,80.71,2024-05-31T01:00:00+02:00,2024-05-31
2024-05-31T00:00:00Z,79.49,2024-05-31T02:00:00+02:00,2024-05-31
2024-05-31T01:00:00Z,73.71,2024-05-31T03:00:00+02:00,2024-05-31
2024-05-31T02:00:00Z,74.53,2024-05-31T04:00:00+02:00,2024-05-31
2024-05-31T03:00:00Z,90.06,2024-05-31T05:00:00+02:00,2024-05-31
2024-05-31T04:00:00Z,106.27,2024-05-31T06:00:00+02:00,2024-05-31
2024-05-31T05:00:00Z,109.11,2024-05-31T07:00:00+02:00,2024-05-31
2024-05-31T06:00:00Z,108.72,2024-05-31T08:00:00+02:00,2024-05-31
2024-05-31T07:00:00Z,102.36,2024-05-31T09:00:00+02:00,2024-05-31
2024-05-31T08:00:00Z,91.97,2024-05-31T10:00:00+02:00,2024-05-31
2024-05-31T09:00:00Z,82.02,2024-05-31T11:00:00+02:00,2024-05-31
2024-05-31T10:00:00Z,74.91,2024-05-31T12:00:00+02:00,2024-05-31
2024-05-31T11:00:00Z,68.5,2024-05-31T13:00:00+02:00,2024-05-31
2024-05-31T12:00:00Z,65.3,2024-05-31T14:00:00+02:00,2024-05-31
2024-05-31T13:00:00Z,66.94,2024-05-31T15:00:00+02:00,2024-05-31
2024-05-31T14:00:00Z,75.07,2024-05-31T16:00:00+02:00,2024-05-31
2024-05-31T15:00:00Z,84.1,2024-05-31T17:00:00+02:00,2024-05-31
2024-05-31T16:00:00Z,94.46,2024-05-31T18:00:00+02:00,2024-05-31
2024-05-31T17:00:00Z,107.94,2024-05-31T19:00:00+02:00,2024-05-31
2024-05-31T18:00:00Z,115.0,2024-05-31T20:00:00+02:00,2024-05-31
2024-05-31T19:00:00Z,107.91,2024-05-31T21:00:00+02:00,2024-05-31
2024-05-31T20:00:00Z,101.74,2024-05-31T22:00:00+02:00,2024-05-31
2024-05-31T21:00:00Z,84.18,2024-05-31T23:00:00+02:00,2024-05-31
2024-05-31T22:00:00Z,88.58,2024-06-01T00:00:00+02:00,2024-06-01
2024-05-31T23:00:00Z,88.82,2024-06-01T01:00:00+02:00,2024-06-01
2024-06-01T00:00:00Z,79.66,2024-06-01T02:00:00+02:00,2024-06-01
2024-06-01T01:00:00Z,72.14,2024-06-01T03:00:00+02:00,2024-06-01
2024-06-01T02:00:00Z,71.87,2024-06-01T04:00:00+02:00,2024-06-01
2024-06-01T03:00:00Z,71.83,2024-06-01T05:00:00+02:00,2024-06-01
2024-06-01T04:00:00Z,75.2,2024-06-01T06:00:00+02:00,2024-06-01
2024-06-01T05:00:00Z,74.4,2024-06-01T07:00:00+02:00,2024-06-01
2024-06-01T06:00:00Z,72.49,2024-06-01T08:00:00+02:00,2024-06-01
2024-06-01T07:00:00Z,61.35,2024-06-01T09:00:00+02:00,2024-06-01
2024-06-01T08:00:00Z,47.16,2024-06-01T10:00:00+02:00,2024-06-01
2024-06-01T09:00:00Z,41.86,2024-06-01T11:00:00+02:00,2024-06-01
2024-06-01T10:00:00Z,21.21,2024-06-01T12:00:00+02:00,2024-06-01
2024-06-01T11:00:00Z,7.44,2024-06-01T13:00:00+02:00,2024-06-01
2024-06-01T12:00:00Z,2.92,2024-06-01T14:00:00+02:00,2024-06-01
2024-06-01T13:00:00Z,5.8,2024-06-01T15:00:00+02:00,2024-06-01
2024-06-01T14:00:00Z,13.0,2024-06-01T16:00:00+02:00,2024-06-01
2024-06-01T15:00:00Z,52.08,2024-06-01T17:00:00+02:00,2024-06-01
2024-06-01T16:00:00Z,67.5,2024-06-01T18:00:00+02:00,2024-06-01
2024-06-01T17:00:00Z,81.9,2024-06-01T19:00:00+02:00,2024-06-01
2024-06-01T18:00:00Z,85.86,2024-06-01T20:00:00+02:00,2024-06-01
2024-06-01T19:00:00Z,81.76,2024-06-01T21:00:00+02:00,2024-06-01
2024-06-01T20:00:00Z,84.48,2024-06-01T22:00:00+02:00,2024-06-01
2024-06-01T21:00:00Z,65.39,2024-06-01T23:00:00+02:00,2024-06-01
2024-06-01T22:00:00Z,35.71,2024-06-02T00:00:00+02:00,2024-06-02
2024-06-01T23:00:00Z,31.12,2024-06-02T01:00:00+02:00,2024-06-02
2024-06-02T00:00:00Z,15.85,2024-06-02T02:00:00+02:00,2024-06-02
2024-06-02T01:00:00Z,7.22,2024-06-02T03:00:00+02:00,2024-06-02
2024-06-02T02:00:00Z,8.96,2024-06-02T04:00:00+02:00,2024-06-02
2024-06-02T03:00:00Z,5.13,2024-06-02T05:00:00+02:00,2024-06-02
2024-06-02T04:00:00Z,4.91,2024-06-02T06:00:00+02:00,2024-06-02
2024-06-02T05:00:00Z,4.11,2024-06-02T07:00:00+02:00,2024-06-02
2024-06-02T06:00:00Z,0.97,2024-06-02T08:00:00+02:00,2024-06-02
2024-06-02T07:00:00Z,0.0,2024-06-02T09:00:00+02:00,2024-06-02
2024-06-02T08:00:00Z,1.56,2024-06-02T10:00:00+02:00,2024-06-02
2024-06-02T09:00:00Z,0.77,2024-06-02T11:00:00+02:00,2024-06-02
2024-06-02T10:00:00Z,-0.1,2024-06-02T12:00:00+02:00,2024-06-02
2024-06-02T11:00:00Z,-4.01,2024-06-02T13:00:00+02:00,2024-06-02
2024-06-02T12:00:00Z,-15.93,2024-06-02T14:00:00+02:00,2024-06-02
2024-06-02T13:00:00Z,-19.58,2024-06-02T15:00:00+02:00,2024-06-02
2024-06-02T14:00:00Z,-8.98,2024-06-02T16:00:00+02:00,2024-06-02
2024-06-02T15:00:00Z,-1.27,2024-06-02T17:00:00+02:00,2024-06-02
2024-06-02T16:00:00Z,13.95,2024-06-02T18:00:00+02:00,2024-06-02
2024-06-02T17:00:00Z,67.23,2024-06-02T19:00:00+02:00,2024-06-02
2024-06-02T18:00:00Z,94.99,2024-06-02T20:00:00+02:00,2024-06-02
2024-06-02T19:00:00Z,106.93,2024-06-02T21:00:00+02:00,2024-06-02
2024-06-02T20:00:00Z,109.01,2024-06-02T22:00:00+02:00,2024-06-02
2024-06-02T21:00:00Z,99.16,2024-06-02T23:00:00+02:00,2024-06-02
2024-06-02T22:00:00Z,98.26,2024-06-03T00:00:00+02:00,2024-06-03
2024-06-02T23:00:00Z,84.58,2024-06-03T01:00:00+02:00,2024-06-03
2024-06-03T00:00:00Z,83.67,2024-06-03T02:00:00+02:00,2024-06-03
2024-06-03T01:00:00Z,83.81,2024-06-03T03:00:00+02:00,2024-06-03
2024-06-03T02:00:00Z,82.17,2024-06-03T04:00:00+02:00,2024-06-03
2024-06-03T03:00:00Z,96.17,2024-06-03T05:00:00+02:00,2024-06-03
2024-06-03T04:00:00Z,133.28,2024-06-03T06:00:00+02:00,2024-06-03
2024-06-03T05:00:00Z,193.06,2024-06-03T07:00:00+02:00,2024-06-03
2024-06-03T06:00:00Z,164.48,2024-06-03T08:00:00+02:00,2024-06-03
2024-06-03T07:00:00Z,128.08,2024-06-03T09:00:00+02:00,2024-06-03
2024-06-03T08:00:00Z,99.05,2024-06-03T10:00:00+02:00,2024-06-03
2024-06-03T09:00:00Z,95.9,2024-06-03T11:00:00+02:00,2024-06-03
2024-06-03T10:00:00Z,81.09,2024-06-03T12:00:00+02:00,2024-06-03
2024-06-03T11:00:00Z,74.9,2024-06-03T13:00:00+02:00,2024-06-03
2024-06-03T12:00:00Z,67.3,2024-06-03T14:00:00+02:00,2024-06-03
2024-06-03T13:00:00Z,72.02,2024-06-03T15:00:00+02:00,2024-06-03
2024-06-03T14:00:00Z,78.0,2024-06-03T16:00:00+02:00,2024-06-03
2024-06-03T15:00:00Z,105.95,2024-06-03T17:00:00+02:00,2024-06-03
2024-06-03T16:00:00Z,127.32,2024-06-03T18:00:00+02:00,2024-06-03
2024-06-03T17:00:00Z,182.91,2024-06-03T19:00:00+02:00,2024-06-03
2024-06-03T18:00:00Z,215.28,2024-06-03T20:00:00+02:00,2024-06-03
2024-06-03T19:00:00Z,198.79,2024-06-03T21:00:00+02:00,2024-06-03
2024-06-03T20:00:00Z,149.29,2024-06-03T22:00:00+02:00,2024-06-03
2024-06-03T21:00:00Z,116.04,2024-06-03T23:00:00+02:00,2024-06-03
2024-06-03T22:00:00Z,106.87,2024-06-04T00:00:00+02:00,2024-06-04
2024-06-03T23:00:00Z,99.98,2024-06-04T01:00:00+02:00,2024-06-04
2024-06-04T00:00:00Z,95.42,2024-06-04T02:00:00+02:00,2024-06-04
2024-06-04T01:00:00Z,92.94,2024-06-04T03:00:00+02:00,2024-06-04
2024-06-04T02:00:00Z,92.25,2024-06-04T04:00:00+02:00,2024-06-04
2024-06-04T03:00:00Z,104.69,2024-06-04T05:00:00+02:00,2024-06-04
2024-06-04T04:00:00Z,162.0,2024-06-04T06:00:00+02:00,2024-06-04
2024-06-04T05:00:00Z,177.66,2024-06-04T07:00:00+02:00,2024-06-04
2024-06-04T06:00:00Z,141.68,2024-06-04T08:00:00+02:00,2024-06-04
2024-06-04T07:00:00Z,112.37,2024-06-04T09:00:00+02:00,2024-06-04
2024-06-04T08:00:00Z,91.6,2024-06-04T10:00:00+02:00,2024-06-04
2024-06-04T09:00:00Z,81.31,2024-06-04T11:00:00+02:00,2024-06-04
2024-06-04T10:00:00Z,67.34,2024-06-04T12:00:00+02:00,2024-06-04
2024-06-04T11:00:00Z,55.27,2024-06-04T13:00:00+02:00,2024-06-04
2024-06-04T12:00:00Z,43.86,2024-06-04T14:00:00+02:00,2024-06-04
2024-06-04T13:00:00Z,47.06,2024-06-04T15:00:00+02:00,2024-06-04
2024-06-04T14:00:00Z,64.03,2024-06-04T16:00:00+02:00,2024-06-04
2024-06-04T15:00:00Z,84.88,2024-06-04T17:00:00+02:00,2024-06-04
2024-06-04T16:00:00Z,116.22,2024-06-04T18:00:00+02:00,2024-06-04
2024-06-04T17:00:00Z,176.78,2024-06-04T19:00:00+02:00,2024-06-04
2024-06-04T18:00:00Z,235.52,2024-06-04T20:00:00+02:00,2024-06-04
2024-06-04T19:00:00Z,140.68,2024-06-04T21:00:00+02:00,2024-06-04
2024-06-04T20:00:00Z,107.34,2024-06-04T22:00:00+02:00,2024-06-04
2024-06-04T21:00:00Z,75.81,2024-06-04T23:00:00+02:00,2024-06-04
2024-06-04T22:00:00Z,56.85,2024-06-05T00:00:00+02:00,2024-06-05
2024-06-04T23:00:00Z,43.93,2024-06-05T01:00:00+02:00,2024-06-05
2024-06-05T00:00:00Z,44.55,2024-06-05T02:00:00+02:00,2024-06-05
2024-06-05T01:00:00Z,50.05,2024-06-05T03:00:00+02:00,2024-06-05
2024-06-05T02:00:00Z,48.09,2024-06-05T04:00:00+02:00,2024-06-05
2024-06-05T03:00:00Z,71.19,2024-06-05T05:00:00+02:00,2024-06-05
2024-06-05T04:00:00Z,103.55,2024-06-05T06:00:00+02:00,2024-06-05
2024-06-05T05:00:00Z,142.76,2024-06-05T07:00:00+02:00,2024-06-05
2024-06-05T06:00:00Z,112.92,2024-06-05T08:00:00+02:00,2024-06-05
2024-06-05T07:00:00Z,84.16,2024-06-05T09:00:00+02:00,2024-06-05
2024-06-05T08:00:00Z,69.93,2024-06-05T10:00:00+02:00,2024-06-05
2024-06-05T09:00:00Z,62.03,2024-06-05T11:00:00+02:00,2024-06-05
2024-06-05T10:00:00Z,48.4,2024-06-05T12:00:00+02:00,2024-06-05
2024-06-05T11:00:00Z,30.17,2024-06-05T13:00:00+02:00,2024-06-05
2024-06-05T12:00:00Z,26.3,2024-06-05T14:00:00+02:00,2024-06-05
2024-06-05T13:00:00Z,30.06,2024-06-05T15:00:00+02:00,2024-06-05
2024-06-05T14:00:00Z,62.57,2024-06-05T16:00:00+02:00,2024-06-05
2024-06-05T15:00:00Z,80.43,2024-06-05T17:00:00+02:00,2024-06-05
2024-06-05T16:00:00Z,105.09,2024-06-05T18:00:00+02:00,2024-06-05
2024-06-05T17:00:00Z,126.97,2024-06-05T19:00:00+02:00,2024-06-05
2024-06-05T18:00:00Z,155.9,2024-06-05T20:00:00+02:00,2024-06-05
2024-06-05T19:00:00Z,158.02,2024-06-05T21:00:00+02:00,2024-06-05
2024-06-05T20:00:00Z,141.47,2024-06-05T22:00:00+02:00,2024-06-05
2024-06-05T21:00:00Z,105.99,2024-06-05T23:00:00+02:00,2024-06-05
2024-06-05T22:00:00Z,93.24,2024-06-06T00:00:00+02:00,2024-06-06
2024-06-05T23:00:00Z,89.92,2024-06-06T01:00:00+02:00,2024-06-06
2024-06-06T00:00:00Z,85.86,2024-06-06T02:00:00+02:00,2024-06-06
2024-06-06T01:00:00Z,85.35,2024-06-06T03:00:00+02:00,2024-06-06
2024-06-06T02:00:00Z,88.25,2024-06-06T04:00:00+02:00,2024-06-06
2024-06-06T03:00:00Z,98.97,2024-06-06T05:00:00+02:00,2024-06-06
2024-06-06T04:00:00Z,123.9,2024-06-06T06:00:00+02:00,2024-06-06
2024-06-06T05:00:00Z,127.92,2024-06-06T07:00:00+02:00,2024-06-06
2024-06-06T06:00:00Z,96.83,2024-06-06T08:00:00+02:00,2024-06-06
2024-06-06T07:00:00Z,71.89,2024-06-06T09:00:00+02:00,2024-06-06
2024-06-06T08:00:00Z,57.8,2024-06-06T10:00:00+02:00,2024-06-06
2024-06-06T09:00:00Z,30.25,2024-06-06T11:00:00+02:00,2024-06-06
2024-06-06T10:00:00Z,24.33,2024-06-06T12:00:00+02:00,2024-06-06
2024-06-06T11:00:00Z,19.5,2024-06-06T13:00:00+02:00,2024-06-06
2024-06-06T12:00:00Z,24.23,2024-06-06T14:00:00+02:00,2024-06-06
2024-06-06T13:00:00Z,37.65,2024-06-06T15:00:00+02:00,2024-06-06
2024-06-06T14:00:00Z,62.11,2024-06-06T16:00:00+02:00,2024-06-06
2024-06-06T15:00:00Z,80.67,2024-06-06T17:00:00+02:00,2024-06-06
2024-06-06T16:00:00Z,89.92,2024-06-06T18:00:00+02:00,2024-06-06
2024-06-06T17:00:00Z,115.69,2024-06-06T19:00:00+02:00,2024-06-06
2024-06-06T18:00:00Z,163.98,2024-06-06T20:00:00+02:00,2024-06-06
2024-06-06T19:00:00Z,167.72,2024-06-06T21:00:00+02:00,2024-06-06
2024-06-06T20:00:00Z,132.45,2024-06-06T22:00:00+02:00,2024-06-06
2024-06-06T21:00:00Z,104.39,2024-06-06T23:00:00+02:00,2024-06-06
2024-06-06T22:00:00Z,101.0,2024-06-07T00:00:00+02:00,2024-06-07
2024-06-06T23:00:00Z,96.13,2024-06-07T01:00:00+02:00,2024-06-07
2024-06-07T00:00:00Z,91.7,2024-06-07T02:00:00+02:00,2024-06-07
2024-06-07T01:00:00Z,87.53,2024-06-07T03:00:00+02:00,2024-06-07
2024-06-07T02:00:00Z,84.25,2024-06-07T04:00:00+02:00,2024-06-07
2024-06-07T03:00:00Z,91.9,2024-06-07T05:00:00+02:00,2024-06-07
2024-06-07T04:00:00Z,113.95,2024-06-07T06:00:00+02:00,2024-06-07
2024-06-07T05:00:00Z,119.05,2024-06-07T07:00:00+02:00,2024-06-07
2024-06-07T06:00:00Z,102.76,2024-06-07T08:00:00+02:00,2024-06-07
2024-06-07T07:00:00Z,78.56,2024-06-07T09:00:00+02:00,2024-06-07
2024-06-07T08:00:00Z,60.66,2024-06-07T10:00:00+02:00,2024-06-07
2024-06-07T09:00:00Z,41.39,2024-06-07T11:00:00+02:00,2024-06-07
2024-06-07T10:00:00Z,33.91,2024-06-07T12:00:00+02:00,2024-06-07
2024-06-07T11:00:00Z,25.36,2024-06-07T13:00:00+02:00,2024-06-07
2024-06-07T12:00:00Z,17.41,2024-06-07T14:00:00+02:00,2024-06-07
2024-06-07T13:00:00Z,13.08,2024-06-07T15:00:00+02:00,2024-06-07
2024-06-07T14:00:00Z,25.57,2024-06-07T16:00:00+02:00,2024-06-07
2024-06-07T15:00:00Z,64.56,2024-06-07T17:00:00+02:00,2024-06-07
2024-06-07T16:00:00Z,85.21,2024-06-07T18:00:00+02:00,2024-06-07
2024-06-07T17:00:00Z,128.58,2024-06-07T19:00:00+02:00,2024-06-07
2024-06-07T18:00:00Z,154.75,2024-06-07T20:00:00+02:00,2024-06-07
2024-06-07T19:00:00Z,153.85,2024-06-07T21:00:00+02:00,2024-06-07
2024-06-07T20:00:00Z,126.88,2024-06-07T22:00:00+02:00,2024-06-07
2024-06-07T21:00:00Z,97.45,2024-06-07T23:00:00+02:00,2024-06-07
2024-06-07T22:00:00Z,98.36,2024-06-08T00:00:00+02:00,2024-06-08
2024-06-07T23:00:00Z,90.04,2024-06-08T01:00:00+02:00,2024-06-08
2024-06-08T00:00:00Z,83.31,2024-06-08T02:00:00+02:00,2024-06-08
2024-06-08T01:00:00Z,83.53,2024-06-08T03:00:00+02:00,2024-06-08
2024-06-08T02:00:00Z,79.64,2024-06-08T04:00:00+02:00,2024-06-08
2024-06-08T03:00:00Z,82.11,2024-06-08T05:00:00+02:00,2024-06-08
2024-06-08T04:00:00Z,79.38,2024-06-08T06:00:00+02:00,2024-06-08
2024-06-08T05:00:00Z,62.82,2024-06-08T07:00:00+02:00,2024-06-08
2024-06-08T06:00:00Z,42.2,2024-06-08T08:00:00+02:00,2024-06-08
2024-06-08T07:00:00Z,12.24,2024-06-08T09:00:00+02:00,2024-06-08
2024-06-08T08:00:00Z,-0.13,2024-06-08T10:00:00+02:00,2024-06-08
2024-06-08T09:00:00Z,-2.27,2024-06-08T11:00:00+02:00,2024-06-08
2024-06-08T10:00:00Z,-10.26,2024-06-08T12:00:00+02:00,2024-06-08
2024-06-08T11:00:00Z,-23.7,2024-06-08T13:00:00+02:00,2024-06-08
2024-06-08T12:00:00Z,-30.03,2024-06-08T14:00:00+02:00,2024-06-08
2024-06-08T13:00:00Z,-20.62,2024-06-08T15:00:00+02:00,2024-06-08
2024-06-08T14:00:00Z,-8.25,2024-06-08T16:00:00+02:00,2024-06-08
2024-06-08T15:00:00Z,0.01,2024-06-08T17:00:00+02:00,2024-06-08
2024-06-08T16:00:00Z,44.91,2024-06-08T18:00:00+02:00,2024-06-08
2024-06-08T17:00:00Z,68.84,2024-06-08T19:00:00+02:00,2024-06-08
2024-06-08T18:00:00Z,99.32,2024-06-08T20:00:00+02:00,2024-06-08
2024-06-08T19:00:00Z,93.01,2024-06-08T21:00:00+02:00,2024-06-08
2024-06-08T20:00:00Z,100.0,2024-06-08T22:00:00+02:00,2024-06-08
2024-06-08T21:00:00Z,78.79,2024-06-08T23:00:00+02:00,2024-06-08
2024-06-08T22:00:00Z,74.28,2024-06-09T00:00:00+02:00,2024-06-09
2024-06-08T23:00:00Z,63.59,2024-06-09T01:00:00+02:00,2024-06-09
2024-06-09T00:00:00Z,42.52,2024-06-09T02:00:00+02:00,2024-06-09
2024-06-09T01:00:00Z,15.57,2024-06-09T03:00:00+02:00,2024-06-09
2024-06-09T02:00:00Z,18.19,2024-06-09T04:00:00+02:00,2024-06-09
2024-06-09T03:00:00Z,11.56,2024-06-09T05:00:00+02:00,2024-06-09
2024-06-09T04:00:00Z,8.4,2024-06-09T06:00:00+02:00,2024-06-09
2024-06-09T05:00:00Z,2.22,2024-06-09T07:00:00+02:00,2024-06-09
2024-06-09T06:00:00Z,-0.08,2024-06-09T08:00:00+02:00,2024-06-09
2024-06-09T07:00:00Z,-2.01,2024-06-09T09:00:00+02:00,2024-06-09
2024-06-09T08:00:00Z,-7.6,2024-06-09T10:00:00+02:00,2024-06-09
2024-06-09T09:00:00Z,-15.0,2024-06-09T11:00:00+02:00,2024-06-09
2024-06-09T10:00:00Z,-25.0,2024-06-09T12:00:00+02:00,2024-06-09
2024-06-09T11:00:00Z,-32.69,2024-06-09T13:00:00+02:00,2024-06-09
2024-06-09T12:00:00Z,-37.14,2024-06-09T14:00:00+02:00,2024-06-09
2024-06-09T13:00:00Z,-28.68,2024-06-09T15:00:00+02:00,2024-06-09
2024-06-09T14:00:00Z,-5.84,2024-06-09T16:00:00+02:00,2024-06-09
2024-06-09T15:00:00Z,-0.5,2024-06-09T17:00:00+02:00,2024-06-09
2024-06-09T16:00:00Z,42.76,2024-06-09T18:00:00+02:00,2024-06-09
2024-06-09T17:00:00Z,96.85,2024-06-09T19:00:00+02:00,2024-06-09
2024-06-09T18:00:00Z,115.86,2024-06-09T20:00:00+02:00,2024-06-09
2024-06-09T19:00:00Z,111.24,2024-06-09T21:00:00+02:00,2024-06-09
2024-06-09T20:00:00Z,108.42,2024-06-09T22:00:00+02:00,2024-06-09
2024-06-09T21:00:00Z,97.21,2024-06-09T23:00:00+02:00,2024-06-09
2024-06-09T22:00:00Z,73.96,2024-06-10T00:00:00+02:00,2024-06-10
2024-06-09T23:00:00Z,71.59,2024-06-10T01:00:00+02:00,2024-06-10
2024-06-10T00:00:00Z,68.73,2024-06-10T02:00:00+02:00,2024-06-10
2024-06-10T01:00:00Z,68.27,2024-06-10T03:00:00+02:00,2024-06-10
2024-06-10T02:00:00Z,69.0,2024-06-10T04:00:00+02:00,2024-06-10
2024-06-10T03:00:00Z,78.32,2024-06-10T05:00:00+02:00,2024-06-10
2024-06-10T04:00:00Z,117.4,2024-06-10T06:00:00+02:00,2024-06-10
2024-06-10T05:00:00Z,185.18,2024-06-10T07:00:00+02:00,2024-06-10
2024-06-10T06:00:00Z,146.21,2024-06-10T08:00:00+02:00,2024-06-10
2024-06-10T07:00:00Z,107.25,2024-06-10T09:00:00+02:00,2024-06-10
2024-06-10T08:00:00Z,89.46,2024-06-10T10:00:00+02:00,2024-06-10
2024-06-10T09:00:00Z,85.04,2024-06-10T11:00:00+02:00,2024-06-10
2024-06-10T10:00:00Z,74.3,2024-06-10T12:00:00+02:00,2024-06-10
2024-06-10T11:00:00Z,73.59,2024-06-10T13:00:00+02:00,2024-06-10
2024-06-10T12:00:00Z,67.07,2024-06-10T14:00:00+02:00,2024-06-10
2024-06-10T13:00:00Z,65.88,2024-06-10T15:00:00+02:00,2024-06-10
2024-06-10T14:00:00Z,70.0,2024-06-10T16:00:00+02:00,2024-06-10
2024-06-10T15:00:00Z,81.2,2024-06-10T17:00:00+02:00,2024-06-10
2024-06-10T16:00:00Z,98.53,2024-06-10T18:00:00+02:00,2024-06-10
2024-06-10T17:00:00Z,118.59,2024-06-10T19:00:00+02:00,2024-06-10
2024-06-10T18:00:00Z,124.45,2024-06-10T20:00:00+02:00,2024-06-10
2024-06-10T19:00:00Z,113.32,2024-06-10T21:00:00+02:00,2024-06-10
2024-06-10T20:00:00Z,98.41,2024-06-10T22:00:00+02:00,2024-06-10
2024-06-10T21:00:00Z,77.76,2024-06-10T23:00:00+02:00,2024-06-10
2024-06-10T22:00:00Z,60.07,2024-06-11T00:00:00+02:00,2024-06-11
2024-06-10T23:00:00Z,56.96,2024-06-11T01:00:00+02:00,2024-06-11
2024-06-11T00:00:00Z,62.95,2024-06-11T02:00:00+02:00,2024-06-11
2024-06-11T01:00:00Z,55.82,2024-06-11T03:00:00+02:00,2024-06-11
2024-06-11T02:00:00Z,60.06,2024-06-11T04:00:00+02:00,2024-06-11
2024-06-11T03:00:00Z,59.11,2024-06-11T05:00:00+02:00,2024-06-11
2024-06-11T04:00:00Z,81.83,2024-06-11T06:00:00+02:00,2024-06-11
2024-06-11T05:00:00Z,100.26,2024-06-11T07:00:00+02:00,2024-06-11
2024-06-11T06:00:00Z,91.5,2024-06-11T08:00:00+02:00,2024-06-11
2024-06-11T07:00:00Z,68.27,2024-06-11T09:00:00+02:00,2024-06-11
2024-06-11T08:00:00Z,49.92,2024-06-11T10:00:00+02:00,2024-06-11
2024-06-11T09:00:00Z,32.13,2024-06-11T11:00:00+02:00,2024-06-11
2024-06-11T10:00:00Z,11.12,2024-06-11T12:00:00+02:00,2024-06-11
2024-06-11T11:00:00Z,0.76,2024-06-11T13:00:00+02:00,2024-06-11
2024-06-11T12:00:00Z,0.0,2024-06-11T14:00:00+02:00,2024-06-11
2024-06-11T13:00:00Z,0.03,2024-06-11T15:00:00+02:00,2024-06-11
2024-06-11T14:00:00Z,13.89,2024-06-11T16:00:00+02:00,2024-06-11
2024-06-11T15:00:00Z,55.27,2024-06-11T17:00:00+02:00,2024-06-11
2024-06-11T16:00:00Z,71.65,2024-06-11T18:00:00+02:00,2024-06-11
2024-06-11T17:00:00Z,100.0,2024-06-11T19:00:00+02:00,2024-06-11
2024-06-11T18:00:00Z,127.64,2024-06-11T20:00:00+02:00,2024-06-11
2024-06-11T19:00:00Z,122.37,2024-06-11T21:00:00+02:00,2024-06-11
2024-06-11T20:00:00Z,106.74,2024-06-11T22:00:00+02:00,2024-06-11
2024-06-11T21:00:00Z,90.82,2024-06-11T23:00:00+02:00,2024-06-11
2024-06-11T22:00:00Z,88.85,2024-06-12T00:00:00+02:00,2024-06-12
2024-06-11T23:00:00Z,85.35,2024-06-12T01:00:00+02:00,2024-06-12
2024-06-12T00:00:00Z,80.29,2024-06-12T02:00:00+02:00,2024-06-12
2024-06-12T01:00:00Z,82.11,2024-06-12T03:00:00+02:00,2024-06-12
2024-06-12T02:00:00Z,86.11,2024-06-12T04:00:00+02:00,2024-06-12
2024-06-12T03:00:00Z,94.65,2024-06-12T05:00:00+02:00,2024-06-12
2024-06-12T04:00:00Z,124.74,2024-06-12T06:00:00+02:00,2024-06-12
2024-06-12T05:00:00Z,136.4,2024-06-12T07:00:00+02:00,2024-06-12
2024-06-12T06:00:00Z,114.62,2024-06-12T08:00:00+02:00,2024-06-12
2024-06-12T07:00:00Z,78.65,2024-06-12T09:00:00+02:00,2024-06-12
2024-06-12T08:00:00Z,64.19,2024-06-12T10:00:00+02:00,2024-06-12
2024-06-12T09:00:00Z,58.0,2024-06-12T11:00:00+02:00,2024-06-12
2024-06-12T10:00:00Z,42.09,2024-06-12T12:00:00+02:00,2024-06-12
2024-06-12T11:00:00Z,40.72,2024-06-12T13:00:00+02:00,2024-06-12
2024-06-12T12:00:00Z,39.68,2024-06-12T14:00:00+02:00,2024-06-12
2024-06-12T13:00:00Z,45.34,2024-06-12T15:00:00+02:00,2024-06-12
2024-06-12T14:00:00Z,63.0,2024-06-12T16:00:00+02:00,2024-06-12
2024-06-12T15:00:00Z,81.2,2024-06-12T17:00:00+02:00,2024-06-12
2024-06-12T16:00:00Z,99.95,2024-06-12T18:00:00+02:00,2024-06-12
2024-06-12T17:00:00Z,135.7,2024-06-12T19:00:00+02:00,2024-06-12
2024-06-12T18:00:00Z,154.34,2024-06-12T20:00:00+02:00,2024-06-12
2024-06-12T19:00:00Z,154.66,2024-06-12T21:00:00+02:00,2024-06-12
2024-06-12T20:00:00Z,130.88,2024-06-12T22:00:00+02:00,2024-06-12
2024-06-12T21:00:00Z,107.07,2024-06-12T23:00:00+02:00,2024-06-12
2024-06-12T22:00:00Z,99.0,2024-06-13T00:00:00+02:00,2024-06-13
2024-06-12T23:00:00Z,93.26,2024-06-13T01:00:00+02:00,2024-06-13
2024-06-13T00:00:00Z,84.19,2024-06-13T02:00:00+02:00,2024-06-13
2024-06-13T01:00:00Z,85.21,2024-06-13T03:00:00+02:00,2024-06-13
2024-06-13T02:00:00Z,83.83,2024-06-13T04:00:00+02:00,2024-06-13
2024-06-13T03:00:00Z,98.96,2024-06-13T05:00:00+02:00,2024-06-13
2024-06-13T04:00:00Z,122.41,2024-06-13T06:00:00+02:00,2024-06-13
2024-06-13T05:00:00Z,131.09,2024-06-13T07:00:00+02:00,2024-06-13
2024-06-13T06:00:00Z,115.02,2024-06-13T08:00:00+02:00,2024-06-13
2024-06-13T07:00:00Z,83.8,2024-06-13T09:00:00+02:00,2024-06-13
2024-06-13T08:00:00Z,69.01,2024-06-13T10:00:00+02:00,2024-06-13
2024-06-13T09:00:00Z,61.71,2024-06-13T11:00:00+02:00,2024-06-13
2024-06-13T10:00:00Z,53.36,2024-06-13T12:00:00+02:00,2024-06-13
2024-06-13T11:00:00Z,46.96,2024-06-13T13:00:00+02:00,2024-06-13
2024-06-13T12:00:00Z,43.35,2024-06-13T14:00:00+02:00,2024-06-13
2024-06-13T13:00:00Z,53.74,2024-06-13T15:00:00+02:00,2024-06-13
2024-06-13T14:00:00Z,77.42,2024-06-13T16:00:00+02:00,2024-06-13
2024-06-13T15:00:00Z,80.08,2024-06-13T17:00:00+02:00,2024-06-13
2024-06-13T16:00:00Z,106.91,2024-06-13T18:00:00+02:00,2024-06-13
2024-06-13T17:00:00Z,139.66,2024-06-13T19:00:00+02:00,2024-06-13
2024-06-13T18:00:00Z,188.35,2024-06-13T20:00:00+02:00,2024-06-13
2024-06-13T19:00:00Z,163.84,2024-06-13T21:00:00+02:00,2024-06-13
2024-06-13T20:00:00Z,108.37,2024-06-13T22:00:00+02:00,2024-06-13
2024-06-13T21:00:00Z,85.18,2024-06-13T23:00:00+02:00,2024-06-13
2024-06-13T22:00:00Z,83.13,2024-06-14T00:00:00+02:00,2024-06-14
2024-06-13T23:00:00Z,71.45,2024-06-14T01:00:00+02:00,2024-06-14
2024-06-14T00:00:00Z,63.93,2024-06-14T02:00:00+02:00,2024-06-14
2024-06-14T01:00:00Z,59.53,2024-06-14T03:00:00+02:00,2024-06-14
2024-06-14T02:00:00Z,55.82,2024-06-14T04:00:00+02:00,2024-06-14
2024-06-14T03:00:00Z,64.22,2024-06-14T05:00:00+02:00,2024-06-14
2024-06-14T04:00:00Z,85.01,2024-06-14T06:00:00+02:00,2024-06-14
2024-06-14T05:00:00Z,100.95,2024-06-14T07:00:00+02:00,2024-06-14
2024-06-14T06:00:00Z,104.99,2024-06-14T08:00:00+02:00,2024-06-14
2024-06-14T07:00:00Z,102.54,2024-06-14T09:00:00+02:00,2024-06-14
2024-06-14T08:00:00Z,82.18,2024-06-14T10:00:00+02:00,2024-06-14
2024-06-14T09:00:00Z,68.1,2024-06-14T11:00:00+02:00,2024-06-14
2024-06-14T10:00:00Z,60.88,2024-06-14T12:00:00+02:00,2024-06-14
2024-06-14T11:00:00Z,47.46,2024-06-14T13:00:00+02:00,2024-06-14
2024-06-14T12:00:00Z,40.74,2024-06-14T14:00:00+02:00,2024-06-14
2024-06-14T13:00:00Z,41.0,2024-06-14T15:00:00+02:00,2024-06-14
2024-06-14T14:00:00Z,60.31,2024-06-14T16:00:00+02:00,2024-06-14
2024-06-14T15:00:00Z,75.0,2024-06-14T17:00:00+02:00,2024-06-14
2024-06-14T16:00:00Z,90.98,2024-06-14T18:00:00+02:00,2024-06-14
2024-06-14T17:00:00Z,136.0,2024-06-14T19:00:00+02:00,2024-06-14
2024-06-14T18:00:00Z,127.31,2024-06-14T20:00:00+02:00,2024-06-14
2024-06-14T19:00:00Z,117.12,2024-06-14T21:00:00+02:00,2024-06-14
2024-06-14T20:00:00Z,83.41,2024-06-14T22:00:00+02:00,2024-06-14
2024-06-14T21:00:00Z,59.42,2024-06-14T23:00:00+02:00,2024-06-14
2024-06-14T22:00:00Z,60.68,2024-06-15T00:00:00+02:00,2024-06-15
2024-06-14T23:00:00Z,41.04,2024-06-15T01:00:00+02:00,2024-06-15
2024-06-15T00:00:00Z,29.97,2024-06-15T02:00:00+02:00,2024-06-15
2024-06-15T01:00:00Z,28.86,2024-06-15T03:00:00+02:00,2024-06-15
2024-06-15T02:00:00Z,22.51,2024-06-15T04:00:00+02:00,2024-06-15
2024-06-15T03:00:00Z,10.04,2024-06-15T05:00:00+02:00,2024-06-15
2024-06-15T04:00:00Z,1.54,2024-06-15T06:00:00+02:00,2024-06-15
2024-06-15T05:00:00Z,0.09,2024-06-15T07:00:00+02:00,2024-06-15
2024-06-15T06:00:00Z,0.0,2024-06-15T08:00:00+02:00,2024-06-15
2024-06-15T07:00:00Z,-0.06,2024-06-15T09:00:00+02:00,2024-06-15
2024-06-15T08:00:00Z,-10.08,2024-06-15T10:00:00+02:00,2024-06-15
2024-06-15T09:00:00Z,-29.04,2024-06-15T11:00:00+02:00,2024-06-15
2024-06-15T10:00:00Z,-44.92,2024-06-15T12:00:00+02:00,2024-06-15
2024-06-15T11:00:00Z,-65.46,2024-06-15T13:00:00+02:00,2024-06-15
2024-06-15T12:00:00Z,-80.01,2024-06-15T14:00:00+02:00,2024-06-15
2024-06-15T13:00:00Z,-56.23,2024-06-15T15:00:00+02:00,2024-06-15
2024-06-15T14:00:00Z,-29.53,2024-06-15T16:00:00+02:00,2024-06-15
2024-06-15T15:00:00Z,-4.84,2024-06-15T17:00:00+02:00,2024-06-15
2024-06-15T16:00:00Z,-0.01,2024-06-15T18:00:00+02:00,2024-06-15
2024-06-15T17:00:00Z,40.0,2024-06-15T19:00:00+02:00,2024-06-15
2024-06-15T18:00:00Z,84.28,2024-06-15T20:00:00+02:00,2024-06-15
2024-06-15T19:00:00Z,79.92,2024-06-15T21:00:00+02:00,2024-06-15
2024-06-15T20:00:00Z,64.3,2024-06-15T22:00:00+02:00,2024-06-15
2024-06-15T21:00:00Z,40.4,2024-06-15T23:00:00+02:00,2024-06-15
2024-06-15T22:00:00Z,24.91,2024-06-16T00:00:00+02:00,2024-06-16
2024-06-15T23:00:00Z,10.36,2024-06-16T01:00:00+02:00,2024-06-16
2024-06-16T00:00:00Z,4.92,2024-06-16T02:00:00+02:00,2024-06-16
2024-06-16T01:00:00Z,2.92,2024-06-16T03:00:00+02:00,2024-06-16
2024-06-16T02:00:00Z,2.19,2024-06-16T04:00:00+02:00,2024-06-16
2024-06-16T03:00:00Z,2.53,2024-06-16T05:00:00+02:00,2024-06-16
2024-06-16T04:00:00Z,2.95,2024-06-16T06:00:00+02:00,2024-06-16
2024-06-16T05:00:00Z,0.69,2024-06-16T07:00:00+02:00,2024-06-16
2024-06-16T06:00:00Z,-0.02,2024-06-16T08:00:00+02:00,2024-06-16
2024-06-16T07:00:00Z,-1.28,2024-06-16T09:00:00+02:00,2024-06-16
2024-06-16T08:00:00Z,-10.0,2024-06-16T10:00:00+02:00,2024-06-16
2024-06-16T09:00:00Z,-13.33,2024-06-16T11:00:00+02:00,2024-06-16
2024-06-16T10:00:00Z,-20.01,2024-06-16T12:00:00+02:00,2024-06-16
2024-06-16T11:00:00Z,-30.01,2024-06-16T13:00:00+02:00,2024-06-16
2024-06-16T12:00:00Z,-35.67,2024-06-16T14:00:00+02:00,2024-06-16
2024-06-16T13:00:00Z,-29.04,2024-06-16T15:00:00+02:00,2024-06-16
2024-06-16T14:00:00Z,-10.14,2024-06-16T16:00:00+02:00,2024-06-16
2024-06-16T15:00:00Z,-2.34,2024-06-16T17:00:00+02:00,2024-06-16
2024-06-16T16:00:00Z,56.22,2024-06-16T18:00:00+02:00,2024-06-16
2024-06-16T17:00:00Z,99.65,2024-06-16T19:00:00+02:00,2024-06-16
2024-06-16T18:00:00Z,119.15,2024-06-16T20:00:00+02:00,2024-06-16
2024-06-16T19:00:00Z,124.28,2024-06-16T21:00:00+02:00,2024-06-16
2024-06-16T20:00:00Z,120.34,2024-06-16T22:00:00+02:00,2024-06-16
2024-06-16T21:00:00Z,94.44,2024-06-16T23:00:00+02:00,2024-06-16
2024-06-16T22:00:00Z,76.62,2024-06-17T00:00:00+02:00,2024-06-17
2024-06-16T23:00:00Z,66.73,2024-06-17T01:00:00+02:00,2024-06-17
2024-06-17T00:00:00Z,68.81,2024-06-17T02:00:00+02:00,2024-06-17
2024-06-17T01:00:00Z,71.81,2024-06-17T03:00:00+02:00,2024-06-17
2024-06-17T02:00:00Z,73.56,2024-06-17T04:00:00+02:00,2024-06-17
2024-06-17T03:00:00Z,90.02,2024-06-17T05:00:00+02:00,2024-06-17
2024-06-17T04:00:00Z,119.13,2024-06-17T06:00:00+02:00,2024-06-17
2024-06-17T05:00:00Z,132.68,2024-06-17T07:00:00+02:00,2024-06-17
2024-06-17T06:00:00Z,116.23,2024-06-17T08:00:00+02:00,2024-06-17
2024-06-17T07:00:00Z,84.73,2024-06-17T09:00:00+02:00,2024-06-17
2024-06-17T08:00:00Z,62.11,2024-06-17T10:00:00+02:00,2024-06-17
2024-06-17T09:00:00Z,55.01,2024-06-17T11:00:00+02:00,2024-06-17
2024-06-17T10:00:00Z,41.86,2024-06-17T12:00:00+02:00,2024-06-17
2024-06-17T11:00:00Z,39.45,2024-06-17T13:00:00+02:00,2024-06-17
2024-06-17T12:00:00Z,46.62,2024-06-17T14:00:00+02:00,2024-06-17
2024-06-17T13:00:00Z,54.54,2024-06-17T15:00:00+02:00,2024-06-17
2024-06-17T14:00:00Z,64.21,2024-06-17T16:00:00+02:00,2024-06-17
2024-06-17T15:00:00Z,88.58,2024-06-17T17:00:00+02:00,2024-06-17
2024-06-17T16:00:00Z,114.16,2024-06-17T18:00:00+02:00,2024-06-17
2024-06-17T17:00:00Z,157.37,2024-06-17T19:00:00+02:00,2024-06-17
2024-06-17T18:00:00Z,210.16,2024-06-17T20:00:00+02:00,2024-06-17
2024-06-17T19:00:00Z,200.01,2024-06-17T21:00:00+02:00,2024-06-17
2024-06-17T20:00:00Z,128.15,2024-06-17T22:00:00+02:00,2024-06-17
2024-06-17T21:00:00Z,101.55,2024-06-17T23:00:00+02:00,2024-06-17
2024-06-17T22:00:00Z,96.92,2024-06-18T00:00:00+02:00,2024-06-18
2024-06-17T23:00:00Z,90.29,2024-06-18T01:00:00+02:00,2024-06-18
2024-06-18T00:00:00Z,87.53,2024-06-18T02:00:00+02:00,2024-06-18
2024-06-18T01:00:00Z,89.29,2024-06-18T03:00:00+02:00,2024-06-18
2024-06-18T02:00:00Z,90.29,2024-06-18T04:00:00+02:00,2024-06-18
2024-06-18T03:00:00Z,95.94,2024-06-18T05:00:00+02:00,2024-06-18
2024-06-18T04:00:00Z,134.49,2024-06-18T06:00:00+02:00,2024-06-18
2024-06-18T05:00:00Z,130.17,2024-06-18T07:00:00+02:00,2024-06-18
2024-06-18T06:00:00Z,95.96,2024-06-18T08:00:00+02:00,2024-06-18
2024-06-18T07:00:00Z,80.9,2024-06-18T09:00:00+02:00,2024-06-18
2024-06-18T08:00:00Z,69.91,2024-06-18T10:00:00+02:00,2024-06-18
2024-06-18T09:00:00Z,54.81,2024-06-18T11:00:00+02:00,2024-06-18
2024-06-18T10:00:00Z,51.16,2024-06-18T12:00:00+02:00,2024-06-18
2024-06-18T11:00:00Z,51.03,2024-06-18T13:00:00+02:00,2024-06-18
2024-06-18T12:00:00Z,57.04,2024-06-18T14:00:00+02:00,2024-06-18
2024-06-18T13:00:00Z,73.12,2024-06-18T15:00:00+02:00,2024-06-18
2024-06-18T14:00:00Z,76.24,2024-06-18T16:00:00+02:00,2024-06-18
2024-06-18T15:00:00Z,90.06,2024-06-18T17:00:00+02:00,2024-06-18
2024-06-18T16:00:00Z,133.25,2024-06-18T18:00:00+02:00,2024-06-18
2024-06-18T17:00:00Z,158.19,2024-06-18T19:00:00+02:00,2024-06-18
2024-06-18T18:00:00Z,171.87,2024-06-18T20:00:00+02:00,2024-06-18
2024-06-18T19:00:00Z,134.47,2024-06-18T21:00:00+02:00,2024-06-18
2024-06-18T20:00:00Z,104.2,2024-06-18T22:00:00+02:00,2024-06-18
2024-06-18T21:00:00Z,91.63,2024-06-18T23:00:00+02:00,2024-06-18
2024-06-18T22:00:00Z,99.95,2024-06-19T00:00:00+02:00,2024-06-19
2024-06-18T23:00:00Z,91.43,2024-06-19T01:00:00+02:00,2024-06-19
2024-06-19T00:00:00Z,86.85,2024-06-19T02:00:00+02:00,2024-06-19
2024-06-19T01:00:00Z,85.78,2024-06-19T03:00:00+02:00,2024-06-19
2024-06-19T02:00:00Z,83.47,2024-06-19T04:00:00+02:00,2024-06-19
2024-06-19T03:00:00Z,86.41,2024-06-19T05:00:00+02:00,2024-06-19
2024-06-19T04:00:00Z,112.55,2024-06-19T06:00:00+02:00,2024-06-19
2024-06-19T05:00:00Z,116.83,2024-06-19T07:00:00+02:00,2024-06-19
2024-06-19T06:00:00Z,107.33,2024-06-19T08:00:00+02:00,2024-06-19
2024-06-19T07:00:00Z,86.31,2024-06-19T09:00:00+02:00,2024-06-19
2024-06-19T08:00:00Z,75.1,2024-06-19T10:00:00+02:00,2024-06-19
2024-06-19T09:00:00Z,66.23,2024-06-19T11:00:00+02:00,2024-06-19
2024-06-19T10:00:00Z,58.03,2024-06-19T12:00:00+02:00,2024-06-19
2024-06-19T11:00:00Z,39.84,2024-06-19T13:00:00+02:00,2024-06-19
2024-06-19T12:00:00Z,22.41,2024-06-19T14:00:00+02:00,2024-06-19
2024-06-19T13:00:00Z,23.56,2024-06-19T15:00:00+02:00,2024-06-19
2024-06-19T14:00:00Z,59.9,2024-06-19T16:00:00+02:00,2024-06-19
2024-06-19T15:00:00Z,70.0,2024-06-19T17:00:00+02:00,2024-06-19
2024-06-19T16:00:00Z,88.44,2024-06-19T18:00:00+02:00,2024-06-19
2024-06-19T17:00:00Z,102.9,2024-06-19T19:00:00+02:00,2024-06-19
2024-06-19T18:00:00Z,143.66,2024-06-19T20:00:00+02:00,2024-06-19
2024-06-19T19:00:00Z,115.08,2024-06-19T21:00:00+02:00,2024-06-19
2024-06-19T20:00:00Z,108.26,2024-06-19T22:00:00+02:00,2024-06-19
2024-06-19T21:00:00Z,93.21,2024-06-19T23:00:00+02:00,2024-06-19
2024-06-19T22:00:00Z,85.89,2024-06-20T00:00:00+02:00,2024-06-20
2024-06-19T23:00:00Z,78.62,2024-06-20T01:00:00+02:00,2024-06-20
2024-06-20T00:00:00Z,78.88,2024-06-20T02:00:00+02:00,2024-06-20
2024-06-20T01:00:00Z,78.82,2024-06-20T03:00:00+02:00,2024-06-20
2024-06-20T02:00:00Z,78.62,2024-06-20T04:00:00+02:00,2024-06-20
2024-06-20T03:00:00Z,86.55,2024-06-20T05:00:00+02:00,2024-06-20
2024-06-20T04:00:00Z,114.11,2024-06-20T06:00:00+02:00,2024-06-20
2024-06-20T05:00:00Z,112.84,2024-06-20T07:00:00+02:00,2024-06-20
2024-06-20T06:00:00Z,102.99,2024-06-20T08:00:00+02:00,2024-06-20
2024-06-20T07:00:00Z,80.69,2024-06-20T09:00:00+02:00,2024-06-20
2024-06-20T08:00:00Z,69.13,2024-06-20T10:00:00+02:00,2024-06-20
2024-06-20T09:00:00Z,58.77,2024-06-20T11:00:00+02:00,2024-06-20
2024-06-20T10:00:00Z,55.46,2024-06-20T12:00:00+02:00,2024-06-20
2024-06-20T11:00:00Z,53.81,2024-06-20T13:00:00+02:00,2024-06-20
2024-06-20T12:00:00Z,57.18,2024-06-20T14:00:00+02:00,2024-06-20
2024-06-20T13:00:00Z,68.58,2024-06-20T15:00:00+02:00,2024-06-20
2024-06-20T14:00:00Z,80.0,2024-06-20T16:00:00+02:00,2024-06-20
2024-06-20T15:00:00Z,98.27,2024-06-20T17:00:00+02:00,2024-06-20
2024-06-20T16:00:00Z,119.31,2024-06-20T18:00:00+02:00,2024-06-20
2024-06-20T17:00:00Z,155.62,2024-06-20T19:00:00+02:00,2024-06-20
2024-06-20T18:00:00Z,200.09,2024-06-20T20:00:00+02:00,2024-06-20
2024-06-20T19:00:00Z,130.06,2024-06-20T21:00:00+02:00,2024-06-20
2024-06-20T20:00:00Z,111.83,2024-06-20T22:00:00+02:00,2024-06-20
2024-06-20T21:00:00Z,95.05,2024-06-20T23:00:00+02:00,2024-06-20
2024-06-20T22:00:00Z,100.81,2024-06-21T00:00:00+02:00,2024-06-21
2024-06-20T23:00:00Z,90.77,2024-06-21T01:00:00+02:00,2024-06-21
2024-06-21T00:00:00Z,89.95,2024-06-21T02:00:00+02:00,2024-06-21
2024-06-21T01:00:00Z,87.83,2024-06-21T03:00:00+02:00,2024-06-21
2024-06-21T02:00:00Z,86.31,2024-06-21T04:00:00+02:00,2024-06-21
2024-06-21T03:00:00Z,86.14,2024-06-21T05:00:00+02:00,2024-06-21
2024-06-21T04:00:00Z,96.92,2024-06-21T06:00:00+02:00,2024-06-21
2024-06-21T05:00:00Z,122.8,2024-06-21T07:00:00+02:00,2024-06-21
2024-06-21T06:00:00Z,121.84,2024-06-21T08:00:00+02:00,2024-06-21
2024-06-21T07:00:00Z,111.67,2024-06-21T09:00:00+02:00,2024-06-21
2024-06-21T08:00:00Z,100.65,2024-06-21T10:00:00+02:00,2024-06-21
2024-06-21T09:00:00Z,89.94,2024-06-21T11:00:00+02:00,2024-06-21
2024-06-21T10:00:00Z,88.54,2024-06-21T12:00:00+02:00,2024-06-21
2024-06-21T11:00:00Z,82.68,2024-06-21T13:00:00+02:00,2024-06-21
2024-06-21T12:00:00Z,78.22,2024-06-21T14:00:00+02:00,2024-06-21
2024-06-21T13:00:00Z,82.03,2024-06-21T15:00:00+02:00,2024-06-21
2024-06-21T14:00:00Z,88.85,2024-06-21T16:00:00+02:00,2024-06-21
2024-06-21T15:00:00Z,100.65,2024-06-21T17:00:00+02:00,2024-06-21
2024-06-21T16:00:00Z,110.0,2024-06-21T18:00:00+02:00,2024-06-21
2024-06-21T17:00:00Z,116.93,2024-06-21T19:00:00+02:00,2024-06-21
2024-06-21T18:00:00Z,114.4,2024-06-21T20:00:00+02:00,2024-06-21
2024-06-21T19:00:00Z,105.26,2024-06-21T21:00:00+02:00,2024-06-21
2024-06-21T20:00:00Z,95.99,2024-06-21T22:00:00+02:00,2024-06-21
2024-06-21T21:00:00Z,82.14,2024-06-21T23:00:00+02:00,2024-06-21
2024-06-21T22:00:00Z,80.07,2024-06-22T00:00:00+02:00,2024-06-22
2024-06-21T23:00:00Z,70.25,2024-06-22T01:00:00+02:00,2024-06-22
2024-06-22T00:00:00Z,62.43,2024-06-22T02:00:00+02:00,2024-06-22
2024-06-22T01:00:00Z,50.5,2024-06-22T03:00:00+02:00,2024-06-22
2024-06-22T02:00:00Z,49.62,2024-06-22T04:00:00+02:00,2024-06-22
2024-06-22T03:00:00Z,46.47,2024-06-22T05:00:00+02:00,2024-06-22
2024-06-22T04:00:00Z,60.56,2024-06-22T06:00:00+02:00,2024-06-22
2024-06-22T05:00:00Z,48.89,2024-06-22T07:00:00+02:00,2024-06-22
2024-06-22T06:00:00Z,44.92,2024-06-22T08:00:00+02:00,2024-06-22
2024-06-22T07:00:00Z,34.65,2024-06-22T09:00:00+02:00,2024-06-22
2024-06-22T08:00:00Z,12.54,2024-06-22T10:00:00+02:00,2024-06-22
2024-06-22T09:00:00Z,3.59,2024-06-22T11:00:00+02:00,2024-06-22
2024-06-22T10:00:00Z,2.62,2024-06-22T12:00:00+02:00,2024-06-22
2024-06-22T11:00:00Z,0.03,2024-06-22T13:00:00+02:00,2024-06-22
2024-06-22T12:00:00Z,-0.01,2024-06-22T14:00:00+02:00,2024-06-22
2024-06-22T13:00:00Z,-0.07,2024-06-22T15:00:00+02:00,2024-06-22
2024-06-22T14:00:00Z,4.23,2024-06-22T16:00:00+02:00,2024-06-22
2024-06-22T15:00:00Z,42.59,2024-06-22T17:00:00+02:00,2024-06-22
2024-06-22T16:00:00Z,80.49,2024-06-22T18:00:00+02:00,2024-06-22
2024-06-22T17:00:00Z,112.16,2024-06-22T19:00:00+02:00,2024-06-22
2024-06-22T18:00:00Z,122.81,2024-06-22T20:00:00+02:00,2024-06-22
2024-06-22T19:00:00Z,124.05,2024-06-22T21:00:00+02:00,2024-06-22
2024-06-22T20:00:00Z,110.17,2024-06-22T22:00:00+02:00,2024-06-22
2024-06-22T21:00:00Z,89.77,2024-06-22T23:00:00+02:00,2024-06-22
2024-06-22T22:00:00Z,90.49,2024-06-23T00:00:00+02:00,2024-06-23
2024-06-22T23:00:00Z,79.25,2024-06-23T01:00:00+02:00,2024-06-23
2024-06-23T00:00:00Z,71.24,2024-06-23T02:00:00+02:00,2024-06-23
2024-06-23T01:00:00Z,70.67,2024-06-23T03:00:00+02:00,2024-06-23
2024-06-23T02:00:00Z,66.94,2024-06-23T04:00:00+02:00,2024-06-23
2024-06-23T03:00:00Z,62.09,2024-06-23T05:00:00+02:00,2024-06-23
2024-06-23T04:00:00Z,57.9,2024-06-23T06:00:00+02:00,2024-06-23
2024-06-23T05:00:00Z,46.35,2024-06-23T07:00:00+02:00,2024-06-23
2024-06-23T06:00:00Z,19.77,2024-06-23T08:00:00+02:00,2024-06-23
2024-06-23T07:00:00Z,4.24,2024-06-23T09:00:00+02:00,2024-06-23
2024-06-23T08:00:00Z,0.0,2024-06-23T10:00:00+02:00,2024-06-23
2024-06-23T09:00:00Z,-0.05,2024-06-23T11:00:00+02:00,2024-06-23
2024-06-23T10:00:00Z,-0.1,2024-06-23T12:00:00+02:00,2024-06-23
2024-06-23T11:00:00Z,-1.05,2024-06-23T13:00:00+02:00,2024-06-23
2024-06-23T12:00:00Z,-2.21,2024-06-23T14:00:00+02:00,2024-06-23
2024-06-23T13:00:00Z,-2.05,2024-06-23T15:00:00+02:00,2024-06-23
2024-06-23T14:00:00Z,-0.27,2024-06-23T16:00:00+02:00,2024-06-23
2024-06-23T15:00:00Z,22.61,2024-06-23T17:00:00+02:00,2024-06-23
2024-06-23T16:00:00Z,71.12,2024-06-23T18:00:00+02:00,2024-06-23
2024-06-23T17:00:00Z,99.5,2024-06-23T19:00:00+02:00,2024-06-23
2024-06-23T18:00:00Z,115.14,2024-06-23T20:00:00+02:00,2024-06-23
2024-06-23T19:00:00Z,115.44,2024-06-23T21:00:00+02:00,2024-06-23
2024-06-23T20:00:00Z,114.33,2024-06-23T22:00:00+02:00,2024-06-23
2024-06-23T21:00:00Z,99.79,2024-06-23T23:00:00+02:00,2024-06-23
2024-06-23T22:00:00Z,106.18,2024-06-24T00:00:00+02:00,2024-06-24
2024-06-23T23:00:00Z,92.19,2024-06-24T01:00:00+02:00,2024-06-24
2024-06-24T00:00:00Z,84.93,2024-06-24T02:00:00+02:00,2024-06-24
2024-06-24T01:00:00Z,84.46,2024-06-24T03:00:00+02:00,2024-06-24
2024-06-24T02:00:00Z,84.96,2024-06-24T04:00:00+02:00,2024-06-24
2024-06-24T03:00:00Z,97.02,2024-06-24T05:00:00+02:00,2024-06-24
2024-06-24T04:00:00Z,136.06,2024-06-24T06:00:00+02:00,2024-06-24
2024-06-24T05:00:00Z,136.0,2024-06-24T07:00:00+02:00,2024-06-24
2024-06-24T06:00:00Z,102.99,2024-06-24T08:00:00+02:00,2024-06-24
2024-06-24T07:00:00Z,79.34,2024-06-24T09:00:00+02:00,2024-06-24
2024-06-24T08:00:00Z,53.88,2024-06-24T10:00:00+02:00,2024-06-24
2024-06-24T09:00:00Z,37.81,2024-06-24T11:00:00+02:00,2024-06-24
2024-06-24T10:00:00Z,31.19,2024-06-24T12:00:00+02:00,2024-06-24
2024-06-24T11:00:00Z,29.96,2024-06-24T13:00:00+02:00,2024-06-24
2024-06-24T12:00:00Z,30.93,2024-06-24T14:00:00+02:00,2024-06-24
2024-06-24T13:00:00Z,47.85,2024-06-24T15:00:00+02:00,2024-06-24
2024-06-24T14:00:00Z,66.32,2024-06-24T16:00:00+02:00,2024-06-24
2024-06-24T15:00:00Z,82.49,2024-06-24T17:00:00+02:00,2024-06-24
2024-06-24T16:00:00Z,98.39,2024-06-24T18:00:00+02:00,2024-06-24
2024-06-24T17:00:00Z,153.3,2024-06-24T19:00:00+02:00,2024-06-24
2024-06-24T18:00:00Z,209.32,2024-06-24T20:00:00+02:00,2024-06-24
2024-06-24T19:00:00Z,156.0,2024-06-24T21:00:00+02:00,2024-06-24
2024-06-24T20:00:00Z,116.59,2024-06-24T22:00:00+02:00,2024-06-24
2024-06-24T21:00:00Z,91.89,2024-06-24T23:00:00+02:00,2024-06-24
2024-06-24T22:00:00Z,88.8,2024-06-25T00:00:00+02:00,2024-06-25
2024-06-24T23:00:00Z,84.8,2024-06-25T01:00:00+02:00,2024-06-25
2024-06-25T00:00:00Z,84.78,2024-06-25T02:00:00+02:00,2024-06-25
2024-06-25T01:00:00Z,85.22,2024-06-25T03:00:00+02:00,2024-06-25
2024-06-25T02:00:00Z,85.5,2024-06-25T04:00:00+02:00,2024-06-25
2024-06-25T03:00:00Z,94.9,2024-06-25T05:00:00+02:00,2024-06-25
2024-06-25T04:00:00Z,114.8,2024-06-25T06:00:00+02:00,2024-06-25
2024-06-25T05:00:00Z,122.0,2024-06-25T07:00:00+02:00,2024-06-25
2024-06-25T06:00:00Z,103.8,2024-06-25T08:00:00+02:00,2024-06-25
2024-06-25T07:00:00Z,74.64,2024-06-25T09:00:00+02:00,2024-06-25
2024-06-25T08:00:00Z,48.32,2024-06-25T10:00:00+02:00,2024-06-25
2024-06-25T09:00:00Z,12.83,2024-06-25T11:00:00+02:00,2024-06-25
2024-06-25T10:00:00Z,0.0,2024-06-25T12:00:00+02:00,2024-06-25
2024-06-25T11:00:00Z,-0.05,2024-06-25T13:00:00+02:00,2024-06-25
2024-06-25T12:00:00Z,-0.04,2024-06-25T14:00:00+02:00,2024-06-25
2024-06-25T13:00:00Z,11.59,2024-06-25T15:00:00+02:00,2024-06-25
2024-06-25T14:00:00Z,48.37,2024-06-25T16:00:00+02:00,2024-06-25
2024-06-25T15:00:00Z,74.0,2024-06-25T17:00:00+02:00,2024-06-25
2024-06-25T16:00:00Z,95.9,2024-06-25T18:00:00+02:00,2024-06-25
2024-06-25T17:00:00Z,128.9,2024-06-25T19:00:00+02:00,2024-06-25
2024-06-25T18:00:00Z,136.69,2024-06-25T20:00:00+02:00,2024-06-25
2024-06-25T19:00:00Z,122.09,2024-06-25T21:00:00+02:00,2024-06-25
2024-06-25T20:00:00Z,106.57,2024-06-25T22:00:00+02:00,2024-06-25
2024-06-25T21:00:00Z,89.95,2024-06-25T23:00:00+02:00,2024-06-25
2024-06-25T22:00:00Z,107.15,2024-06-26T00:00:00+02:00,2024-06-26
2024-06-25T23:00:00Z,99.88,2024-06-26T01:00:00+02:00,2024-06-26
2024-06-26T00:00:00Z,95.32,2024-06-26T02:00:00+02:00,2024-06-26
2024-06-26T01:00:00Z,95.46,2024-06-26T03:00:00+02:00,2024-06-26
2024-06-26T02:00:00Z,91.68,2024-06-26T04:00:00+02:00,2024-06-26
2024-06-26T03:00:00Z,97.01,2024-06-26T05:00:00+02:00,2024-06-26
2024-06-26T04:00:00Z,107.46,2024-06-26T06:00:00+02:00,2024-06-26
2024-06-26T05:00:00Z,130.0,2024-06-26T07:00:00+02:00,2024-06-26
2024-06-26T06:00:00Z,121.1,2024-06-26T08:00:00+02:00,2024-06-26
2024-06-26T07:00:00Z,101.76,2024-06-26T09:00:00+02:00,2024-06-26
2024-06-26T08:00:00Z,89.48,2024-06-26T10:00:00+02:00,2024-06-26
2024-06-26T09:00:00Z,84.1,2024-06-26T11:00:00+02:00,2024-06-26
2024-06-26T10:00:00Z,78.64,2024-06-26T12:00:00+02:00,2024-06-26
2024-06-26T11:00:00Z,76.54,2024-06-26T13:00:00+02:00,2024-06-26
2024-06-26T12:00:00Z,80.0,2024-06-26T14:00:00+02:00,2024-06-26
2024-06-26T13:00:00Z,90.45,2024-06-26T15:00:00+02:00,2024-06-26
2024-06-26T14:00:00Z,99.86,2024-06-26T16:00:00+02:00,2024-06-26
2024-06-26T15:00:00Z,105.8,2024-06-26T17:00:00+02:00,2024-06-26
2024-06-26T16:00:00Z,105.13,2024-06-26T18:00:00+02:00,2024-06-26
2024-06-26T17:00:00Z,126.73,2024-06-26T19:00:00+02:00,2024-06-26
2024-06-26T18:00:00Z,134.39,2024-06-26T20:00:00+02:00,2024-06-26
2024-06-26T19:00:00Z,128.85,2024-06-26T21:00:00+02:00,2024-06-26
2024-06-26T20:00:00Z,115.55,2024-06-26T22:00:00+02:00,2024-06-26
2024-06-26T21:00:00Z,110.0,2024-06-26T23:00:00+02:00,2024-06-26
2024-06-26T22:00:00Z,96.0,2024-06-27T00:00:00+02:00,2024-06-27
2024-06-26T23:00:00Z,86.9,2024-06-27T01:00:00+02:00,2024-06-27
2024-06-27T00:00:00Z,80.4,2024-06-27T02:00:00+02:00,2024-06-27
2024-06-27T01:00:00Z,82.84,2024-06-27T03:00:00+02:00,2024-06-27
2024-06-27T02:00:00Z,78.79,2024-06-27T04:00:00+02:00,2024-06-27
2024-06-27T03:00:00Z,84.98,2024-06-27T05:00:00+02:00,2024-06-27
2024-06-27T04:00:00Z,117.51,2024-06-27T06:00:00+02:00,2024-06-27
2024-06-27T05:00:00Z,125.11,2024-06-27T07:00:00+02:00,2024-06-27
2024-06-27T06:00:00Z,115.0,2024-06-27T08:00:00+02:00,2024-06-27
2024-06-27T07:00:00Z,88.87,2024-06-27T09:00:00+02:00,2024-06-27
2024-06-27T08:00:00Z,66.74,2024-06-27T10:00:00+02:00,2024-06-27
2024-06-27T09:00:00Z,52.4,2024-06-27T11:00:00+02:00,2024-06-27
2024-06-27T10:00:00Z,48.82,2024-06-27T12:00:00+02:00,2024-06-27
2024-06-27T11:00:00Z,45.31,2024-06-27T13:00:00+02:00,2024-06-27
2024-06-27T12:00:00Z,44.56,2024-06-27T14:00:00+02:00,2024-06-27
2024-06-27T13:00:00Z,48.39,2024-06-27T15:00:00+02:00,2024-06-27
2024-06-27T14:00:00Z,61.92,2024-06-27T16:00:00+02:00,2024-06-27
2024-06-27T15:00:00Z,75.59,2024-06-27T17:00:00+02:00,2024-06-27
2024-06-27T16:00:00Z,79.53,2024-06-27T18:00:00+02:00,2024-06-27
2024-06-27T17:00:00Z,110.08,2024-06-27T19:00:00+02:00,2024-06-27
2024-06-27T18:00:00Z,200.04,2024-06-27T20:00:00+02:00,2024-06-27
2024-06-27T19:00:00Z,186.18,2024-06-27T21:00:00+02:00,2024-06-27
2024-06-27T20:00:00Z,125.21,2024-06-27T22:00:00+02:00,2024-06-27
2024-06-27T21:00:00Z,101.8,2024-06-27T23:00:00+02:00,2024-06-27
2024-06-27T22:00:00Z,96.85,2024-06-28T00:00:00+02:00,2024-06-28
2024-06-27T23:00:00Z,95.42,2024-06-28T01:00:00+02:00,2024-06-28
2024-06-28T00:00:00Z,86.08,2024-06-28T02:00:00+02:00,2024-06-28
2024-06-28T01:00:00Z,79.97,2024-06-28T03:00:00+02:00,2024-06-28
2024-06-28T02:00:00Z,83.61,2024-06-28T04:00:00+02:00,2024-06-28
2024-06-28T03:00:00Z,91.28,2024-06-28T05:00:00+02:00,2024-06-28
2024-06-28T04:00:00Z,120.29,2024-06-28T06:00:00+02:00,2024-06-28
2024-06-28T05:00:00Z,108.93,2024-06-28T07:00:00+02:00,2024-06-28
2024-06-28T06:00:00Z,84.89,2024-06-28T08:00:00+02:00,2024-06-28
2024-06-28T07:00:00Z,59.9,2024-06-28T09:00:00+02:00,2024-06-28
2024-06-28T08:00:00Z,24.45,2024-06-28T10:00:00+02:00,2024-06-28
2024-06-28T09:00:00Z,2.03,2024-06-28T11:00:00+02:00,2024-06-28
2024-06-28T10:00:00Z,-1.56,2024-06-28T12:00:00+02:00,2024-06-28
2024-06-28T11:00:00Z,-5.09,2024-06-28T13:00:00+02:00,2024-06-28
2024-06-28T12:00:00Z,-9.95,2024-06-28T14:00:00+02:00,2024-06-28
2024-06-28T13:00:00Z,-9.91,2024-06-28T15:00:00+02:00,2024-06-28
2024-06-28T14:00:00Z,-6.48,2024-06-28T16:00:00+02:00,2024-06-28
2024-06-28T15:00:00Z,3.62,2024-06-28T17:00:00+02:00,2024-06-28
2024-06-28T16:00:00Z,41.98,2024-06-28T18:00:00+02:00,2024-06-28
2024-06-28T17:00:00Z,84.32,2024-06-28T19:00:00+02:00,2024-06-28
2024-06-28T18:00:00Z,108.93,2024-06-28T20:00:00+02:00,2024-06-28
2024-06-28T19:00:00Z,138.06,2024-06-28T21:00:00+02:00,2024-06-28
2024-06-28T20:00:00Z,126.57,2024-06-28T22:00:00+02:00,2024-06-28
2024-06-28T21:00:00Z,109.02,2024-06-28T23:00:00+02:00,2024-06-28
2024-06-28T22:00:00Z,110.4,2024-06-29T00:00:00+02:00,2024-06-29
2024-06-28T23:00:00Z,109.91,2024-06-29T01:00:00+02:00,2024-06-29
2024-06-29T00:00:00Z,109.89,2024-06-29T02:00:00+02:00,2024-06-29
2024-06-29T01:00:00Z,109.56,2024-06-29T03:00:00+02:00,2024-06-29
2024-06-29T02:00:00Z,108.09,2024-06-29T04:00:00+02:00,2024-06-29
2024-06-29T03:00:00Z,103.07,2024-06-29T05:00:00+02:00,2024-06-29
2024-06-29T04:00:00Z,96.62,2024-06-29T06:00:00+02:00,2024-06-29
2024-06-29T05:00:00Z,84.14,2024-06-29T07:00:00+02:00,2024-06-29
2024-06-29T06:00:00Z,66.91,2024-06-29T08:00:00+02:00,2024-06-29
2024-06-29T07:00:00Z,29.58,2024-06-29T09:00:00+02:00,2024-06-29
2024-06-29T08:00:00Z,5.04,2024-06-29T10:00:00+02:00,2024-06-29
2024-06-29T09:00:00Z,0.04,2024-06-29T11:00:00+02:00,2024-06-29
2024-06-29T10:00:00Z,-0.02,2024-06-29T12:00:00+02:00,2024-06-29
2024-06-29T11:00:00Z,-0.23,2024-06-29T13:00:00+02:00,2024-06-29
2024-06-29T12:00:00Z,-0.08,2024-06-29T14:00:00+02:00,2024-06-29
2024-06-29T13:00:00Z,1.3,2024-06-29T15:00:00+02:00,2024-06-29
2024-06-29T14:00:00Z,11.91,2024-06-29T16:00:00+02:00,2024-06-29
2024-06-29T15:00:00Z,69.51,2024-06-29T17:00:00+02:00,2024-06-29
2024-06-29T16:00:00Z,104.3,2024-06-29T18:00:00+02:00,2024-06-29
2024-06-29T17:00:00Z,126.93,2024-06-29T19:00:00+02:00,2024-06-29
2024-06-29T18:00:00Z,139.2,2024-06-29T20:00:00+02:00,2024-06-29
2024-06-29T19:00:00Z,113.3,2024-06-29T21:00:00+02:00,2024-06-29
2024-06-29T20:00:00Z,100.08,2024-06-29T22:00:00+02:00,2024-06-29
2024-06-29T21:00:00Z,93.83,2024-06-29T23:00:00+02:00,2024-06-29
2024-06-29T22:00:00Z,70.06,2024-06-30T00:00:00+02:00,2024-06-30
2024-06-29T23:00:00Z,61.69,2024-06-30T01:00:00+02:00,2024-06-30
2024-06-30T00:00:00Z,66.67,2024-06-30T02:00:00+02:00,2024-06-30
2024-06-30T01:00:00Z,67.05,2024-06-30T03:00:00+02:00,2024-06-30
2024-06-30T02:00:00Z,64.36,2024-06-30T04:00:00+02:00,2024-06-30
2024-06-30T03:00:00Z,51.39,2024-06-30T05:00:00+02:00,2024-06-30
2024-06-30T04:00:00Z,51.56,2024-06-30T06:00:00+02:00,2024-06-30
2024-06-30T05:00:00Z,20.42,2024-06-30T07:00:00+02:00,2024-06-30
2024-06-30T06:00:00Z,6.83,2024-06-30T08:00:00+02:00,2024-06-30
2024-06-30T07:00:00Z,0.82,2024-06-30T09:00:00+02:00,2024-06-30
2024-06-30T08:00:00Z,0.0,2024-06-30T10:00:00+02:00,2024-06-30
2024-06-30T09:00:00Z,0.0,2024-06-30T11:00:00+02:00,2024-06-30
2024-06-30T10:00:00Z,-0.02,2024-06-30T12:00:00+02:00,2024-06-30
2024-06-30T11:00:00Z,-1.51,2024-06-30T13:00:00+02:00,2024-06-30
2024-06-30T12:00:00Z,-1.09,2024-06-30T14:00:00+02:00,2024-06-30
2024-06-30T13:00:00Z,0.0,2024-06-30T15:00:00+02:00,2024-06-30
2024-06-30T14:00:00Z,0.91,2024-06-30T16:00:00+02:00,2024-06-30
2024-06-30T15:00:00Z,36.66,2024-06-30T17:00:00+02:00,2024-06-30
2024-06-30T16:00:00Z,70.02,2024-06-30T18:00:00+02:00,2024-06-30
2024-06-30T17:00:00Z,87.26,2024-06-30T19:00:00+02:00,2024-06-30
2024-06-30T18:00:00Z,99.9,2024-06-30T20:00:00+02:00,2024-06-30
2024-06-30T19:00:00Z,102.39,2024-06-30T21:00:00+02:00,2024-06-30
2024-06-30T20:00:00Z,102.16,2024-06-30T22:00:00+02:00,2024-06-30
2024-06-30T21:00:00Z,93.01,2024-06-30T23:00:00+02:00,2024-06-30
2024-06-30T22:00:00Z,94.88,2024-07-01T00:00:00+02:00,2024-07-01
2024-06-30T23:00:00Z,84.32,2024-07-01T01:00:00+02:00,2024-07-01
2024-07-01T00:00:00Z,78.19,2024-07-01T02:00:00+02:00,2024-07-01
2024-07-01T01:00:00Z,78.01,2024-07-01T03:00:00+02:00,2024-07-01
2024-07-01T02:00:00Z,75.63,2024-07-01T04:00:00+02:00,2024-07-01
2024-07-01T03:00:00Z,80.82,2024-07-01T05:00:00+02:00,2024-07-01
2024-07-01T04:00:00Z,122.19,2024-07-01T06:00:00+02:00,2024-07-01
2024-07-01T05:00:00Z,141.3,2024-07-01T07:00:00+02:00,2024-07-01
2024-07-01T06:00:00Z,142.36,2024-07-01T08:00:00+02:00,2024-07-01
2024-07-01T07:00:00Z,115.57,2024-07-01T09:00:00+02:00,2024-07-01
2024-07-01T08:00:00Z,107.01,2024-07-01T10:00:00+02:00,2024-07-01
2024-07-01T09:00:00Z,91.67,2024-07-01T11:00:00+02:00,2024-07-01
2024-07-01T10:00:00Z,77.38,2024-07-01T12:00:00+02:00,2024-07-01
2024-07-01T11:00:00Z,69.9,2024-07-01T13:00:00+02:00,2024-07-01
2024-07-01T12:00:00Z,39.92,2024-07-01T14:00:00+02:00,2024-07-01
2024-07-01T13:00:00Z,34.61,2024-07-01T15:00:00+02:00,2024-07-01
2024-07-01T14:00:00Z,37.63,2024-07-01T16:00:00+02:00,2024-07-01
2024-07-01T15:00:00Z,62.2,2024-07-01T17:00:00+02:00,2024-07-01
2024-07-01T16:00:00Z,78.04,2024-07-01T18:00:00+02:00,2024-07-01
2024-07-01T17:00:00Z,102.47,2024-07-01T19:00:00+02:00,2024-07-01
2024-07-01T18:00:00Z,166.79,2024-07-01T20:00:00+02:00,2024-07-01
2024-07-01T19:00:00Z,129.1,2024-07-01T21:00:00+02:00,2024-07-01
2024-07-01T20:00:00Z,107.51,2024-07-01T22:00:00+02:00,2024-07-01
2024-07-01T21:00:00Z,87.88,2024-07-01T23:00:00+02:00,2024-07-01
2024-07-01T22:00:00Z,81.59,2024-07-02T00:00:00+02:00,2024-07-02
2024-07-01T23:00:00Z,79.93,2024-07-02T01:00:00+02:00,2024-07-02
2024-07-02T00:00:00Z,82.07,2024-07-02T02:00:00+02:00,2024-07-02
2024-07-02T01:00:00Z,80.95,2024-07-02T03:00:00+02:00,2024-07-02
2024-07-02T02:00:00Z,81.99,2024-07-02T04:00:00+02:00,2024-07-02
2024-07-02T03:00:00Z,81.99,2024-07-02T05:00:00+02:00,2024-07-02
2024-07-02T04:00:00Z,96.5,2024-07-02T06:00:00+02:00,2024-07-02
2024-07-02T05:00:00Z,100.69,2024-07-02T07:00:00+02:00,2024-07-02
2024-07-02T06:00:00Z,101.27,2024-07-02T08:00:00+02:00,2024-07-02
2024-07-02T07:00:00Z,87.5,2024-07-02T09:00:00+02:00,2024-07-02
2024-07-02T08:00:00Z,83.11,2024-07-02T10:00:00+02:00,2024-07-02
2024-07-02T09:00:00Z,74.56,2024-07-02T11:00:00+02:00,2024-07-02
2024-07-02T10:00:00Z,72.72,2024-07-02T12:00:00+02:00,2024-07-02
2024-07-02T11:00:00Z,69.16,2024-07-02T13:00:00+02:00,2024-07-02
2024-07-02T12:00:00Z,60.93,2024-07-02T14:00:00+02:00,2024-07-02
2024-07-02T13:00:00Z,62.73,2024-07-02T15:00:00+02:00,2024-07-02
2024-07-02T14:00:00Z,74.22,2024-07-02T16:00:00+02:00,2024-07-02
2024-07-02T15:00:00Z,75.9,2024-07-02T17:00:00+02:00,2024-07-02
2024-07-02T16:00:00Z,84.79,2024-07-02T18:00:00+02:00,2024-07-02
2024-07-02T17:00:00Z,103.63,2024-07-02T19:00:00+02:00,2024-07-02
2024-07-02T18:00:00Z,115.0,2024-07-02T20:00:00+02:00,2024-07-02
2024-07-02T19:00:00Z,109.96,2024-07-02T21:00:00+02:00,2024-07-02
2024-07-02T20:00:00Z,109.05,2024-07-02T22:00:00+02:00,2024-07-02
2024-07-02T21:00:00Z,86.0,2024-07-02T23:00:00+02:00,2024-07-02
2024-07-02T22:00:00Z,68.19,2024-07-03T00:00:00+02:00,2024-07-03
2024-07-02T23:00:00Z,65.3,2024-07-03T01:00:00+02:00,2024-07-03
2024-07-03T00:00:00Z,63.18,2024-07-03T02:00:00+02:00,2024-07-03
2024-07-03T01:00:00Z,65.58,2024-07-03T03:00:00+02:00,2024-07-03
2024-07-03T02:00:00Z,71.14,2024-07-03T04:00:00+02:00,2024-07-03
2024-07-03T03:00:00Z,78.91,2024-07-03T05:00:00+02:00,2024-07-03
2024-07-03T04:00:00Z,100.25,2024-07-03T06:00:00+02:00,2024-07-03
2024-07-03T05:00:00Z,116.51,2024-07-03T07:00:00+02:00,2024-07-03
2024-07-03T06:00:00Z,115.0,2024-07-03T08:00:00+02:00,2024-07-03
2024-07-03T07:00:00Z,90.59,2024-07-03T09:00:00+02:00,2024-07-03
2024-07-03T08:00:00Z,76.63,2024-07-03T10:00:00+02:00,2024-07-03
2024-07-03T09:00:00Z,73.1,2024-07-03T11:00:00+02:00,2024-07-03
2024-07-03T10:00:00Z,71.76,2024-07-03T12:00:00+02:00,2024-07-03
2024-07-03T11:00:00Z,71.14,2024-07-03T13:00:00+02:00,2024-07-03
2024-07-03T12:00:00Z,73.12,2024-07-03T14:00:00+02:00,2024-07-03
2024-07-03T13:00:00Z,71.98,2024-07-03T15:00:00+02:00,2024-07-03
2024-07-03T14:00:00Z,74.01,2024-07-03T16:00:00+02:00,2024-07-03
2024-07-03T15:00:00Z,86.97,2024-07-03T17:00:00+02:00,2024-07-03
2024-07-03T16:00:00Z,99.6,2024-07-03T18:00:00+02:00,2024-07-03
2024-07-03T17:00:00Z,118.79,2024-07-03T19:00:00+02:00,2024-07-03
2024-07-03T18:00:00Z,163.89,2024-07-03T20:00:00+02:00,2024-07-03
2024-07-03T19:00:00Z,115.88,2024-07-03T21:00:00+02:00,2024-07-03
2024-07-03T20:00:00Z,95.32,2024-07-03T22:00:00+02:00,2024-07-03
2024-07-03T21:00:00Z,76.1,2024-07-03T23:00:00+02:00,2024-07-03
2024-07-03T22:00:00Z,64.24,2024-07-04T00:00:00+02:00,2024-07-04
2024-07-03T23:00:00Z,51.94,2024-07-04T01:00:00+02:00,2024-07-04
2024-07-04T00:00:00Z,26.46,2024-07-04T02:00:00+02:00,2024-07-04
2024-07-04T01:00:00Z,18.01,2024-07-04T03:00:00+02:00,2024-07-04
2024-07-04T02:00:00Z,10.08,2024-07-04T04:00:00+02:00,2024-07-04
2024-07-04T03:00:00Z,10.27,2024-07-04T05:00:00+02:00,2024-07-04
2024-07-04T04:00:00Z,36.43,2024-07-04T06:00:00+02:00,2024-07-04
2024-07-04T05:00:00Z,40.0,2024-07-04T07:00:00+02:00,2024-07-04
2024-07-04T06:00:00Z,33.56,2024-07-04T08:00:00+02:00,2024-07-04
2024-07-04T07:00:00Z,22.65,2024-07-04T09:00:00+02:00,2024-07-04
2024-07-04T08:00:00Z,1.9,2024-07-04T10:00:00+02:00,2024-07-04
2024-07-04T09:00:00Z,0.0,2024-07-04T11:00:00+02:00,2024-07-04
2024-07-04T10:00:00Z,-0.04,2024-07-04T12:00:00+02:00,2024-07-04
2024-07-04T11:00:00Z,-5.03,2024-07-04T13:00:00+02:00,2024-07-04
2024-07-04T12:00:00Z,-19.09,2024-07-04T14:00:00+02:00,2024-07-04
2024-07-04T13:00:00Z,-18.03,2024-07-04T15:00:00+02:00,2024-07-04
2024-07-04T14:00:00Z,-8.7,2024-07-04T16:00:00+02:00,2024-07-04
2024-07-04T15:00:00Z,-0.03,2024-07-04T17:00:00+02:00,2024-07-04
2024-07-04T16:00:00Z,6.77,2024-07-04T18:00:00+02:00,2024-07-04
2024-07-04T17:00:00Z,49.85,2024-07-04T19:00:00+02:00,2024-07-04
2024-07-04T18:00:00Z,86.91,2024-07-04T20:00:00+02:00,2024-07-04
2024-07-04T19:00:00Z,115.3,2024-07-04T21:00:00+02:00,2024-07-04
2024-07-04T20:00:00Z,86.91,2024-07-04T22:00:00+02:00,2024-07-04
2024-07-04T21:00:00Z,64.01,2024-07-04T23:00:00+02:00,2024-07-04
2024-07-04T22:00:00Z,31.41,2024-07-05T00:00:00+02:00,2024-07-05
2024-07-04T23:00:00Z,20.13,2024-07-05T01:00:00+02:00,2024-07-05
2024-07-05T00:00:00Z,20.59,2024-07-05T02:00:00+02:00,2024-07-05
2024-07-05T01:00:00Z,19.79,2024-07-05T03:00:00+02:00,2024-07-05
2024-07-05T02:00:00Z,8.98,2024-07-05T04:00:00+02:00,2024-07-05
2024-07-05T03:00:00Z,10.01,2024-07-05T05:00:00+02:00,2024-07-05
2024-07-05T04:00:00Z,38.19,2024-07-05T06:00:00+02:00,2024-07-05
2024-07-05T05:00:00Z,45.75,2024-07-05T07:00:00+02:00,2024-07-05
2024-07-05T06:00:00Z,39.43,2024-07-05T08:00:00+02:00,2024-07-05
2024-07-05T07:00:00Z,18.56,2024-07-05T09:00:00+02:00,2024-07-05
2024-07-05T08:00:00Z,2.95,2024-07-05T10:00:00+02:00,2024-07-05
2024-07-05T09:00:00Z,0.41,2024-07-05T11:00:00+02:00,2024-07-05
2024-07-05T10:00:00Z,-0.05,2024-07-05T12:00:00+02:00,2024-07-05
2024-07-05T11:00:00Z,-0.64,2024-07-05T13:00:00+02:00,2024-07-05
2024-07-05T12:00:00Z,-0.78,2024-07-05T14:00:00+02:00,2024-07-05
2024-07-05T13:00:00Z,-0.03,2024-07-05T15:00:00+02:00,2024-07-05
2024-07-05T14:00:00Z,1.93,2024-07-05T16:00:00+02:00,2024-07-05
2024-07-05T15:00:00Z,16.81,2024-07-05T17:00:00+02:00,2024-07-05
2024-07-05T16:00:00Z,64.35,2024-07-05T18:00:00+02:00,2024-07-05
2024-07-05T17:00:00Z,90.09,2024-07-05T19:00:00+02:00,2024-07-05
2024-07-05T18:00:00Z,142.36,2024-07-05T20:00:00+02:00,2024-07-05
2024-07-05T19:00:00Z,130.38,2024-07-05T21:00:00+02:00,2024-07-05
2024-07-05T20:00:00Z,102.22,2024-07-05T22:00:00+02:00,2024-07-05
2024-07-05T21:00:00Z,84.95,2024-07-05T23:00:00+02:00,2024-07-05
2024-07-05T22:00:00Z,89.1,2024-07-06T00:00:00+02:00,2024-07-06
2024-07-05T23:00:00Z,70.71,2024-07-06T01:00:00+02:00,2024-07-06
2024-07-06T00:00:00Z,63.52,2024-07-06T02:00:00+02:00,2024-07-06
2024-07-06T01:00:00Z,46.46,2024-07-06T03:00:00+02:00,2024-07-06
2024-07-06T02:00:00Z,38.62,2024-07-06T04:00:00+02:00,2024-07-06
2024-07-06T03:00:00Z,15.69,2024-07-06T05:00:00+02:00,2024-07-06
2024-07-06T04:00:00Z,5.73,2024-07-06T06:00:00+02:00,2024-07-06
2024-07-06T05:00:00Z,5.37,2024-07-06T07:00:00+02:00,2024-07-06
2024-07-06T06:00:00Z,3.39,2024-07-06T08:00:00+02:00,2024-07-06
2024-07-06T07:00:00Z,0.0,2024-07-06T09:00:00+02:00,2024-07-06
2024-07-06T08:00:00Z,-9.92,2024-07-06T10:00:00+02:00,2024-07-06
2024-07-06T09:00:00Z,-28.87,2024-07-06T11:00:00+02:00,2024-07-06
2024-07-06T10:00:00Z,-32.69,2024-07-06T12:00:00+02:00,2024-07-06
2024-07-06T11:00:00Z,-44.1,2024-07-06T13:00:00+02:00,2024-07-06
2024-07-06T12:00:00Z,-48.07,2024-07-06T14:00:00+02:00,2024-07-06
2024-07-06T13:00:00Z,-34.84,2024-07-06T15:00:00+02:00,2024-07-06
2024-07-06T14:00:00Z,-13.68,2024-07-06T16:00:00+02:00,2024-07-06
2024-07-06T15:00:00Z,-0.06,2024-07-06T17:00:00+02:00,2024-07-06
2024-07-06T16:00:00Z,1.88,2024-07-06T18:00:00+02:00,2024-07-06
2024-07-06T17:00:00Z,0.22,2024-07-06T19:00:00+02:00,2024-07-06
2024-07-06T18:00:00Z,6.69,2024-07-06T20:00:00+02:00,2024-07-06
2024-07-06T19:00:00Z,9.4,2024-07-06T21:00:00+02:00,2024-07-06
2024-07-06T20:00:00Z,18.0,2024-07-06T22:00:00+02:00,2024-07-06
2024-07-06T21:00:00Z,14.02,2024-07-06T23:00:00+02:00,2024-07-06
2024-07-06T22:00:00Z,-0.03,2024-07-07T00:00:00+02:00,2024-07-07
2024-07-06T23:00:00Z,-0.1,2024-07-07T01:00:00+02:00,2024-07-07
2024-07-07T00:00:00Z,-0.8,2024-07-07T02:00:00+02:00,2024-07-07
2024-07-07T01:00:00Z,-0.48,2024-07-07T03:00:00+02:00,2024-07-07
2024-07-07T02:00:00Z,-0.06,2024-07-07T04:00:00+02:00,2024-07-07
2024-07-07T03:00:00Z,-0.01,2024-07-07T05:00:00+02:00,2024-07-07
2024-07-07T04:00:00Z,-0.01,2024-07-07T06:00:00+02:00,2024-07-07
2024-07-07T05:00:00Z,-0.01,2024-07-07T07:00:00+02:00,2024-07-07
2024-07-07T06:00:00Z,-0.6,2024-07-07T08:00:00+02:00,2024-07-07
2024-07-07T07:00:00Z,-6.49,2024-07-07T09:00:00+02:00,2024-07-07
2024-07-07T08:00:00Z,-9.98,2024-07-07T10:00:00+02:00,2024-07-07
2024-07-07T09:00:00Z,-12.04,2024-07-07T11:00:00+02:00,2024-07-07
2024-07-07T10:00:00Z,-13.49,2024-07-07T12:00:00+02:00,2024-07-07
2024-07-07T11:00:00Z,-22.37,2024-07-07T13:00:00+02:00,2024-07-07
2024-07-07T12:00:00Z,-20.98,2024-07-07T14:00:00+02:00,2024-07-07
2024-07-07T13:00:00Z,-12.2,2024-07-07T15:00:00+02:00,2024-07-07
2024-07-07T14:00:00Z,-6.16,2024-07-07T16:00:00+02:00,2024-07-07
2024-07-07T15:00:00Z,-0.08,2024-07-07T17:00:00+02:00,2024-07-07
2024-07-07T16:00:00Z,63.99,2024-07-07T18:00:00+02:00,2024-07-07
2024-07-07T17:00:00Z,90.27,2024-07-07T19:00:00+02:00,2024-07-07
2024-07-07T18:00:00Z,125.64,2024-07-07T20:00:00+02:00,2024-07-07
2024-07-07T19:00:00Z,133.17,2024-07-07T21:00:00+02:00,2024-07-07
2024-07-07T20:00:00Z,115.2,2024-07-07T22:00:00+02:00,2024-07-07
2024-07-07T21:00:00Z,97.13,2024-07-07T23:00:00+02:00,2024-07-07
2024-07-07T22:00:00Z,81.62,2024-07-08T00:00:00+02:00,2024-07-08
2024-07-07T23:00:00Z,76.65,2024-07-08T01:00:00+02:00,2024-07-08
2024-07-08T00:00:00Z,74.08,2024-07-08T02:00:00+02:00,2024-07-08
2024-07-08T01:00:00Z,77.72,2024-07-08T03:00:00+02:00,2024-07-08
2024-07-08T02:00:00Z,76.28,2024-07-08T04:00:00+02:00,2024-07-08
2024-07-08T03:00:00Z,80.44,2024-07-08T05:00:00+02:00,2024-07-08
2024-07-08T04:00:00Z,112.18,2024-07-08T06:00:00+02:00,2024-07-08
2024-07-08T05:00:00Z,125.0,2024-07-08T07:00:00+02:00,2024-07-08
2024-07-08T06:00:00Z,100.64,2024-07-08T08:00:00+02:00,2024-07-08
2024-07-08T07:00:00Z,77.61,2024-07-08T09:00:00+02:00,2024-07-08
2024-07-08T08:00:00Z,53.93,2024-07-08T10:00:00+02:00,2024-07-08
2024-07-08T09:00:00Z,38.43,2024-07-08T11:00:00+02:00,2024-07-08
2024-07-08T10:00:00Z,31.79,2024-07-08T12:00:00+02:00,2024-07-08
2024-07-08T11:00:00Z,29.45,2024-07-08T13:00:00+02:00,2024-07-08
2024-07-08T12:00:00Z,29.56,2024-07-08T14:00:00+02:00,2024-07-08
2024-07-08T13:00:00Z,36.75,2024-07-08T15:00:00+02:00,2024-07-08
2024-07-08T14:00:00Z,64.0,2024-07-08T16:00:00+02:00,2024-07-08
2024-07-08T15:00:00Z,80.2,2024-07-08T17:00:00+02:00,2024-07-08
2024-07-08T16:00:00Z,102.63,2024-07-08T18:00:00+02:00,2024-07-08
2024-07-08T17:00:00Z,136.49,2024-07-08T19:00:00+02:00,2024-07-08
2024-07-08T18:00:00Z,257.35,2024-07-08T20:00:00+02:00,2024-07-08
2024-07-08T19:00:00Z,173.69,2024-07-08T21:00:00+02:00,2024-07-08
2024-07-08T20:00:00Z,113.65,2024-07-08T22:00:00+02:00,2024-07-08
2024-07-08T21:00:00Z,92.02,2024-07-08T23:00:00+02:00,2024-07-08
2024-07-08T22:00:00Z,105.52,2024-07-09T00:00:00+02:00,2024-07-09
2024-07-08T23:00:00Z,95.96,2024-07-09T01:00:00+02:00,2024-07-09
2024-07-09T00:00:00Z,93.08,2024-07-09T02:00:00+02:00,2024-07-09
2024-07-09T01:00:00Z,91.14,2024-07-09T03:00:00+02:00,2024-07-09
2024-07-09T02:00:00Z,87.66,2024-07-09T04:00:00+02:00,2024-07-09
2024-07-09T03:00:00Z,96.83,2024-07-09T05:00:00+02:00,2024-07-09
2024-07-09T04:00:00Z,111.38,2024-07-09T06:00:00+02:00,2024-07-09
2024-07-09T05:00:00Z,103.76,2024-07-09T07:00:00+02:00,2024-07-09
2024-07-09T06:00:00Z,94.0,2024-07-09T08:00:00+02:00,2024-07-09
2024-07-09T07:00:00Z,67.26,2024-07-09T09:00:00+02:00,2024-07-09
2024-07-09T08:00:00Z,46.63,2024-07-09T10:00:00+02:00,2024-07-09
2024-07-09T09:00:00Z,33.71,2024-07-09T11:00:00+02:00,2024-07-09
2024-07-09T10:00:00Z,21.95,2024-07-09T12:00:00+02:00,2024-07-09
2024-07-09T11:00:00Z,5.04,2024-07-09T13:00:00+02:00,2024-07-09
2024-07-09T12:00:00Z,2.71,2024-07-09T14:00:00+02:00,2024-07-09
2024-07-09T13:00:00Z,11.08,2024-07-09T15:00:00+02:00,2024-07-09
2024-07-09T14:00:00Z,53.73,2024-07-09T16:00:00+02:00,2024-07-09
2024-07-09T15:00:00Z,81.69,2024-07-09T17:00:00+02:00,2024-07-09
2024-07-09T16:00:00Z,99.27,2024-07-09T18:00:00+02:00,2024-07-09
2024-07-09T17:00:00Z,151.5,2024-07-09T19:00:00+02:00,2024-07-09
2024-07-09T18:00:00Z,147.64,2024-07-09T20:00:00+02:00,2024-07-09
2024-07-09T19:00:00Z,108.12,2024-07-09T21:00:00+02:00,2024-07-09
2024-07-09T20:00:00Z,86.07,2024-07-09T22:00:00+02:00,2024-07-09
2024-07-09T21:00:00Z,68.89,2024-07-09T23:00:00+02:00,2024-07-09
2024-07-09T22:00:00Z,55.0,2024-07-10T00:00:00+02:00,2024-07-10
2024-07-09T23:00:00Z,54.9,2024-07-10T01:00:00+02:00,2024-07-10
2024-07-10T00:00:00Z,53.92,2024-07-10T02:00:00+02:00,2024-07-10
2024-07-10T01:00:00Z,54.98,2024-07-10T03:00:00+02:00,2024-07-10
2024-07-10T02:00:00Z,59.92,2024-07-10T04:00:00+02:00,2024-07-10
2024-07-10T03:00:00Z,66.14,2024-07-10T05:00:00+02:00,2024-07-10
2024-07-10T04:00:00Z,84.46,2024-07-10T06:00:00+02:00,2024-07-10
2024-07-10T05:00:00Z,106.46,2024-07-10T07:00:00+02:00,2024-07-10
2024-07-10T06:00:00Z,102.01,2024-07-10T08:00:00+02:00,2024-07-10
2024-07-10T07:00:00Z,84.93,2024-07-10T09:00:00+02:00,2024-07-10
2024-07-10T08:00:00Z,65.0,2024-07-10T10:00:00+02:00,2024-07-10
2024-07-10T09:00:00Z,55.77,2024-07-10T11:00:00+02:00,2024-07-10
2024-07-10T10:00:00Z,47.13,2024-07-10T12:00:00+02:00,2024-07-10
2024-07-10T11:00:00Z,44.58,2024-07-10T13:00:00+02:00,2024-07-10
2024-07-10T12:00:00Z,55.0,2024-07-10T14:00:00+02:00,2024-07-10
2024-07-10T13:00:00Z,58.43,2024-07-10T15:00:00+02:00,2024-07-10
2024-07-10T14:00:00Z,67.48,2024-07-10T16:00:00+02:00,2024-07-10
2024-07-10T15:00:00Z,80.14,2024-07-10T17:00:00+02:00,2024-07-10
2024-07-10T16:00:00Z,80.73,2024-07-10T18:00:00+02:00,2024-07-10
2024-07-10T17:00:00Z,99.72,2024-07-10T19:00:00+02:00,2024-07-10
2024-07-10T18:00:00Z,148.61,2024-07-10T20:00:00+02:00,2024-07-10
2024-07-10T19:00:00Z,164.08,2024-07-10T21:00:00+02:00,2024-07-10
2024-07-10T20:00:00Z,113.97,2024-07-10T22:00:00+02:00,2024-07-10
2024-07-10T21:00:00Z,92.92,2024-07-10T23:00:00+02:00,2024-07-10
2024-07-10T22:00:00Z,96.02,2024-07-11T00:00:00+02:00,2024-07-11
2024-07-10T23:00:00Z,79.95,2024-07-11T01:00:00+02:00,2024-07-11
2024-07-11T00:00:00Z,77.06,2024-07-11T02:00:00+02:00,2024-07-11
2024-07-11T01:00:00Z,79.6,2024-07-11T03:00:00+02:00,2024-07-11
2024-07-11T02:00:00Z,80.31,2024-07-11T04:00:00+02:00,2024-07-11
2024-07-11T03:00:00Z,81.98,2024-07-11T05:00:00+02:00,2024-07-11
2024-07-11T04:00:00Z,107.71,2024-07-11T06:00:00+02:00,2024-07-11
2024-07-11T05:00:00Z,120.0,2024-07-11T07:00:00+02:00,2024-07-11
2024-07-11T06:00:00Z,106.53,2024-07-11T08:00:00+02:00,2024-07-11
2024-07-11T07:00:00Z,89.11,2024-07-11T09:00:00+02:00,2024-07-11
2024-07-11T08:00:00Z,80.69,2024-07-11T10:00:00+02:00,2024-07-11
2024-07-11T09:00:00Z,66.6,2024-07-11T11:00:00+02:00,2024-07-11
2024-07-11T10:00:00Z,57.44,2024-07-11T12:00:00+02:00,2024-07-11
2024-07-11T11:00:00Z,47.7,2024-07-11T13:00:00+02:00,2024-07-11
2024-07-11T12:00:00Z,44.48,2024-07-11T14:00:00+02:00,2024-07-11
2024-07-11T13:00:00Z,50.1,2024-07-11T15:00:00+02:00,2024-07-11
2024-07-11T14:00:00Z,60.98,2024-07-11T16:00:00+02:00,2024-07-11
2024-07-11T15:00:00Z,81.91,2024-07-11T17:00:00+02:00,2024-07-11
2024-07-11T16:00:00Z,91.58,2024-07-11T18:00:00+02:00,2024-07-11
2024-07-11T17:00:00Z,120.0,2024-07-11T19:00:00+02:00,2024-07-11
2024-07-11T18:00:00Z,184.33,2024-07-11T20:00:00+02:00,2024-07-11
2024-07-11T19:00:00Z,166.74,2024-07-11T21:00:00+02:00,2024-07-11
2024-07-11T20:00:00Z,121.59,2024-07-11T22:00:00+02:00,2024-07-11
2024-07-11T21:00:00Z,98.12,2024-07-11T23:00:00+02:00,2024-07-11
2024-07-11T22:00:00Z,102.42,2024-07-12T00:00:00+02:00,2024-07-12
2024-07-11T23:00:00Z,87.31,2024-07-12T01:00:00+02:00,2024-07-12
2024-07-12T00:00:00Z,82.87,2024-07-12T02:00:00+02:00,2024-07-12
2024-07-12T01:00:00Z,83.03,2024-07-12T03:00:00+02:00,2024-07-12
2024-07-12T02:00:00Z,82.21,2024-07-12T04:00:00+02:00,2024-07-12
2024-07-12T03:00:00Z,84.25,2024-07-12T05:00:00+02:00,2024-07-12
2024-07-12T04:00:00Z,107.94,2024-07-12T06:00:00+02:00,2024-07-12
2024-07-12T05:00:00Z,109.92,2024-07-12T07:00:00+02:00,2024-07-12
2024-07-12T06:00:00Z,109.6,2024-07-12T08:00:00+02:00,2024-07-12
2024-07-12T07:00:00Z,102.4,2024-07-12T09:00:00+02:00,2024-07-12
2024-07-12T08:00:00Z,95.87,2024-07-12T10:00:00+02:00,2024-07-12
2024-07-12T09:00:00Z,89.83,2024-07-12T11:00:00+02:00,2024-07-12
2024-07-12T10:00:00Z,83.25,2024-07-12T12:00:00+02:00,2024-07-12
2024-07-12T11:00:00Z,78.6,2024-07-12T13:00:00+02:00,2024-07-12
2024-07-12T12:00:00Z,78.04,2024-07-12T14:00:00+02:00,2024-07-12
2024-07-12T13:00:00Z,78.19,2024-07-12T15:00:00+02:00,2024-07-12
2024-07-12T14:00:00Z,85.71,2024-07-12T16:00:00+02:00,2024-07-12
2024-07-12T15:00:00Z,85.54,2024-07-12T17:00:00+02:00,2024-07-12
2024-07-12T16:00:00Z,92.26,2024-07-12T18:00:00+02:00,2024-07-12
2024-07-12T17:00:00Z,102.39,2024-07-12T19:00:00+02:00,2024-07-12
2024-07-12T18:00:00Z,93.29,2024-07-12T20:00:00+02:00,2024-07-12
2024-07-12T19:00:00Z,94.61,2024-07-12T21:00:00+02:00,2024-07-12
2024-07-12T20:00:00Z,85.66,2024-07-12T22:00:00+02:00,2024-07-12
2024-07-12T21:00:00Z,79.11,2024-07-12T23:00:00+02:00,2024-07-12
2024-07-12T22:00:00Z,50.65,2024-07-13T00:00:00+02:00,2024-07-13
2024-07-12T23:00:00Z,50.52,2024-07-13T01:00:00+02:00,2024-07-13
2024-07-13T00:00:00Z,36.92,2024-07-13T02:00:00+02:00,2024-07-13
2024-07-13T01:00:00Z,37.67,2024-07-13T03:00:00+02:00,2024-07-13
2024-07-13T02:00:00Z,32.72,2024-07-13T04:00:00+02:00,2024-07-13
2024-07-13T03:00:00Z,31.05,2024-07-13T05:00:00+02:00,2024-07-13
2024-07-13T04:00:00Z,30.66,2024-07-13T06:00:00+02:00,2024-07-13
2024-07-13T05:00:00Z,27.82,2024-07-13T07:00:00+02:00,2024-07-13
2024-07-13T06:00:00Z,26.6,2024-07-13T08:00:00+02:00,2024-07-13
2024-07-13T07:00:00Z,20.97,2024-07-13T09:00:00+02:00,2024-07-13
2024-07-13T08:00:00Z,5.16,2024-07-13T10:00:00+02:00,2024-07-13
2024-07-13T09:00:00Z,0.04,2024-07-13T11:00:00+02:00,2024-07-13
2024-07-13T10:00:00Z,-0.01,2024-07-13T12:00:00+02:00,2024-07-13
2024-07-13T11:00:00Z,-5.0,2024-07-13T13:00:00+02:00,2024-07-13
2024-07-13T12:00:00Z,-14.9,2024-07-13T14:00:00+02:00,2024-07-13
2024-07-13T13:00:00Z,-11.47,2024-07-13T15:00:00+02:00,2024-07-13
2024-07-13T14:00:00Z,-3.48,2024-07-13T16:00:00+02:00,2024-07-13
2024-07-13T15:00:00Z,-0.01,2024-07-13T17:00:00+02:00,2024-07-13
2024-07-13T16:00:00Z,28.77,2024-07-13T18:00:00+02:00,2024-07-13
2024-07-13T17:00:00Z,50.33,2024-07-13T19:00:00+02:00,2024-07-13
2024-07-13T18:00:00Z,75.45,2024-07-13T20:00:00+02:00,2024-07-13
2024-07-13T19:00:00Z,76.26,2024-07-13T21:00:00+02:00,2024-07-13
2024-07-13T20:00:00Z,78.84,2024-07-13T22:00:00+02:00,2024-07-13
2024-07-13T21:00:00Z,63.0,2024-07-13T23:00:00+02:00,2024-07-13
2024-07-13T22:00:00Z,88.95,2024-07-14T00:00:00+02:00,2024-07-14
2024-07-13T23:00:00Z,63.19,2024-07-14T01:00:00+02:00,2024-07-14
2024-07-14T00:00:00Z,55.45,2024-07-14T02:00:00+02:00,2024-07-14
2024-07-14T01:00:00Z,44.3,2024-07-14T03:00:00+02:00,2024-07-14
2024-07-14T02:00:00Z,37.93,2024-07-14T04:00:00+02:00,2024-07-14
2024-07-14T03:00:00Z,36.81,2024-07-14T05:00:00+02:00,2024-07-14
2024-07-14T04:00:00Z,31.96,2024-07-14T06:00:00+02:00,2024-07-14
2024-07-14T05:00:00Z,14.28,2024-07-14T07:00:00+02:00,2024-07-14
2024-07-14T06:00:00Z,0.29,2024-07-14T08:00:00+02:00,2024-07-14
2024-07-14T07:00:00Z,-3.31,2024-07-14T09:00:00+02:00,2024-07-14
2024-07-14T08:00:00Z,-21.13,2024-07-14T10:00:00+02:00,2024-07-14
2024-07-14T09:00:00Z,-40.08,2024-07-14T11:00:00+02:00,2024-07-14
2024-07-14T10:00:00Z,-59.47,2024-07-14T12:00:00+02:00,2024-07-14
2024-07-14T11:00:00Z,-73.96,2024-07-14T13:00:00+02:00,2024-07-14
2024-07-14T12:00:00Z,-73.96,2024-07-14T14:00:00+02:00,2024-07-14
2024-07-14T13:00:00Z,-51.82,2024-07-14T15:00:00+02:00,2024-07-14
2024-07-14T14:00:00Z,-20.03,2024-07-14T16:00:00+02:00,2024-07-14
2024-07-14T15:00:00Z,-0.05,2024-07-14T17:00:00+02:00,2024-07-14
2024-07-14T16:00:00Z,46.54,2024-07-14T18:00:00+02:00,2024-07-14
2024-07-14T17:00:00Z,91.93,2024-07-14T19:00:00+02:00,2024-07-14
2024-07-14T18:00:00Z,115.8,2024-07-14T20:00:00+02:00,2024-07-14
2024-07-14T19:00:00Z,108.68,2024-07-14T21:00:00+02:00,2024-07-14
2024-07-14T20:00:00Z,105.84,2024-07-14T22:00:00+02:00,2024-07-14
2024-07-14T21:00:00Z,87.06,2024-07-14T23:00:00+02:00,2024-07-14
2024-07-14T22:00:00Z,79.35,2024-07-15T00:00:00+02:00,2024-07-15
2024-07-14T23:00:00Z,66.24,2024-07-15T01:00:00+02:00,2024-07-15
2024-07-15T00:00:00Z,58.17,2024-07-15T02:00:00+02:00,2024-07-15
2024-07-15T01:00:00Z,63.03,2024-07-15T03:00:00+02:00,2024-07-15
2024-07-15T02:00:00Z,67.82,2024-07-15T04:00:00+02:00,2024-07-15
2024-07-15T03:00:00Z,80.07,2024-07-15T05:00:00+02:00,2024-07-15
2024-07-15T04:00:00Z,120.0,2024-07-15T06:00:00+02:00,2024-07-15
2024-07-15T05:00:00Z,144.1,2024-07-15T07:00:00+02:00,2024-07-15
2024-07-15T06:00:00Z,89.77,2024-07-15T08:00:00+02:00,2024-07-15
2024-07-15T07:00:00Z,59.29,2024-07-15T09:00:00+02:00,2024-07-15
2024-07-15T08:00:00Z,35.52,2024-07-15T10:00:00+02:00,2024-07-15
2024-07-15T09:00:00Z,11.29,2024-07-15T11:00:00+02:00,2024-07-15
2024-07-15T10:00:00Z,0.07,2024-07-15T12:00:00+02:00,2024-07-15
2024-07-15T11:00:00Z,-0.01,2024-07-15T13:00:00+02:00,2024-07-15
2024-07-15T12:00:00Z,-0.07,2024-07-15T14:00:00+02:00,2024-07-15
2024-07-15T13:00:00Z,3.54,2024-07-15T15:00:00+02:00,2024-07-15
2024-07-15T14:00:00Z,44.29,2024-07-15T16:00:00+02:00,2024-07-15
2024-07-15T15:00:00Z,82.0,2024-07-15T17:00:00+02:00,2024-07-15
2024-07-15T16:00:00Z,114.35,2024-07-15T18:00:00+02:00,2024-07-15
2024-07-15T17:00:00Z,204.19,2024-07-15T19:00:00+02:00,2024-07-15
2024-07-15T18:00:00Z,224.96,2024-07-15T20:00:00+02:00,2024-07-15
2024-07-15T19:00:00Z,143.56,2024-07-15T21:00:00+02:00,2024-07-15
2024-07-15T20:00:00Z,92.48,2024-07-15T22:00:00+02:00,2024-07-15
2024-07-15T21:00:00Z,80.1,2024-07-15T23:00:00+02:00,2024-07-15
2024-07-15T22:00:00Z,76.59,2024-07-16T00:00:00+02:00,2024-07-16
2024-07-15T23:00:00Z,63.77,2024-07-16T01:00:00+02:00,2024-07-16
2024-07-16T00:00:00Z,52.49,2024-07-16T02:00:00+02:00,2024-07-16
2024-07-16T01:00:00Z,36.82,2024-07-16T03:00:00+02:00,2024-07-16
2024-07-16T02:00:00Z,38.16,2024-07-16T04:00:00+02:00,2024-07-16
2024-07-16T03:00:00Z,50.32,2024-07-16T05:00:00+02:00,2024-07-16
2024-07-16T04:00:00Z,80.35,2024-07-16T06:00:00+02:00,2024-07-16
2024-07-16T05:00:00Z,90.95,2024-07-16T07:00:00+02:00,2024-07-16
2024-07-16T06:00:00Z,84.31,2024-07-16T08:00:00+02:00,2024-07-16
2024-07-16T07:00:00Z,62.77,2024-07-16T09:00:00+02:00,2024-07-16
2024-07-16T08:00:00Z,21.49,2024-07-16T10:00:00+02:00,2024-07-16
2024-07-16T09:00:00Z,0.06,2024-07-16T11:00:00+02:00,2024-07-16
2024-07-16T10:00:00Z,-8.03,2024-07-16T12:00:00+02:00,2024-07-16
2024-07-16T11:00:00Z,-11.03,2024-07-16T13:00:00+02:00,2024-07-16
2024-07-16T12:00:00Z,-11.48,2024-07-16T14:00:00+02:00,2024-07-16
2024-07-16T13:00:00Z,-11.14,2024-07-16T15:00:00+02:00,2024-07-16
2024-07-16T14:00:00Z,-2.3,2024-07-16T16:00:00+02:00,2024-07-16
2024-07-16T15:00:00Z,22.12,2024-07-16T17:00:00+02:00,2024-07-16
2024-07-16T16:00:00Z,63.02,2024-07-16T18:00:00+02:00,2024-07-16
2024-07-16T17:00:00Z,81.99,2024-07-16T19:00:00+02:00,2024-07-16
2024-07-16T18:00:00Z,121.6,2024-07-16T20:00:00+02:00,2024-07-16
2024-07-16T19:00:00Z,114.28,2024-07-16T21:00:00+02:00,2024-07-16
2024-07-16T20:00:00Z,105.81,2024-07-16T22:00:00+02:00,2024-07-16
2024-07-16T21:00:00Z,84.31,2024-07-16T23:00:00+02:00,2024-07-16
2024-07-16T22:00:00Z,87.4,2024-07-17T00:00:00+02:00,2024-07-17
2024-07-16T23:00:00Z,72.98,2024-07-17T01:00:00+02:00,2024-07-17
2024-07-17T00:00:00Z,72.82,2024-07-17T02:00:00+02:00,2024-07-17
2024-07-17T01:00:00Z,70.53,2024-07-17T03:00:00+02:00,2024-07-17
2024-07-17T02:00:00Z,71.05,2024-07-17T04:00:00+02:00,2024-07-17
2024-07-17T03:00:00Z,77.44,2024-07-17T05:00:00+02:00,2024-07-17
2024-07-17T04:00:00Z,90.05,2024-07-17T06:00:00+02:00,2024-07-17
2024-07-17T05:00:00Z,99.76,2024-07-17T07:00:00+02:00,2024-07-17
2024-07-17T06:00:00Z,105.7,2024-07-17T08:00:00+02:00,2024-07-17
2024-07-17T07:00:00Z,77.14,2024-07-17T09:00:00+02:00,2024-07-17
2024-07-17T08:00:00Z,58.19,2024-07-17T10:00:00+02:00,2024-07-17
2024-07-17T09:00:00Z,41.75,2024-07-17T11:00:00+02:00,2024-07-17
2024-07-17T10:00:00Z,32.59,2024-07-17T12:00:00+02:00,2024-07-17
2024-07-17T11:00:00Z,21.85,2024-07-17T13:00:00+02:00,2024-07-17
2024-07-17T12:00:00Z,10.8,2024-07-17T14:00:00+02:00,2024-07-17
2024-07-17T13:00:00Z,13.47,2024-07-17T15:00:00+02:00,2024-07-17
2024-07-17T14:00:00Z,38.88,2024-07-17T16:00:00+02:00,2024-07-17
2024-07-17T15:00:00Z,61.68,2024-07-17T17:00:00+02:00,2024-07-17
2024-07-17T16:00:00Z,82.93,2024-07-17T18:00:00+02:00,2024-07-17
2024-07-17T17:00:00Z,106.89,2024-07-17T19:00:00+02:00,2024-07-17
2024-07-17T18:00:00Z,187.95,2024-07-17T20:00:00+02:00,2024-07-17
2024-07-17T19:00:00Z,143.47,2024-07-17T21:00:00+02:00,2024-07-17
2024-07-17T20:00:00Z,114.91,2024-07-17T22:00:00+02:00,2024-07-17
2024-07-17T21:00:00Z,92.81,2024-07-17T23:00:00+02:00,2024-07-17
2024-07-17T22:00:00Z,89.97,2024-07-18T00:00:00+02:00,2024-07-18
2024-07-17T23:00:00Z,80.29,2024-07-18T01:00:00+02:00,2024-07-18
2024-07-18T00:00:00Z,79.05,2024-07-18T02:00:00+02:00,2024-07-18
2024-07-18T01:00:00Z,78.54,2024-07-18T03:00:00+02:00,2024-07-18
2024-07-18T02:00:00Z,79.27,2024-07-18T04:00:00+02:00,2024-07-18
2024-07-18T03:00:00Z,92.1,2024-07-18T05:00:00+02:00,2024-07-18
2024-07-18T04:00:00Z,120.88,2024-07-18T06:00:00+02:00,2024-07-18
2024-07-18T05:00:00Z,107.27,2024-07-18T07:00:00+02:00,2024-07-18
2024-07-18T06:00:00Z,96.74,2024-07-18T08:00:00+02:00,2024-07-18
2024-07-18T07:00:00Z,79.22,2024-07-18T09:00:00+02:00,2024-07-18
2024-07-18T08:00:00Z,63.84,2024-07-18T10:00:00+02:00,2024-07-18
2024-07-18T09:00:00Z,47.13,2024-07-18T11:00:00+02:00,2024-07-18
2024-07-18T10:00:00Z,35.01,2024-07-18T12:00:00+02:00,2024-07-18
2024-07-18T11:00:00Z,33.96,2024-07-18T13:00:00+02:00,2024-07-18
2024-07-18T12:00:00Z,37.01,2024-07-18T14:00:00+02:00,2024-07-18
2024-07-18T13:00:00Z,48.78,2024-07-18T15:00:00+02:00,2024-07-18
2024-07-18T14:00:00Z,67.56,2024-07-18T16:00:00+02:00,2024-07-18
2024-07-18T15:00:00Z,85.48,2024-07-18T17:00:00+02:00,2024-07-18
2024-07-18T16:00:00Z,92.0,2024-07-18T18:00:00+02:00,2024-07-18
2024-07-18T17:00:00Z,130.18,2024-07-18T19:00:00+02:00,2024-07-18
2024-07-18T18:00:00Z,227.6,2024-07-18T20:00:00+02:00,2024-07-18
2024-07-18T19:00:00Z,184.46,2024-07-18T21:00:00+02:00,2024-07-18
2024-07-18T20:00:00Z,119.54,2024-07-18T22:00:00+02:00,2024-07-18
2024-07-18T21:00:00Z,101.92,2024-07-18T23:00:00+02:00,2024-07-18
2024-07-18T22:00:00Z,90.11,2024-07-19T00:00:00+02:00,2024-07-19
2024-07-18T23:00:00Z,80.45,2024-07-19T01:00:00+02:00,2024-07-19
2024-07-19T00:00:00Z,79.91,2024-07-19T02:00:00+02:00,2024-07-19
2024-07-19T01:00:00Z,79.29,2024-07-19T03:00:00+02:00,2024-07-19
2024-07-19T02:00:00Z,83.38,2024-07-19T04:00:00+02:00,2024-07-19
2024-07-19T03:00:00Z,91.38,2024-07-19T05:00:00+02:00,2024-07-19
2024-07-19T04:00:00Z,115.6,2024-07-19T06:00:00+02:00,2024-07-19
2024-07-19T05:00:00Z,110.72,2024-07-19T07:00:00+02:00,2024-07-19
2024-07-19T06:00:00Z,98.4,2024-07-19T08:00:00+02:00,2024-07-19
2024-07-19T07:00:00Z,81.43,2024-07-19T09:00:00+02:00,2024-07-19
2024-07-19T08:00:00Z,70.0,2024-07-19T10:00:00+02:00,2024-07-19
2024-07-19T09:00:00Z,58.75,2024-07-19T11:00:00+02:00,2024-07-19
2024-07-19T10:00:00Z,44.34,2024-07-19T12:00:00+02:00,2024-07-19
2024-07-19T11:00:00Z,36.5,2024-07-19T13:00:00+02:00,2024-07-19
2024-07-19T12:00:00Z,36.2,2024-07-19T14:00:00+02:00,2024-07-19
2024-07-19T13:00:00Z,42.54,2024-07-19T15:00:00+02:00,2024-07-19
2024-07-19T14:00:00Z,63.79,2024-07-19T16:00:00+02:00,2024-07-19
2024-07-19T15:00:00Z,77.34,2024-07-19T17:00:00+02:00,2024-07-19
2024-07-19T16:00:00Z,91.61,2024-07-19T18:00:00+02:00,2024-07-19
2024-07-19T17:00:00Z,121.02,2024-07-19T19:00:00+02:00,2024-07-19
2024-07-19T18:00:00Z,190.46,2024-07-19T20:00:00+02:00,2024-07-19
2024-07-19T19:00:00Z,120.0,2024-07-19T21:00:00+02:00,2024-07-19
2024-07-19T20:00:00Z,106.86,2024-07-19T22:00:00+02:00,2024-07-19
2024-07-19T21:00:00Z,91.55,2024-07-19T23:00:00+02:00,2024-07-19
2024-07-19T22:00:00Z,94.73,2024-07-20T00:00:00+02:00,2024-07-20
2024-07-19T23:00:00Z,89.41,2024-07-20T01:00:00+02:00,2024-07-20
2024-07-20T00:00:00Z,88.25,2024-07-20T02:00:00+02:00,2024-07-20
2024-07-20T01:00:00Z,89.88,2024-07-20T03:00:00+02:00,2024-07-20
2024-07-20T02:00:00Z,94.24,2024-07-20T04:00:00+02:00,2024-07-20
2024-07-20T03:00:00Z,93.8,2024-07-20T05:00:00+02:00,2024-07-20
2024-07-20T04:00:00Z,91.49,2024-07-20T06:00:00+02:00,2024-07-20
2024-07-20T05:00:00Z,85.99,2024-07-20T07:00:00+02:00,2024-07-20
2024-07-20T06:00:00Z,68.2,2024-07-20T08:00:00+02:00,2024-07-20
2024-07-20T07:00:00Z,49.8,2024-07-20T09:00:00+02:00,2024-07-20
2024-07-20T08:00:00Z,5.15,2024-07-20T10:00:00+02:00,2024-07-20
2024-07-20T09:00:00Z,0.0,2024-07-20T11:00:00+02:00,2024-07-20
2024-07-20T10:00:00Z,-4.65,2024-07-20T12:00:00+02:00,2024-07-20
2024-07-20T11:00:00Z,-4.29,2024-07-20T13:00:00+02:00,2024-07-20
2024-07-20T12:00:00Z,-2.88,2024-07-20T14:00:00+02:00,2024-07-20
2024-07-20T13:00:00Z,-2.71,2024-07-20T15:00:00+02:00,2024-07-20
2024-07-20T14:00:00Z,2.42,2024-07-20T16:00:00+02:00,2024-07-20
2024-07-20T15:00:00Z,52.29,2024-07-20T17:00:00+02:00,2024-07-20
2024-07-20T16:00:00Z,85.0,2024-07-20T18:00:00+02:00,2024-07-20
2024-07-20T17:00:00Z,109.56,2024-07-20T19:00:00+02:00,2024-07-20
2024-07-20T18:00:00Z,134.75,2024-07-20T20:00:00+02:00,2024-07-20
2024-07-20T19:00:00Z,108.81,2024-07-20T21:00:00+02:00,2024-07-20
2024-07-20T20:00:00Z,84.1,2024-07-20T22:00:00+02:00,2024-07-20
2024-07-20T21:00:00Z,74.51,2024-07-20T23:00:00+02:00,2024-07-20
2024-07-20T22:00:00Z,63.63,2024-07-21T00:00:00+02:00,2024-07-21
2024-07-20T23:00:00Z,56.3,2024-07-21T01:00:00+02:00,2024-07-21
2024-07-21T00:00:00Z,55.2,2024-07-21T02:00:00+02:00,2024-07-21
2024-07-21T01:00:00Z,60.38,2024-07-21T03:00:00+02:00,2024-07-21
2024-07-21T02:00:00Z,68.61,2024-07-21T04:00:00+02:00,2024-07-21
2024-07-21T03:00:00Z,75.24,2024-07-21T05:00:00+02:00,2024-07-21
2024-07-21T04:00:00Z,81.37,2024-07-21T06:00:00+02:00,2024-07-21
2024-07-21T05:00:00Z,60.31,2024-07-21T07:00:00+02:00,2024-07-21
2024-07-21T06:00:00Z,48.68,2024-07-21T08:00:00+02:00,2024-07-21
2024-07-21T07:00:00Z,10.57,2024-07-21T09:00:00+02:00,2024-07-21
2024-07-21T08:00:00Z,0.07,2024-07-21T10:00:00+02:00,2024-07-21
2024-07-21T09:00:00Z,0.01,2024-07-21T11:00:00+02:00,2024-07-21
2024-07-21T10:00:00Z,0.01,2024-07-21T12:00:00+02:00,2024-07-21
2024-07-21T11:00:00Z,-0.08,2024-07-21T13:00:00+02:00,2024-07-21
2024-07-21T12:00:00Z,-0.21,2024-07-21T14:00:00+02:00,2024-07-21
2024-07-21T13:00:00Z,0.04,2024-07-21T15:00:00+02:00,2024-07-21
2024-07-21T14:00:00Z,0.11,2024-07-21T16:00:00+02:00,2024-07-21
2024-07-21T15:00:00Z,59.81,2024-07-21T17:00:00+02:00,2024-07-21
2024-07-21T16:00:00Z,94.27,2024-07-21T18:00:00+02:00,2024-07-21
2024-07-21T17:00:00Z,108.27,2024-07-21T19:00:00+02:00,2024-07-21
2024-07-21T18:00:00Z,127.68,2024-07-21T20:00:00+02:00,2024-07-21
2024-07-21T19:00:00Z,128.12,2024-07-21T21:00:00+02:00,2024-07-21
2024-07-21T20:00:00Z,111.85,2024-07-21T22:00:00+02:00,2024-07-21
2024-07-21T21:00:00Z,93.7,2024-07-21T23:00:00+02:00,2024-07-21
2024-07-21T22:00:00Z,122.1,2024-07-22T00:00:00+02:00,2024-07-22
2024-07-21T23:00:00Z,96.63,2024-07-22T01:00:00+02:00,2024-07-22
2024-07-22T00:00:00Z,86.88,2024-07-22T02:00:00+02:00,2024-07-22
2024-07-22T01:00:00Z,86.93,2024-07-22T03:00:00+02:00,2024-07-22
2024-07-22T02:00:00Z,86.14,2024-07-22T04:00:00+02:00,2024-07-22
2024-07-22T03:00:00Z,82.26,2024-07-22T05:00:00+02:00,2024-07-22
2024-07-22T04:00:00Z,119.48,2024-07-22T06:00:00+02:00,2024-07-22
2024-07-22T05:00:00Z,131.68,2024-07-22T07:00:00+02:00,2024-07-22
2024-07-22T06:00:00Z,126.05,2024-07-22T08:00:00+02:00,2024-07-22
2024-07-22T07:00:00Z,94.34,2024-07-22T09:00:00+02:00,2024-07-22
2024-07-22T08:00:00Z,75.14,2024-07-22T10:00:00+02:00,2024-07-22
2024-07-22T09:00:00Z,72.88,2024-07-22T11:00:00+02:00,2024-07-22
2024-07-22T10:00:00Z,66.22,2024-07-22T12:00:00+02:00,2024-07-22
2024-07-22T11:00:00Z,43.25,2024-07-22T13:00:00+02:00,2024-07-22
2024-07-22T12:00:00Z,19.41,2024-07-22T14:00:00+02:00,2024-07-22
2024-07-22T13:00:00Z,20.38,2024-07-22T15:00:00+02:00,2024-07-22
2024-07-22T14:00:00Z,48.46,2024-07-22T16:00:00+02:00,2024-07-22
2024-07-22T15:00:00Z,63.69,2024-07-22T17:00:00+02:00,2024-07-22
2024-07-22T16:00:00Z,81.15,2024-07-22T18:00:00+02:00,2024-07-22
2024-07-22T17:00:00Z,99.04,2024-07-22T19:00:00+02:00,2024-07-22
2024-07-22T18:00:00Z,186.24,2024-07-22T20:00:00+02:00,2024-07-22
2024-07-22T19:00:00Z,172.04,2024-07-22T21:00:00+02:00,2024-07-22
2024-07-22T20:00:00Z,111.04,2024-07-22T22:00:00+02:00,2024-07-22
2024-07-22T21:00:00Z,98.0,2024-07-22T23:00:00+02:00,2024-07-22
2024-07-22T22:00:00Z,83.39,2024-07-23T00:00:00+02:00,2024-07-23
2024-07-22T23:00:00Z,75.8,2024-07-23T01:00:00+02:00,2024-07-23
2024-07-23T00:00:00Z,76.7,2024-07-23T02:00:00+02:00,2024-07-23
2024-07-23T01:00:00Z,70.5,2024-07-23T03:00:00+02:00,2024-07-23
2024-07-23T02:00:00Z,73.83,2024-07-23T04:00:00+02:00,2024-07-23
2024-07-23T03:00:00Z,76.61,2024-07-23T05:00:00+02:00,2024-07-23
2024-07-23T04:00:00Z,106.73,2024-07-23T06:00:00+02:00,2024-07-23
2024-07-23T05:00:00Z,120.51,2024-07-23T07:00:00+02:00,2024-07-23
2024-07-23T06:00:00Z,115.21,2024-07-23T08:00:00+02:00,2024-07-23
2024-07-23T07:00:00Z,87.29,2024-07-23T09:00:00+02:00,2024-07-23
2024-07-23T08:00:00Z,68.87,2024-07-23T10:00:00+02:00,2024-07-23
2024-07-23T09:00:00Z,61.37,2024-07-23T11:00:00+02:00,2024-07-23
2024-07-23T10:00:00Z,43.42,2024-07-23T12:00:00+02:00,2024-07-23
2024-07-23T11:00:00Z,38.29,2024-07-23T13:00:00+02:00,2024-07-23
2024-07-23T12:00:00Z,36.01,2024-07-23T14:00:00+02:00,2024-07-23
2024-07-23T13:00:00Z,41.96,2024-07-23T15:00:00+02:00,2024-07-23
2024-07-23T14:00:00Z,64.86,2024-07-23T16:00:00+02:00,2024-07-23
2024-07-23T15:00:00Z,79.53,2024-07-23T17:00:00+02:00,2024-07-23
2024-07-23T16:00:00Z,79.92,2024-07-23T18:00:00+02:00,2024-07-23
2024-07-23T17:00:00Z,96.03,2024-07-23T19:00:00+02:00,2024-07-23
2024-07-23T18:00:00Z,118.52,2024-07-23T20:00:00+02:00,2024-07-23
2024-07-23T19:00:00Z,102.01,2024-07-23T21:00:00+02:00,2024-07-23
2024-07-23T20:00:00Z,99.23,2024-07-23T22:00:00+02:00,2024-07-23
2024-07-23T21:00:00Z,91.58,2024-07-23T23:00:00+02:00,2024-07-23
2024-07-23T22:00:00Z,83.55,2024-07-24T00:00:00+02:00,2024-07-24
2024-07-23T23:00:00Z,78.33,2024-07-24T01:00:00+02:00,2024-07-24
2024-07-24T00:00:00Z,72.56,2024-07-24T02:00:00+02:00,2024-07-24
2024-07-24T01:00:00Z,74.85,2024-07-24T03:00:00+02:00,2024-07-24
2024-07-24T02:00:00Z,74.99,2024-07-24T04:00:00+02:00,2024-07-24
2024-07-24T03:00:00Z,75.77,2024-07-24T05:00:00+02:00,2024-07-24
2024-07-24T04:00:00Z,103.07,2024-07-24T06:00:00+02:00,2024-07-24
2024-07-24T05:00:00Z,128.9,2024-07-24T07:00:00+02:00,2024-07-24
2024-07-24T06:00:00Z,99.19,2024-07-24T08:00:00+02:00,2024-07-24
2024-07-24T07:00:00Z,72.91,2024-07-24T09:00:00+02:00,2024-07-24
2024-07-24T08:00:00Z,54.9,2024-07-24T10:00:00+02:00,2024-07-24
2024-07-24T09:00:00Z,21.19,2024-07-24T11:00:00+02:00,2024-07-24
2024-07-24T10:00:00Z,1.58,2024-07-24T12:00:00+02:00,2024-07-24
2024-07-24T11:00:00Z,-0.15,2024-07-24T13:00:00+02:00,2024-07-24
2024-07-24T12:00:00Z,-2.06,2024-07-24T14:00:00+02:00,2024-07-24
2024-07-24T13:00:00Z,-1.96,2024-07-24T15:00:00+02:00,2024-07-24
2024-07-24T14:00:00Z,2.21,2024-07-24T16:00:00+02:00,2024-07-24
2024-07-24T15:00:00Z,39.27,2024-07-24T17:00:00+02:00,2024-07-24
2024-07-24T16:00:00Z,69.34,2024-07-24T18:00:00+02:00,2024-07-24
2024-07-24T17:00:00Z,95.9,2024-07-24T19:00:00+02:00,2024-07-24
2024-07-24T18:00:00Z,109.93,2024-07-24T20:00:00+02:00,2024-07-24
2024-07-24T19:00:00Z,121.82,2024-07-24T21:00:00+02:00,2024-07-24
2024-07-24T20:00:00Z,109.58,2024-07-24T22:00:00+02:00,2024-07-24
2024-07-24T21:00:00Z,95.03,2024-07-24T23:00:00+02:00,2024-07-24
2024-07-24T22:00:00Z,92.55,2024-07-25T00:00:00+02:00,2024-07-25
2024-07-24T23:00:00Z,87.2,2024-07-25T01:00:00+02:00,2024-07-25
2024-07-25T00:00:00Z,84.9,2024-07-25T02:00:00+02:00,2024-07-25
2024-07-25T01:00:00Z,79.92,2024-07-25T03:00:00+02:00,2024-07-25
2024-07-25T02:00:00Z,76.4,2024-07-25T04:00:00+02:00,2024-07-25
2024-07-25T03:00:00Z,92.53,2024-07-25T05:00:00+02:00,2024-07-25
2024-07-25T04:00:00Z,106.16,2024-07-25T06:00:00+02:00,2024-07-25
2024-07-25T05:00:00Z,116.86,2024-07-25T07:00:00+02:00,2024-07-25
2024-07-25T06:00:00Z,90.98,2024-07-25T08:00:00+02:00,2024-07-25
2024-07-25T07:00:00Z,71.98,2024-07-25T09:00:00+02:00,2024-07-25
2024-07-25T08:00:00Z,55.08,2024-07-25T10:00:00+02:00,2024-07-25
2024-07-25T09:00:00Z,36.95,2024-07-25T11:00:00+02:00,2024-07-25
2024-07-25T10:00:00Z,24.31,2024-07-25T12:00:00+02:00,2024-07-25
2024-07-25T11:00:00Z,17.36,2024-07-25T13:00:00+02:00,2024-07-25
2024-07-25T12:00:00Z,13.27,2024-07-25T14:00:00+02:00,2024-07-25
2024-07-25T13:00:00Z,26.2,2024-07-25T15:00:00+02:00,2024-07-25
2024-07-25T14:00:00Z,53.8,2024-07-25T16:00:00+02:00,2024-07-25
2024-07-25T15:00:00Z,80.0,2024-07-25T17:00:00+02:00,2024-07-25
2024-07-25T16:00:00Z,97.0,2024-07-25T18:00:00+02:00,2024-07-25
2024-07-25T17:00:00Z,126.93,2024-07-25T19:00:00+02:00,2024-07-25
2024-07-25T18:00:00Z,155.72,2024-07-25T20:00:00+02:00,2024-07-25
2024-07-25T19:00:00Z,131.61,2024-07-25T21:00:00+02:00,2024-07-25
2024-07-25T20:00:00Z,100.0,2024-07-25T22:00:00+02:00,2024-07-25
2024-07-25T21:00:00Z,84.95,2024-07-25T23:00:00+02:00,2024-07-25
2024-07-25T22:00:00Z,83.32,2024-07-26T00:00:00+02:00,2024-07-26
2024-07-25T23:00:00Z,73.9,2024-07-26T01:00:00+02:00,2024-07-26
2024-07-26T00:00:00Z,79.1,2024-07-26T02:00:00+02:00,2024-07-26
2024-07-26T01:00:00Z,81.61,2024-07-26T03:00:00+02:00,2024-07-26
2024-07-26T02:00:00Z,81.17,2024-07-26T04:00:00+02:00,2024-07-26
2024-07-26T03:00:00Z,83.21,2024-07-26T05:00:00+02:00,2024-07-26
2024-07-26T04:00:00Z,99.52,2024-07-26T06:00:00+02:00,2024-07-26
2024-07-26T05:00:00Z,116.56,2024-07-26T07:00:00+02:00,2024-07-26
2024-07-26T06:00:00Z,104.1,2024-07-26T08:00:00+02:00,2024-07-26
2024-07-26T07:00:00Z,96.83,2024-07-26T09:00:00+02:00,2024-07-26
2024-07-26T08:00:00Z,90.53,2024-07-26T10:00:00+02:00,2024-07-26
2024-07-26T09:00:00Z,81.35,2024-07-26T11:00:00+02:00,2024-07-26
2024-07-26T10:00:00Z,70.0,2024-07-26T12:00:00+02:00,2024-07-26
2024-07-26T11:00:00Z,63.12,2024-07-26T13:00:00+02:00,2024-07-26
2024-07-26T12:00:00Z,60.19,2024-07-26T14:00:00+02:00,2024-07-26
2024-07-26T13:00:00Z,68.14,2024-07-26T15:00:00+02:00,2024-07-26
2024-07-26T14:00:00Z,72.84,2024-07-26T16:00:00+02:00,2024-07-26
2024-07-26T15:00:00Z,88.52,2024-07-26T17:00:00+02:00,2024-07-26
2024-07-26T16:00:00Z,94.34,2024-07-26T18:00:00+02:00,2024-07-26
2024-07-26T17:00:00Z,107.79,2024-07-26T19:00:00+02:00,2024-07-26
2024-07-26T18:00:00Z,143.25,2024-07-26T20:00:00+02:00,2024-07-26
2024-07-26T19:00:00Z,139.0,2024-07-26T21:00:00+02:00,2024-07-26
2024-07-26T20:00:00Z,106.39,2024-07-26T22:00:00+02:00,2024-07-26
2024-07-26T21:00:00Z,97.91,2024-07-26T23:00:00+02:00,2024-07-26
2024-07-26T22:00:00Z,103.96,2024-07-27T00:00:00+02:00,2024-07-27
2024-07-26T23:00:00Z,103.41,2024-07-27T01:00:00+02:00,2024-07-27
2024-07-27T00:00:00Z,97.39,2024-07-27T02:00:00+02:00,2024-07-27
2024-07-27T01:00:00Z,95.25,2024-07-27T03:00:00+02:00,2024-07-27
2024-07-27T02:00:00Z,92.46,2024-07-27T04:00:00+02:00,2024-07-27
2024-07-27T03:00:00Z,90.51,2024-07-27T05:00:00+02:00,2024-07-27
2024-07-27T04:00:00Z,87.4,2024-07-27T06:00:00+02:00,2024-07-27
2024-07-27T05:00:00Z,82.75,2024-07-27T07:00:00+02:00,2024-07-27
2024-07-27T06:00:00Z,84.69,2024-07-27T08:00:00+02:00,2024-07-27
2024-07-27T07:00:00Z,67.67,2024-07-27T09:00:00+02:00,2024-07-27
2024-07-27T08:00:00Z,60.78,2024-07-27T10:00:00+02:00,2024-07-27
2024-07-27T09:00:00Z,39.9,2024-07-27T11:00:00+02:00,2024-07-27
2024-07-27T10:00:00Z,28.0,2024-07-27T12:00:00+02:00,2024-07-27
2024-07-27T11:00:00Z,17.8,2024-07-27T13:00:00+02:00,2024-07-27
2024-07-27T12:00:00Z,17.92,2024-07-27T14:00:00+02:00,2024-07-27
2024-07-27T13:00:00Z,35.02,2024-07-27T15:00:00+02:00,2024-07-27
2024-07-27T14:00:00Z,67.72,2024-07-27T16:00:00+02:00,2024-07-27
2024-07-27T15:00:00Z,94.73,2024-07-27T17:00:00+02:00,2024-07-27
2024-07-27T16:00:00Z,104.97,2024-07-27T18:00:00+02:00,2024-07-27
2024-07-27T17:00:00Z,116.69,2024-07-27T19:00:00+02:00,2024-07-27
2024-07-27T18:00:00Z,123.1,2024-07-27T20:00:00+02:00,2024-07-27
2024-07-27T19:00:00Z,121.82,2024-07-27T21:00:00+02:00,2024-07-27
2024-07-27T20:00:00Z,108.1,2024-07-27T22:00:00+02:00,2024-07-27
2024-07-27T21:00:00Z,97.94,2024-07-27T23:00:00+02:00,2024-07-27
2024-07-27T22:00:00Z,109.99,2024-07-28T00:00:00+02:00,2024-07-28
2024-07-27T23:00:00Z,95.11,2024-07-28T01:00:00+02:00,2024-07-28
2024-07-28T00:00:00Z,88.21,2024-07-28T02:00:00+02:00,2024-07-28
2024-07-28T01:00:00Z,81.53,2024-07-28T03:00:00+02:00,2024-07-28
2024-07-28T02:00:00Z,78.54,2024-07-28T04:00:00+02:00,2024-07-28
2024-07-28T03:00:00Z,79.26,2024-07-28T05:00:00+02:00,2024-07-28
2024-07-28T04:00:00Z,75.53,2024-07-28T06:00:00+02:00,2024-07-28
2024-07-28T05:00:00Z,72.61,2024-07-28T07:00:00+02:00,2024-07-28
2024-07-28T06:00:00Z,25.49,2024-07-28T08:00:00+02:00,2024-07-28
2024-07-28T07:00:00Z,4.92,2024-07-28T09:00:00+02:00,2024-07-28
2024-07-28T08:00:00Z,0.0,2024-07-28T10:00:00+02:00,2024-07-28
2024-07-28T09:00:00Z,-2.43,2024-07-28T11:00:00+02:00,2024-07-28
2024-07-28T10:00:00Z,-16.63,2024-07-28T12:00:00+02:00,2024-07-28
2024-07-28T11:00:00Z,-39.91,2024-07-28T13:00:00+02:00,2024-07-28
2024-07-28T12:00:00Z,-48.69,2024-07-28T14:00:00+02:00,2024-07-28
2024-07-28T13:00:00Z,-33.53,2024-07-28T15:00:00+02:00,2024-07-28
2024-07-28T14:00:00Z,-13.77,2024-07-28T16:00:00+02:00,2024-07-28
2024-07-28T15:00:00Z,-1.99,2024-07-28T17:00:00+02:00,2024-07-28
2024-07-28T16:00:00Z,40.87,2024-07-28T18:00:00+02:00,2024-07-28
2024-07-28T17:00:00Z,92.48,2024-07-28T19:00:00+02:00,2024-07-28
2024-07-28T18:00:00Z,111.85,2024-07-28T20:00:00+02:00,2024-07-28
2024-07-28T19:00:00Z,115.66,2024-07-28T21:00:00+02:00,2024-07-28
2024-07-28T20:00:00Z,104.95,2024-07-28T22:00:00+02:00,2024-07-28
2024-07-28T21:00:00Z,84.46,2024-07-28T23:00:00+02:00,2024-07-28
2024-07-28T22:00:00Z,79.59,2024-07-29T00:00:00+02:00,2024-07-29
2024-07-28T23:00:00Z,76.03,2024-07-29T01:00:00+02:00,2024-07-29
2024-07-29T00:00:00Z,72.25,2024-07-29T02:00:00+02:00,2024-07-29
2024-07-29T01:00:00Z,76.29,2024-07-29T03:00:00+02:00,2024-07-29
2024-07-29T02:00:00Z,80.0,2024-07-29T04:00:00+02:00,2024-07-29
2024-07-29T03:00:00Z,101.3,2024-07-29T05:00:00+02:00,2024-07-29
2024-07-29T04:00:00Z,135.0,2024-07-29T06:00:00+02:00,2024-07-29
2024-07-29T05:00:00Z,121.66,2024-07-29T07:00:00+02:00,2024-07-29
2024-07-29T06:00:00Z,98.46,2024-07-29T08:00:00+02:00,2024-07-29
2024-07-29T07:00:00Z,63.66,2024-07-29T09:00:00+02:00,2024-07-29
2024-07-29T08:00:00Z,10.58,2024-07-29T10:00:00+02:00,2024-07-29
2024-07-29T09:00:00Z,-0.16,2024-07-29T11:00:00+02:00,2024-07-29
2024-07-29T10:00:00Z,-0.19,2024-07-29T12:00:00+02:00,2024-07-29
2024-07-29T11:00:00Z,-1.7,2024-07-29T13:00:00+02:00,2024-07-29
2024-07-29T12:00:00Z,-0.98,2024-07-29T14:00:00+02:00,2024-07-29
2024-07-29T13:00:00Z,-0.07,2024-07-29T15:00:00+02:00,2024-07-29
2024-07-29T14:00:00Z,13.74,2024-07-29T16:00:00+02:00,2024-07-29
2024-07-29T15:00:00Z,64.48,2024-07-29T17:00:00+02:00,2024-07-29
2024-07-29T16:00:00Z,96.91,2024-07-29T18:00:00+02:00,2024-07-29
2024-07-29T17:00:00Z,123.24,2024-07-29T19:00:00+02:00,2024-07-29
2024-07-29T18:00:00Z,178.07,2024-07-29T20:00:00+02:00,2024-07-29
2024-07-29T19:00:00Z,132.72,2024-07-29T21:00:00+02:00,2024-07-29
2024-07-29T20:00:00Z,107.8,2024-07-29T22:00:00+02:00,2024-07-29
2024-07-29T21:00:00Z,90.2,2024-07-29T23:00:00+02:00,2024-07-29
2024-07-29T22:00:00Z,78.01,2024-07-30T00:00:00+02:00,2024-07-30
2024-07-29T23:00:00Z,75.77,2024-07-30T01:00:00+02:00,2024-07-30
2024-07-30T00:00:00Z,79.27,2024-07-30T02:00:00+02:00,2024-07-30
2024-07-30T01:00:00Z,83.73,2024-07-30T03:00:00+02:00,2024-07-30
2024-07-30T02:00:00Z,88.59,2024-07-30T04:00:00+02:00,2024-07-30
2024-07-30T03:00:00Z,101.85,2024-07-30T05:00:00+02:00,2024-07-30
2024-07-30T04:00:00Z,115.64,2024-07-30T06:00:00+02:00,2024-07-30
2024-07-30T05:00:00Z,113.48,2024-07-30T07:00:00+02:00,2024-07-30
2024-07-30T06:00:00Z,99.65,2024-07-30T08:00:00+02:00,2024-07-30
2024-07-30T07:00:00Z,67.78,2024-07-30T09:00:00+02:00,2024-07-30
2024-07-30T08:00:00Z,37.52,2024-07-30T10:00:00+02:00,2024-07-30
2024-07-30T09:00:00Z,7.84,2024-07-30T11:00:00+02:00,2024-07-30
2024-07-30T10:00:00Z,1.09,2024-07-30T12:00:00+02:00,2024-07-30
2024-07-30T11:00:00Z,-0.04,2024-07-30T13:00:00+02:00,2024-07-30
2024-07-30T12:00:00Z,-0.06,2024-07-30T14:00:00+02:00,2024-07-30
2024-07-30T13:00:00Z,13.25,2024-07-30T15:00:00+02:00,2024-07-30
2024-07-30T14:00:00Z,40.68,2024-07-30T16:00:00+02:00,2024-07-30
2024-07-30T15:00:00Z,78.1,2024-07-30T17:00:00+02:00,2024-07-30
2024-07-30T16:00:00Z,103.4,2024-07-30T18:00:00+02:00,2024-07-30
2024-07-30T17:00:00Z,129.44,2024-07-30T19:00:00+02:00,2024-07-30
2024-07-30T18:00:00Z,177.13,2024-07-30T20:00:00+02:00,2024-07-30
2024-07-30T19:00:00Z,147.67,2024-07-30T21:00:00+02:00,2024-07-30
2024-07-30T20:00:00Z,114.98,2024-07-30T22:00:00+02:00,2024-07-30
2024-07-30T21:00:00Z,99.04,2024-07-30T23:00:00+02:00,2024-07-30
2024-07-30T22:00:00Z,98.85,2024-07-31T00:00:00+02:00,2024-07-31
2024-07-30T23:00:00Z,87.29,2024-07-31T01:00:00+02:00,2024-07-31
2024-07-31T00:00:00Z,85.19,2024-07-31T02:00:00+02:00,2024-07-31
2024-07-31T01:00:00Z,82.9,2024-07-31T03:00:00+02:00,2024-07-31
2024-07-31T02:00:00Z,90.6,2024-07-31T04:00:00+02:00,2024-07-31
2024-07-31T03:00:00Z,102.39,2024-07-31T05:00:00+02:00,2024-07-31
2024-07-31T04:00:00Z,112.51,2024-07-31T06:00:00+02:00,2024-07-31
2024-07-31T05:00:00Z,110.14,2024-07-31T07:00:00+02:00,2024-07-31
2024-07-31T06:00:00Z,95.26,2024-07-31T08:00:00+02:00,2024-07-31
2024-07-31T07:00:00Z,79.02,2024-07-31T09:00:00+02:00,2024-07-31
2024-07-31T08:00:00Z,55.89,2024-07-31T10:00:00+02:00,2024-07-31
2024-07-31T09:00:00Z,33.46,2024-07-31T11:00:00+02:00,2024-07-31
2024-07-31T10:00:00Z,21.75,2024-07-31T12:00:00+02:00,2024-07-31
2024-07-31T11:00:00Z,11.36,2024-07-31T13:00:00+02:00,2024-07-31
2024-07-31T12:00:00Z,17.53,2024-07-31T14:00:00+02:00,2024-07-31
2024-07-31T13:00:00Z,31.74,2024-07-31T15:00:00+02:00,2024-07-31
2024-07-31T14:00:00Z,46.09,2024-07-31T16:00:00+02:00,2024-07-31
2024-07-31T15:00:00Z,75.85,2024-07-31T17:00:00+02:00,2024-07-31
2024-07-31T16:00:00Z,99.16,2024-07-31T18:00:00+02:00,2024-07-31
2024-07-31T17:00:00Z,115.39,2024-07-31T19:00:00+02:00,2024-07-31
2024-07-31T18:00:00Z,136.15,2024-07-31T20:00:00+02:00,2024-07-31
2024-07-31T19:00:00Z,116.19,2024-07-31T21:00:00+02:00,2024-07-31
2024-07-31T20:00:00Z,104.51,2024-07-31T22:00:00+02:00,2024-07-31
2024-07-31T21:00:00Z,96.49,2024-07-31T23:00:00+02:00,2024-07-31
2024-07-31T22:00:00Z,96.45,2024-08-01T00:00:00+02:00,2024-08-01
2024-07-31T23:00:00Z,92.4,2024-08-01T01:00:00+02:00,2024-08-01
2024-08-01T00:00:00Z,86.85,2024-08-01T02:00:00+02:00,2024-08-01
2024-08-01T01:00:00Z,84.11,2024-08-01T03:00:00+02:00,2024-08-01
2024-08-01T02:00:00Z,93.08,2024-08-01T04:00:00+02:00,2024-08-01
2024-08-01T03:00:00Z,112.71,2024-08-01T05:00:00+02:00,2024-08-01
2024-08-01T04:00:00Z,134.39,2024-08-01T06:00:00+02:00,2024-08-01
2024-08-01T05:00:00Z,109.52,2024-08-01T07:00:00+02:00,2024-08-01
2024-08-01T06:00:00Z,105.95,2024-08-01T08:00:00+02:00,2024-08-01
2024-08-01T07:00:00Z,90.1,2024-08-01T09:00:00+02:00,2024-08-01
2024-08-01T08:00:00Z,76.95,2024-08-01T10:00:00+02:00,2024-08-01
2024-08-01T09:00:00Z,67.64,2024-08-01T11:00:00+02:00,2024-08-01
2024-08-01T10:00:00Z,64.03,2024-08-01T12:00:00+02:00,2024-08-01
2024-08-01T11:00:00Z,60.38,2024-08-01T13:00:00+02:00,2024-08-01
2024-08-01T12:00:00Z,62.39,2024-08-01T14:00:00+02:00,2024-08-01
2024-08-01T13:00:00Z,71.22,2024-08-01T15:00:00+02:00,2024-08-01
2024-08-01T14:00:00Z,77.39,2024-08-01T16:00:00+02:00,2024-08-01
2024-08-01T15:00:00Z,95.16,2024-08-01T17:00:00+02:00,2024-08-01
2024-08-01T16:00:00Z,102.83,2024-08-01T18:00:00+02:00,2024-08-01
2024-08-01T17:00:00Z,112.5,2024-08-01T19:00:00+02:00,2024-08-01
2024-08-01T18:00:00Z,138.07,2024-08-01T20:00:00+02:00,2024-08-01
2024-08-01T19:00:00Z,124.03,2024-08-01T21:00:00+02:00,2024-08-01
2024-08-01T20:00:00Z,112.94,2024-08-01T22:00:00+02:00,2024-08-01
2024-08-01T21:00:00Z,105.7,2024-08-01T23:00:00+02:00,2024-08-01
2024-08-01T22:00:00Z,93.93,2024-08-02T00:00:00+02:00,2024-08-02
2024-08-01T23:00:00Z,89.17,2024-08-02T01:00:00+02:00,2024-08-02
2024-08-02T00:00:00Z,88.11,2024-08-02T02:00:00+02:00,2024-08-02
2024-08-02T01:00:00Z,82.97,2024-08-02T03:00:00+02:00,2024-08-02
2024-08-02T02:00:00Z,86.95,2024-08-02T04:00:00+02:00,2024-08-02
2024-08-02T03:00:00Z,96.61,2024-08-02T05:00:00+02:00,2024-08-02
2024-08-02T04:00:00Z,110.75,2024-08-02T06:00:00+02:00,2024-08-02
2024-08-02T05:00:00Z,121.38,2024-08-02T07:00:00+02:00,2024-08-02
2024-08-02T06:00:00Z,113.19,2024-08-02T08:00:00+02:00,2024-08-02
2024-08-02T07:00:00Z,104.42,2024-08-02T09:00:00+02:00,2024-08-02
2024-08-02T08:00:00Z,91.68,2024-08-02T10:00:00+02:00,2024-08-02
2024-08-02T09:00:00Z,77.69,2024-08-02T11:00:00+02:00,2024-08-02
2024-08-02T10:00:00Z,73.58,2024-08-02T12:00:00+02:00,2024-08-02
2024-08-02T11:00:00Z,61.94,2024-08-02T13:00:00+02:00,2024-08-02
2024-08-02T12:00:00Z,53.44,2024-08-02T14:00:00+02:00,2024-08-02
2024-08-02T13:00:00Z,50.58,2024-08-02T15:00:00+02:00,2024-08-02
2024-08-02T14:00:00Z,65.42,2024-08-02T16:00:00+02:00,2024-08-02
2024-08-02T15:00:00Z,77.69,2024-08-02T17:00:00+02:00,2024-08-02
2024-08-02T16:00:00Z,102.22,2024-08-02T18:00:00+02:00,2024-08-02
2024-08-02T17:00:00Z,128.49,2024-08-02T19:00:00+02:00,2024-08-02
2024-08-02T18:00:00Z,146.19,2024-08-02T20:00:00+02:00,2024-08-02
2024-08-02T19:00:00Z,121.66,2024-08-02T21:00:00+02:00,2024-08-02
2024-08-02T20:00:00Z,114.42,2024-08-02T22:00:00+02:00,2024-08-02
2024-08-02T21:00:00Z,99.01,2024-08-02T23:00:00+02:00,2024-08-02
2024-08-02T22:00:00Z,102.65,2024-08-03T00:00:00+02:00,2024-08-03
2024-08-02T23:00:00Z,99.14,2024-08-03T01:00:00+02:00,2024-08-03
2024-08-03T00:00:00Z,93.3,2024-08-03T02:00:00+02:00,2024-08-03
2024-08-03T01:00:00Z,89.1,2024-08-03T03:00:00+02:00,2024-08-03
2024-08-03T02:00:00Z,86.31,2024-08-03T04:00:00+02:00,2024-08-03
2024-08-03T03:00:00Z,94.88,2024-08-03T05:00:00+02:00,2024-08-03
2024-08-03T04:00:00Z,103.74,2024-08-03T06:00:00+02:00,2024-08-03
2024-08-03T05:00:00Z,95.51,2024-08-03T07:00:00+02:00,2024-08-03
2024-08-03T06:00:00Z,84.5,2024-08-03T08:00:00+02:00,2024-08-03
2024-08-03T07:00:00Z,66.06,2024-08-03T09:00:00+02:00,2024-08-03
2024-08-03T08:00:00Z,32.44,2024-08-03T10:00:00+02:00,2024-08-03
2024-08-03T09:00:00Z,20.36,2024-08-03T11:00:00+02:00,2024-08-03
2024-08-03T10:00:00Z,14.66,2024-08-03T12:00:00+02:00,2024-08-03
2024-08-03T11:00:00Z,6.41,2024-08-03T13:00:00+02:00,2024-08-03
2024-08-03T12:00:00Z,4.1,2024-08-03T14:00:00+02:00,2024-08-03
2024-08-03T13:00:00Z,12.38,2024-08-03T15:00:00+02:00,2024-08-03
2024-08-03T14:00:00Z,32.44,2024-08-03T16:00:00+02:00,2024-08-03
2024-08-03T15:00:00Z,73.61,2024-08-03T17:00:00+02:00,2024-08-03
2024-08-03T16:00:00Z,103.55,2024-08-03T18:00:00+02:00,2024-08-03
2024-08-03T17:00:00Z,110.02,2024-08-03T19:00:00+02:00,2024-08-03
2024-08-03T18:00:00Z,124.64,2024-08-03T20:00:00+02:00,2024-08-03
2024-08-03T19:00:00Z,136.64,2024-08-03T21:00:00+02:00,2024-08-03
2024-08-03T20:00:00Z,119.2,2024-08-03T22:00:00+02:00,2024-08-03
2024-08-03T21:00:00Z,101.3,2024-08-03T23:00:00+02:00,2024-08-03
2024-08-03T22:00:00Z,110.21,2024-08-04T00:00:00+02:00,2024-08-04
2024-08-03T23:00:00Z,101.34,2024-08-04T01:00:00+02:00,2024-08-04
2024-08-04T00:00:00Z,96.9,2024-08-04T02:00:00+02:00,2024-08-04
2024-08-04T01:00:00Z,92.68,2024-08-04T03:00:00+02:00,2024-08-04
2024-08-04T02:00:00Z,90.21,2024-08-04T04:00:00+02:00,2024-08-04
2024-08-04T03:00:00Z,83.0,2024-08-04T05:00:00+02:00,2024-08-04
2024-08-04T04:00:00Z,77.7,2024-08-04T06:00:00+02:00,2024-08-04
2024-08-04T05:00:00Z,73.2,2024-08-04T07:00:00+02:00,2024-08-04
2024-08-04T06:00:00Z,63.93,2024-08-04T08:00:00+02:00,2024-08-04
2024-08-04T07:00:00Z,28.11,2024-08-04T09:00:00+02:00,2024-08-04
2024-08-04T08:00:00Z,8.05,2024-08-04T10:00:00+02:00,2024-08-04
2024-08-04T09:00:00Z,2.05,2024-08-04T11:00:00+02:00,2024-08-04
2024-08-04T10:00:00Z,0.06,2024-08-04T12:00:00+02:00,2024-08-04
2024-08-04T11:00:00Z,-0.04,2024-08-04T13:00:00+02:00,2024-08-04
2024-08-04T12:00:00Z,-2.16,2024-08-04T14:00:00+02:00,2024-08-04
2024-08-04T13:00:00Z,-0.01,2024-08-04T15:00:00+02:00,2024-08-04
2024-08-04T14:00:00Z,1.0,2024-08-04T16:00:00+02:00,2024-08-04
2024-08-04T15:00:00Z,22.46,2024-08-04T17:00:00+02:00,2024-08-04
2024-08-04T16:00:00Z,73.17,2024-08-04T18:00:00+02:00,2024-08-04
2024-08-04T17:00:00Z,105.66,2024-08-04T19:00:00+02:00,2024-08-04
2024-08-04T18:00:00Z,119.92,2024-08-04T20:00:00+02:00,2024-08-04
2024-08-04T19:00:00Z,124.99,2024-08-04T21:00:00+02:00,2024-08-04
2024-08-04T20:00:00Z,112.94,2024-08-04T22:00:00+02:00,2024-08-04
2024-08-04T21:00:00Z,104.83,2024-08-04T23:00:00+02:00,2024-08-04
2024-08-04T22:00:00Z,103.08,2024-08-05T00:00:00+02:00,2024-08-05
2024-08-04T23:00:00Z,85.32,2024-08-05T01:00:00+02:00,2024-08-05
2024-08-05T00:00:00Z,82.3,2024-08-05T02:00:00+02:00,2024-08-05
2024-08-05T01:00:00Z,85.35,2024-08-05T03:00:00+02:00,2024-08-05
2024-08-05T02:00:00Z,83.59,2024-08-05T04:00:00+02:00,2024-08-05
2024-08-05T03:00:00Z,97.24,2024-08-05T05:00:00+02:00,2024-08-05
2024-08-05T04:00:00Z,118.98,2024-08-05T06:00:00+02:00,2024-08-05
2024-08-05T05:00:00Z,136.75,2024-08-05T07:00:00+02:00,2024-08-05
2024-08-05T06:00:00Z,113.97,2024-08-05T08:00:00+02:00,2024-08-05
2024-08-05T07:00:00Z,102.83,2024-08-05T09:00:00+02:00,2024-08-05
2024-08-05T08:00:00Z,74.5,2024-08-05T10:00:00+02:00,2024-08-05
2024-08-05T09:00:00Z,64.3,2024-08-05T11:00:00+02:00,2024-08-05
2024-08-05T10:00:00Z,57.12,2024-08-05T12:00:00+02:00,2024-08-05
2024-08-05T11:00:00Z,42.05,2024-08-05T13:00:00+02:00,2024-08-05
2024-08-05T12:00:00Z,36.35,2024-08-05T14:00:00+02:00,2024-08-05
2024-08-05T13:00:00Z,51.43,2024-08-05T15:00:00+02:00,2024-08-05
2024-08-05T14:00:00Z,70.1,2024-08-05T16:00:00+02:00,2024-08-05
2024-08-05T15:00:00Z,85.4,2024-08-05T17:00:00+02:00,2024-08-05
2024-08-05T16:00:00Z,108.97,2024-08-05T18:00:00+02:00,2024-08-05
2024-08-05T17:00:00Z,152.76,2024-08-05T19:00:00+02:00,2024-08-05
2024-08-05T18:00:00Z,250.01,2024-08-05T20:00:00+02:00,2024-08-05
2024-08-05T19:00:00Z,170.93,2024-08-05T21:00:00+02:00,2024-08-05
2024-08-05T20:00:00Z,120.3,2024-08-05T22:00:00+02:00,2024-08-05
2024-08-05T21:00:00Z,102.92,2024-08-05T23:00:00+02:00,2024-08-05
2024-08-05T22:00:00Z,103.09,2024-08-06T00:00:00+02:00,2024-08-06
2024-08-05T23:00:00Z,95.57,2024-08-06T01:00:00+02:00,2024-08-06
2024-08-06T00:00:00Z,89.24,2024-08-06T02:00:00+02:00,2024-08-06
2024-08-06T01:00:00Z,85.24,2024-08-06T03:00:00+02:00,2024-08-06
2024-08-06T02:00:00Z,85.76,2024-08-06T04:00:00+02:00,2024-08-06
2024-08-06T03:00:00Z,95.77,2024-08-06T05:00:00+02:00,2024-08-06
2024-08-06T04:00:00Z,123.86,2024-08-06T06:00:00+02:00,2024-08-06
2024-08-06T05:00:00Z,126.04,2024-08-06T07:00:00+02:00,2024-08-06
2024-08-06T06:00:00Z,85.29,2024-08-06T08:00:00+02:00,2024-08-06
2024-08-06T07:00:00Z,74.51,2024-08-06T09:00:00+02:00,2024-08-06
2024-08-06T08:00:00Z,36.04,2024-08-06T10:00:00+02:00,2024-08-06
2024-08-06T09:00:00Z,21.43,2024-08-06T11:00:00+02:00,2024-08-06
2024-08-06T10:00:00Z,15.86,2024-08-06T12:00:00+02:00,2024-08-06
2024-08-06T11:00:00Z,2.95,2024-08-06T13:00:00+02:00,2024-08-06
2024-08-06T12:00:00Z,4.79,2024-08-06T14:00:00+02:00,2024-08-06
2024-08-06T13:00:00Z,19.44,2024-08-06T15:00:00+02:00,2024-08-06
2024-08-06T14:00:00Z,39.71,2024-08-06T16:00:00+02:00,2024-08-06
2024-08-06T15:00:00Z,82.19,2024-08-06T17:00:00+02:00,2024-08-06
2024-08-06T16:00:00Z,106.29,2024-08-06T18:00:00+02:00,2024-08-06
2024-08-06T17:00:00Z,174.58,2024-08-06T19:00:00+02:00,2024-08-06
2024-08-06T18:00:00Z,230.85,2024-08-06T20:00:00+02:00,2024-08-06
2024-08-06T19:00:00Z,170.45,2024-08-06T21:00:00+02:00,2024-08-06
2024-08-06T20:00:00Z,118.54,2024-08-06T22:00:00+02:00,2024-08-06
2024-08-06T21:00:00Z,100.03,2024-08-06T23:00:00+02:00,2024-08-06
2024-08-06T22:00:00Z,91.39,2024-08-07T00:00:00+02:00,2024-08-07
2024-08-06T23:00:00Z,83.24,2024-08-07T01:00:00+02:00,2024-08-07
2024-08-07T00:00:00Z,79.29,2024-08-07T02:00:00+02:00,2024-08-07
2024-08-07T01:00:00Z,83.24,2024-08-07T03:00:00+02:00,2024-08-07
2024-08-07T02:00:00Z,86.43,2024-08-07T04:00:00+02:00,2024-08-07
2024-08-07T03:00:00Z,104.36,2024-08-07T05:00:00+02:00,2024-08-07
2024-08-07T04:00:00Z,126.07,2024-08-07T06:00:00+02:00,2024-08-07
2024-08-07T05:00:00Z,127.98,2024-08-07T07:00:00+02:00,2024-08-07
2024-08-07T06:00:00Z,109.06,2024-08-07T08:00:00+02:00,2024-08-07
2024-08-07T07:00:00Z,88.91,2024-08-07T09:00:00+02:00,2024-08-07
2024-08-07T08:00:00Z,73.56,2024-08-07T10:00:00+02:00,2024-08-07
2024-08-07T09:00:00Z,62.49,2024-08-07T11:00:00+02:00,2024-08-07
2024-08-07T10:00:00Z,42.14,2024-08-07T12:00:00+02:00,2024-08-07
2024-08-07T11:00:00Z,35.05,2024-08-07T13:00:00+02:00,2024-08-07
2024-08-07T12:00:00Z,51.19,2024-08-07T14:00:00+02:00,2024-08-07
2024-08-07T13:00:00Z,69.28,2024-08-07T15:00:00+02:00,2024-08-07
2024-08-07T14:00:00Z,85.74,2024-08-07T16:00:00+02:00,2024-08-07
2024-08-07T15:00:00Z,105.2,2024-08-07T17:00:00+02:00,2024-08-07
2024-08-07T16:00:00Z,106.41,2024-08-07T18:00:00+02:00,2024-08-07
2024-08-07T17:00:00Z,119.75,2024-08-07T19:00:00+02:00,2024-08-07
2024-08-07T18:00:00Z,149.28,2024-08-07T20:00:00+02:00,2024-08-07
2024-08-07T19:00:00Z,134.25,2024-08-07T21:00:00+02:00,2024-08-07
2024-08-07T20:00:00Z,112.74,2024-08-07T22:00:00+02:00,2024-08-07
2024-08-07T21:00:00Z,102.78,2024-08-07T23:00:00+02:00,2024-08-07
2024-08-07T22:00:00Z,96.43,2024-08-08T00:00:00+02:00,2024-08-08
2024-08-07T23:00:00Z,88.06,2024-08-08T01:00:00+02:00,2024-08-08
2024-08-08T00:00:00Z,87.36,2024-08-08T02:00:00+02:00,2024-08-08
2024-08-08T01:00:00Z,88.06,2024-08-08T03:00:00+02:00,2024-08-08
2024-08-08T02:00:00Z,88.27,2024-08-08T04:00:00+02:00,2024-08-08
2024-08-08T03:00:00Z,96.11,2024-08-08T05:00:00+02:00,2024-08-08
2024-08-08T04:00:00Z,110.93,2024-08-08T06:00:00+02:00,2024-08-08
2024-08-08T05:00:00Z,124.93,2024-08-08T07:00:00+02:00,2024-08-08
2024-08-08T06:00:00Z,114.41,2024-08-08T08:00:00+02:00,2024-08-08
2024-08-08T07:00:00Z,106.84,2024-08-08T09:00:00+02:00,2024-08-08
2024-08-08T08:00:00Z,86.1,2024-08-08T10:00:00+02:00,2024-08-08
2024-08-08T09:00:00Z,71.6,2024-08-08T11:00:00+02:00,2024-08-08
2024-08-08T10:00:00Z,57.09,2024-08-08T12:00:00+02:00,2024-08-08
2024-08-08T11:00:00Z,40.49,2024-08-08T13:00:00+02:00,2024-08-08
2024-08-08T12:00:00Z,32.18,2024-08-08T14:00:00+02:00,2024-08-08
2024-08-08T13:00:00Z,40.24,2024-08-08T15:00:00+02:00,2024-08-08
2024-08-08T14:00:00Z,57.81,2024-08-08T16:00:00+02:00,2024-08-08
2024-08-08T15:00:00Z,80.52,2024-08-08T17:00:00+02:00,2024-08-08
2024-08-08T16:00:00Z,101.92,2024-08-08T18:00:00+02:00,2024-08-08
2024-08-08T17:00:00Z,138.49,2024-08-08T19:00:00+02:00,2024-08-08
2024-08-08T18:00:00Z,197.31,2024-08-08T20:00:00+02:00,2024-08-08
2024-08-08T19:00:00Z,135.0,2024-08-08T21:00:00+02:00,2024-08-08
2024-08-08T20:00:00Z,102.0,2024-08-08T22:00:00+02:00,2024-08-08
2024-08-08T21:00:00Z,93.56,2024-08-08T23:00:00+02:00,2024-08-08
2024-08-08T22:00:00Z,103.71,2024-08-09T00:00:00+02:00,2024-08-09
2024-08-08T23:00:00Z,83.92,2024-08-09T01:00:00+02:00,2024-08-09
2024-08-09T00:00:00Z,67.34,2024-08-09T02:00:00+02:00,2024-08-09
2024-08-09T01:00:00Z,64.3,2024-08-09T03:00:00+02:00,2024-08-09
2024-08-09T02:00:00Z,53.31,2024-08-09T04:00:00+02:00,2024-08-09
2024-08-09T03:00:00Z,64.36,2024-08-09T05:00:00+02:00,2024-08-09
2024-08-09T04:00:00Z,80.0,2024-08-09T06:00:00+02:00,2024-08-09
2024-08-09T05:00:00Z,88.41,2024-08-09T07:00:00+02:00,2024-08-09
2024-08-09T06:00:00Z,59.4,2024-08-09T08:00:00+02:00,2024-08-09
2024-08-09T07:00:00Z,31.31,2024-08-09T09:00:00+02:00,2024-08-09
2024-08-09T08:00:00Z,8.98,2024-08-09T10:00:00+02:00,2024-08-09
2024-08-09T09:00:00Z,0.6,2024-08-09T11:00:00+02:00,2024-08-09
2024-08-09T10:00:00Z,-0.03,2024-08-09T12:00:00+02:00,2024-08-09
2024-08-09T11:00:00Z,-0.16,2024-08-09T13:00:00+02:00,2024-08-09
2024-08-09T12:00:00Z,-0.8,2024-08-09T14:00:00+02:00,2024-08-09
2024-08-09T13:00:00Z,-0.11,2024-08-09T15:00:00+02:00,2024-08-09
2024-08-09T14:00:00Z,-0.01,2024-08-09T16:00:00+02:00,2024-08-09
2024-08-09T15:00:00Z,2.55,2024-08-09T17:00:00+02:00,2024-08-09
2024-08-09T16:00:00Z,41.78,2024-08-09T18:00:00+02:00,2024-08-09
2024-08-09T17:00:00Z,81.04,2024-08-09T19:00:00+02:00,2024-08-09
2024-08-09T18:00:00Z,124.97,2024-08-09T20:00:00+02:00,2024-08-09
2024-08-09T19:00:00Z,118.05,2024-08-09T21:00:00+02:00,2024-08-09
2024-08-09T20:00:00Z,113.46,2024-08-09T22:00:00+02:00,2024-08-09
2024-08-09T21:00:00Z,93.23,2024-08-09T23:00:00+02:00,2024-08-09
2024-08-09T22:00:00Z,85.09,2024-08-10T00:00:00+02:00,2024-08-10
2024-08-09T23:00:00Z,92.13,2024-08-10T01:00:00+02:00,2024-08-10
2024-08-10T00:00:00Z,87.28,2024-08-10T02:00:00+02:00,2024-08-10
2024-08-10T01:00:00Z,84.67,2024-08-10T03:00:00+02:00,2024-08-10
2024-08-10T02:00:00Z,82.93,2024-08-10T04:00:00+02:00,2024-08-10
2024-08-10T03:00:00Z,85.52,2024-08-10T05:00:00+02:00,2024-08-10
2024-08-10T04:00:00Z,88.68,2024-08-10T06:00:00+02:00,2024-08-10
2024-08-10T05:00:00Z,76.01,2024-08-10T07:00:00+02:00,2024-08-10
2024-08-10T06:00:00Z,31.86,2024-08-10T08:00:00+02:00,2024-08-10
2024-08-10T07:00:00Z,0.2,2024-08-10T09:00:00+02:00,2024-08-10
2024-08-10T08:00:00Z,-3.0,2024-08-10T10:00:00+02:00,2024-08-10
2024-08-10T09:00:00Z,-12.2,2024-08-10T11:00:00+02:00,2024-08-10
2024-08-10T10:00:00Z,-22.49,2024-08-10T12:00:00+02:00,2024-08-10
2024-08-10T11:00:00Z,-40.77,2024-08-10T13:00:00+02:00,2024-08-10
2024-08-10T12:00:00Z,-40.09,2024-08-10T14:00:00+02:00,2024-08-10
2024-08-10T13:00:00Z,-29.67,2024-08-10T15:00:00+02:00,2024-08-10
2024-08-10T14:00:00Z,-8.2,2024-08-10T16:00:00+02:00,2024-08-10
2024-08-10T15:00:00Z,0.07,2024-08-10T17:00:00+02:00,2024-08-10
2024-08-10T16:00:00Z,48.84,2024-08-10T18:00:00+02:00,2024-08-10
2024-08-10T17:00:00Z,106.55,2024-08-10T19:00:00+02:00,2024-08-10
2024-08-10T18:00:00Z,125.43,2024-08-10T20:00:00+02:00,2024-08-10
2024-08-10T19:00:00Z,133.0,2024-08-10T21:00:00+02:00,2024-08-10
2024-08-10T20:00:00Z,117.85,2024-08-10T22:00:00+02:00,2024-08-10
2024-08-10T21:00:00Z,106.64,2024-08-10T23:00:00+02:00,2024-08-10
2024-08-10T22:00:00Z,106.71,2024-08-11T00:00:00+02:00,2024-08-11
2024-08-10T23:00:00Z,104.17,2024-08-11T01:00:00+02:00,2024-08-11
2024-08-11T00:00:00Z,99.96,2024-08-11T02:00:00+02:00,2024-08-11
2024-08-11T01:00:00Z,95.14,2024-08-11T03:00:00+02:00,2024-08-11
2024-08-11T02:00:00Z,96.49,2024-08-11T04:00:00+02:00,2024-08-11
2024-08-11T03:00:00Z,114.97,2024-08-11T05:00:00+02:00,2024-08-11
2024-08-11T04:00:00Z,106.44,2024-08-11T06:00:00+02:00,2024-08-11
2024-08-11T05:00:00Z,71.02,2024-08-11T07:00:00+02:00,2024-08-11
2024-08-11T06:00:00Z,27.8,2024-08-11T08:00:00+02:00,2024-08-11
2024-08-11T07:00:00Z,0.0,2024-08-11T09:00:00+02:00,2024-08-11
2024-08-11T08:00:00Z,-5.01,2024-08-11T10:00:00+02:00,2024-08-11
2024-08-11T09:00:00Z,-14.99,2024-08-11T11:00:00+02:00,2024-08-11
2024-08-11T10:00:00Z,-32.04,2024-08-11T12:00:00+02:00,2024-08-11
2024-08-11T11:00:00Z,-59.96,2024-08-11T13:00:00+02:00,2024-08-11
2024-08-11T12:00:00Z,-50.09,2024-08-11T14:00:00+02:00,2024-08-11
2024-08-11T13:00:00Z,-31.42,2024-08-11T15:00:00+02:00,2024-08-11
2024-08-11T14:00:00Z,-4.97,2024-08-11T16:00:00+02:00,2024-08-11
2024-08-11T15:00:00Z,1.46,2024-08-11T17:00:00+02:00,2024-08-11
2024-08-11T16:00:00Z,88.14,2024-08-11T18:00:00+02:00,2024-08-11
2024-08-11T17:00:00Z,128.8,2024-08-11T19:00:00+02:00,2024-08-11
2024-08-11T18:00:00Z,137.18,2024-08-11T20:00:00+02:00,2024-08-11
2024-08-11T19:00:00Z,126.15,2024-08-11T21:00:00+02:00,2024-08-11
2024-08-11T20:00:00Z,109.99,2024-08-11T22:00:00+02:00,2024-08-11
2024-08-11T21:00:00Z,97.28,2024-08-11T23:00:00+02:00,2024-08-11
2024-08-11T22:00:00Z,104.98,2024-08-12T00:00:00+02:00,2024-08-12
2024-08-11T23:00:00Z,94.62,2024-08-12T01:00:00+02:00,2024-08-12
2024-08-12T00:00:00Z,85.3,2024-08-12T02:00:00+02:00,2024-08-12
2024-08-12T01:00:00Z,86.6,2024-08-12T03:00:00+02:00,2024-08-12
2024-08-12T02:00:00Z,88.85,2024-08-12T04:00:00+02:00,2024-08-12
2024-08-12T03:00:00Z,114.54,2024-08-12T05:00:00+02:00,2024-08-12
2024-08-12T04:00:00Z,153.82,2024-08-12T06:00:00+02:00,2024-08-12
2024-08-12T05:00:00Z,153.82,2024-08-12T07:00:00+02:00,2024-08-12
2024-08-12T06:00:00Z,115.25,2024-08-12T08:00:00+02:00,2024-08-12
2024-08-12T07:00:00Z,69.9,2024-08-12T09:00:00+02:00,2024-08-12
2024-08-12T08:00:00Z,40.12,2024-08-12T10:00:00+02:00,2024-08-12
2024-08-12T09:00:00Z,16.04,2024-08-12T11:00:00+02:00,2024-08-12
2024-08-12T10:00:00Z,10.06,2024-08-12T12:00:00+02:00,2024-08-12
2024-08-12T11:00:00Z,6.98,2024-08-12T13:00:00+02:00,2024-08-12
2024-08-12T12:00:00Z,13.8,2024-08-12T14:00:00+02:00,2024-08-12
2024-08-12T13:00:00Z,27.87,2024-08-12T15:00:00+02:00,2024-08-12
2024-08-12T14:00:00Z,48.65,2024-08-12T16:00:00+02:00,2024-08-12
2024-08-12T15:00:00Z,89.29,2024-08-12T17:00:00+02:00,2024-08-12
2024-08-12T16:00:00Z,122.78,2024-08-12T18:00:00+02:00,2024-08-12
2024-08-12T17:00:00Z,206.02,2024-08-12T19:00:00+02:00,2024-08-12
2024-08-12T18:00:00Z,224.84,2024-08-12T20:00:00+02:00,2024-08-12
2024-08-12T19:00:00Z,128.34,2024-08-12T21:00:00+02:00,2024-08-12
2024-08-12T20:00:00Z,106.88,2024-08-12T22:00:00+02:00,2024-08-12
2024-08-12T21:00:00Z,100.05,2024-08-12T23:00:00+02:00,2024-08-12
2024-08-12T22:00:00Z,99.64,2024-08-13T00:00:00+02:00,2024-08-13
2024-08-12T23:00:00Z,87.91,2024-08-13T01:00:00+02:00,2024-08-13
2024-08-13T00:00:00Z,86.6,2024-08-13T02:00:00+02:00,2024-08-13
2024-08-13T01:00:00Z,84.79,2024-08-13T03:00:00+02:00,2024-08-13
2024-08-13T02:00:00Z,84.76,2024-08-13T04:00:00+02:00,2024-08-13
2024-08-13T03:00:00Z,101.37,2024-08-13T05:00:00+02:00,2024-08-13
2024-08-13T04:00:00Z,125.66,2024-08-13T06:00:00+02:00,2024-08-13
2024-08-13T05:00:00Z,133.71,2024-08-13T07:00:00+02:00,2024-08-13
2024-08-13T06:00:00Z,117.89,2024-08-13T08:00:00+02:00,2024-08-13
2024-08-13T07:00:00Z,87.81,2024-08-13T09:00:00+02:00,2024-08-13
2024-08-13T08:00:00Z,66.67,2024-08-13T10:00:00+02:00,2024-08-13
2024-08-13T09:00:00Z,55.94,2024-08-13T11:00:00+02:00,2024-08-13
2024-08-13T10:00:00Z,43.01,2024-08-13T12:00:00+02:00,2024-08-13
2024-08-13T11:00:00Z,40.37,2024-08-13T13:00:00+02:00,2024-08-13
2024-08-13T12:00:00Z,47.96,2024-08-13T14:00:00+02:00,2024-08-13
2024-08-13T13:00:00Z,64.15,2024-08-13T15:00:00+02:00,2024-08-13
2024-08-13T14:00:00Z,86.0,2024-08-13T16:00:00+02:00,2024-08-13
2024-08-13T15:00:00Z,105.0,2024-08-13T17:00:00+02:00,2024-08-13
2024-08-13T16:00:00Z,121.04,2024-08-13T18:00:00+02:00,2024-08-13
2024-08-13T17:00:00Z,202.72,2024-08-13T19:00:00+02:00,2024-08-13
2024-08-13T18:00:00Z,205.35,2024-08-13T20:00:00+02:00,2024-08-13
2024-08-13T19:00:00Z,128.9,2024-08-13T21:00:00+02:00,2024-08-13
2024-08-13T20:00:00Z,111.48,2024-08-13T22:00:00+02:00,2024-08-13
2024-08-13T21:00:00Z,104.99,2024-08-13T23:00:00+02:00,2024-08-13
2024-08-13T22:00:00Z,87.73,2024-08-14T00:00:00+02:00,2024-08-14
2024-08-13T23:00:00Z,90.79,2024-08-14T01:00:00+02:00,2024-08-14
2024-08-14T00:00:00Z,87.73,2024-08-14T02:00:00+02:00,2024-08-14
2024-08-14T01:00:00Z,93.4,2024-08-14T03:00:00+02:00,2024-08-14
2024-08-14T02:00:00Z,93.6,2024-08-14T04:00:00+02:00,2024-08-14
2024-08-14T03:00:00Z,107.1,2024-08-14T05:00:00+02:00,2024-08-14
2024-08-14T04:00:00Z,129.74,2024-08-14T06:00:00+02:00,2024-08-14
2024-08-14T05:00:00Z,136.62,2024-08-14T07:00:00+02:00,2024-08-14
2024-08-14T06:00:00Z,120.96,2024-08-14T08:00:00+02:00,2024-08-14
2024-08-14T07:00:00Z,108.79,2024-08-14T09:00:00+02:00,2024-08-14
2024-08-14T08:00:00Z,83.08,2024-08-14T10:00:00+02:00,2024-08-14
2024-08-14T09:00:00Z,77.24,2024-08-14T11:00:00+02:00,2024-08-14
2024-08-14T10:00:00Z,72.85,2024-08-14T12:00:00+02:00,2024-08-14
2024-08-14T11:00:00Z,75.38,2024-08-14T13:00:00+02:00,2024-08-14
2024-08-14T12:00:00Z,74.71,2024-08-14T14:00:00+02:00,2024-08-14
2024-08-14T13:00:00Z,81.74,2024-08-14T15:00:00+02:00,2024-08-14
2024-08-14T14:00:00Z,94.36,2024-08-14T16:00:00+02:00,2024-08-14
2024-08-14T15:00:00Z,105.59,2024-08-14T17:00:00+02:00,2024-08-14
2024-08-14T16:00:00Z,111.48,2024-08-14T18:00:00+02:00,2024-08-14
2024-08-14T17:00:00Z,161.41,2024-08-14T19:00:00+02:00,2024-08-14
2024-08-14T18:00:00Z,218.92,2024-08-14T20:00:00+02:00,2024-08-14
2024-08-14T19:00:00Z,148.7,2024-08-14T21:00:00+02:00,2024-08-14
2024-08-14T20:00:00Z,120.43,2024-08-14T22:00:00+02:00,2024-08-14
2024-08-14T21:00:00Z,109.95,2024-08-14T23:00:00+02:00,2024-08-14
2024-08-14T22:00:00Z,110.33,2024-08-15T00:00:00+02:00,2024-08-15
2024-08-14T23:00:00Z,109.66,2024-08-15T01:00:00+02:00,2024-08-15
2024-08-15T00:00:00Z,105.3,2024-08-15T02:00:00+02:00,2024-08-15
2024-08-15T01:00:00Z,94.74,2024-08-15T03:00:00+02:00,2024-08-15
2024-08-15T02:00:00Z,96.02,2024-08-15T04:00:00+02:00,2024-08-15
2024-08-15T03:00:00Z,108.91,2024-08-15T05:00:00+02:00,2024-08-15
2024-08-15T04:00:00Z,119.75,2024-08-15T06:00:00+02:00,2024-08-15
2024-08-15T05:00:00Z,120.71,2024-08-15T07:00:00+02:00,2024-08-15
2024-08-15T06:00:00Z,114.97,2024-08-15T08:00:00+02:00,2024-08-15
2024-08-15T07:00:00Z,91.12,2024-08-15T09:00:00+02:00,2024-08-15
2024-08-15T08:00:00Z,59.1,2024-08-15T10:00:00+02:00,2024-08-15
2024-08-15T09:00:00Z,19.94,2024-08-15T11:00:00+02:00,2024-08-15
2024-08-15T10:00:00Z,9.86,2024-08-15T12:00:00+02:00,2024-08-15
2024-08-15T11:00:00Z,0.01,2024-08-15T13:00:00+02:00,2024-08-15
2024-08-15T12:00:00Z,-0.04,2024-08-15T14:00:00+02:00,2024-08-15
2024-08-15T13:00:00Z,4.25,2024-08-15T15:00:00+02:00,2024-08-15
2024-08-15T14:00:00Z,33.41,2024-08-15T16:00:00+02:00,2024-08-15
2024-08-15T15:00:00Z,77.26,2024-08-15T17:00:00+02:00,2024-08-15
2024-08-15T16:00:00Z,119.93,2024-08-15T18:00:00+02:00,2024-08-15
2024-08-15T17:00:00Z,142.51,2024-08-15T19:00:00+02:00,2024-08-15
2024-08-15T18:00:00Z,160.3,2024-08-15T20:00:00+02:00,2024-08-15
2024-08-15T19:00:00Z,140.84,2024-08-15T21:00:00+02:00,2024-08-15
2024-08-15T20:00:00Z,118.87,2024-08-15T22:00:00+02:00,2024-08-15
2024-08-15T21:00:00Z,94.94,2024-08-15T23:00:00+02:00,2024-08-15
2024-08-15T22:00:00Z,108.97,2024-08-16T00:00:00+02:00,2024-08-16
2024-08-15T23:00:00Z,86.78,2024-08-16T01:00:00+02:00,2024-08-16
2024-08-16T00:00:00Z,85.58,2024-08-16T02:00:00+02:00,2024-08-16
2024-08-16T01:00:00Z,85.83,2024-08-16T03:00:00+02:00,2024-08-16
2024-08-16T02:00:00Z,87.76,2024-08-16T04:00:00+02:00,2024-08-16
2024-08-16T03:00:00Z,92.05,2024-08-16T05:00:00+02:00,2024-08-16
2024-08-16T04:00:00Z,128.42,2024-08-16T06:00:00+02:00,2024-08-16
2024-08-16T05:00:00Z,134.91,2024-08-16T07:00:00+02:00,2024-08-16
2024-08-16T06:00:00Z,124.83,2024-08-16T08:00:00+02:00,2024-08-16
2024-08-16T07:00:00Z,100.95,2024-08-16T09:00:00+02:00,2024-08-16
2024-08-16T08:00:00Z,76.15,2024-08-16T10:00:00+02:00,2024-08-16
2024-08-16T09:00:00Z,59.83,2024-08-16T11:00:00+02:00,2024-08-16
2024-08-16T10:00:00Z,50.68,2024-08-16T12:00:00+02:00,2024-08-16
2024-08-16T11:00:00Z,49.93,2024-08-16T13:00:00+02:00,2024-08-16
2024-08-16T12:00:00Z,47.57,2024-08-16T14:00:00+02:00,2024-08-16
2024-08-16T13:00:00Z,55.16,2024-08-16T15:00:00+02:00,2024-08-16
2024-08-16T14:00:00Z,82.67,2024-08-16T16:00:00+02:00,2024-08-16
2024-08-16T15:00:00Z,103.76,2024-08-16T17:00:00+02:00,2024-08-16
2024-08-16T16:00:00Z,134.92,2024-08-16T18:00:00+02:00,2024-08-16
2024-08-16T17:00:00Z,230.52,2024-08-16T19:00:00+02:00,2024-08-16
2024-08-16T18:00:00Z,243.12,2024-08-16T20:00:00+02:00,2024-08-16
2024-08-16T19:00:00Z,171.83,2024-08-16T21:00:00+02:00,2024-08-16
2024-08-16T20:00:00Z,134.54,2024-08-16T22:00:00+02:00,2024-08-16
2024-08-16T21:00:00Z,116.17,2024-08-16T23:00:00+02:00,2024-08-16
2024-08-16T22:00:00Z,107.11,2024-08-17T00:00:00+02:00,2024-08-17
2024-08-16T23:00:00Z,109.26,2024-08-17T01:00:00+02:00,2024-08-17
2024-08-17T00:00:00Z,103.13,2024-08-17T02:00:00+02:00,2024-08-17
2024-08-17T01:00:00Z,101.82,2024-08-17T03:00:00+02:00,2024-08-17
2024-08-17T02:00:00Z,110.59,2024-08-17T04:00:00+02:00,2024-08-17
2024-08-17T03:00:00Z,110.84,2024-08-17T05:00:00+02:00,2024-08-17
2024-08-17T04:00:00Z,106.7,2024-08-17T06:00:00+02:00,2024-08-17
2024-08-17T05:00:00Z,103.97,2024-08-17T07:00:00+02:00,2024-08-17
2024-08-17T06:00:00Z,103.43,2024-08-17T08:00:00+02:00,2024-08-17
2024-08-17T07:00:00Z,84.0,2024-08-17T09:00:00+02:00,2024-08-17
2024-08-17T08:00:00Z,69.49,2024-08-17T10:00:00+02:00,2024-08-17
2024-08-17T09:00:00Z,54.28,2024-08-17T11:00:00+02:00,2024-08-17
2024-08-17T10:00:00Z,46.93,2024-08-17T12:00:00+02:00,2024-08-17
2024-08-17T11:00:00Z,40.71,2024-08-17T13:00:00+02:00,2024-08-17
2024-08-17T12:00:00Z,39.43,2024-08-17T14:00:00+02:00,2024-08-17
2024-08-17T13:00:00Z,39.56,2024-08-17T15:00:00+02:00,2024-08-17
2024-08-17T14:00:00Z,59.09,2024-08-17T16:00:00+02:00,2024-08-17
2024-08-17T15:00:00Z,88.4,2024-08-17T17:00:00+02:00,2024-08-17
2024-08-17T16:00:00Z,119.68,2024-08-17T18:00:00+02:00,2024-08-17
2024-08-17T17:00:00Z,140.56,2024-08-17T19:00:00+02:00,2024-08-17
2024-08-17T18:00:00Z,149.18,2024-08-17T20:00:00+02:00,2024-08-17
2024-08-17T19:00:00Z,126.98,2024-08-17T21:00:00+02:00,2024-08-17
2024-08-17T20:00:00Z,116.7,2024-08-17T22:00:00+02:00,2024-08-17
2024-08-17T21:00:00Z,105.82,2024-08-17T23:00:00+02:00,2024-08-17
2024-08-17T22:00:00Z,111.82,2024-08-18T00:00:00+02:00,2024-08-18
2024-08-17T23:00:00Z,112.8,2024-08-18T01:00:00+02:00,2024-08-18
2024-08-18T00:00:00Z,106.17,2024-08-18T02:00:00+02:00,2024-08-18
2024-08-18T01:00:00Z,106.22,2024-08-18T03:00:00+02:00,2024-08-18
2024-08-18T02:00:00Z,104.75,2024-08-18T04:00:00+02:00,2024-08-18
2024-08-18T03:00:00Z,104.97,2024-08-18T05:00:00+02:00,2024-08-18
2024-08-18T04:00:00Z,99.53,2024-08-18T06:00:00+02:00,2024-08-18
2024-08-18T05:00:00Z,95.2,2024-08-18T07:00:00+02:00,2024-08-18
2024-08-18T06:00:00Z,88.2,2024-08-18T08:00:00+02:00,2024-08-18
2024-08-18T07:00:00Z,82.32,2024-08-18T09:00:00+02:00,2024-08-18
2024-08-18T08:00:00Z,72.12,2024-08-18T10:00:00+02:00,2024-08-18
2024-08-18T09:00:00Z,72.52,2024-08-18T11:00:00+02:00,2024-08-18
2024-08-18T10:00:00Z,66.03,2024-08-18T12:00:00+02:00,2024-08-18
2024-08-18T11:00:00Z,33.64,2024-08-18T13:00:00+02:00,2024-08-18
2024-08-18T12:00:00Z,17.72,2024-08-18T14:00:00+02:00,2024-08-18
2024-08-18T13:00:00Z,51.28,2024-08-18T15:00:00+02:00,2024-08-18
2024-08-18T14:00:00Z,69.86,2024-08-18T16:00:00+02:00,2024-08-18
2024-08-18T15:00:00Z,82.39,2024-08-18T17:00:00+02:00,2024-08-18
2024-08-18T16:00:00Z,93.85,2024-08-18T18:00:00+02:00,2024-08-18
2024-08-18T17:00:00Z,109.93,2024-08-18T19:00:00+02:00,2024-08-18
2024-08-18T18:00:00Z,115.68,2024-08-18T20:00:00+02:00,2024-08-18
2024-08-18T19:00:00Z,109.83,2024-08-18T21:00:00+02:00,2024-08-18
2024-08-18T20:00:00Z,111.4,2024-08-18T22:00:00+02:00,2024-08-18
2024-08-18T21:00:00Z,99.45,2024-08-18T23:00:00+02:00,2024-08-18
2024-08-18T22:00:00Z,97.39,2024-08-19T00:00:00+02:00,2024-08-19
2024-08-18T23:00:00Z,90.1,2024-08-19T01:00:00+02:00,2024-08-19
2024-08-19T00:00:00Z,88.7,2024-08-19T02:00:00+02:00,2024-08-19
2024-08-19T01:00:00Z,84.86,2024-08-19T03:00:00+02:00,2024-08-19
2024-08-19T02:00:00Z,84.5,2024-08-19T04:00:00+02:00,2024-08-19
2024-08-19T03:00:00Z,87.97,2024-08-19T05:00:00+02:00,2024-08-19
2024-08-19T04:00:00Z,129.0,2024-08-19T06:00:00+02:00,2024-08-19
2024-08-19T05:00:00Z,152.33,2024-08-19T07:00:00+02:00,2024-08-19
2024-08-19T06:00:00Z,129.6,2024-08-19T08:00:00+02:00,2024-08-19
2024-08-19T07:00:00Z,112.58,2024-08-19T09:00:00+02:00,2024-08-19
2024-08-19T08:00:00Z,96.9,2024-08-19T10:00:00+02:00,2024-08-19
2024-08-19T09:00:00Z,89.74,2024-08-19T11:00:00+02:00,2024-08-19
2024-08-19T10:00:00Z,84.38,2024-08-19T12:00:00+02:00,2024-08-19
2024-08-19T11:00:00Z,78.87,2024-08-19T13:00:00+02:00,2024-08-19
2024-08-19T12:00:00Z,80.21,2024-08-19T14:00:00+02:00,2024-08-19
2024-08-19T13:00:00Z,79.9,2024-08-19T15:00:00+02:00,2024-08-19
2024-08-19T14:00:00Z,84.05,2024-08-19T16:00:00+02:00,2024-08-19
2024-08-19T15:00:00Z,100.7,2024-08-19T17:00:00+02:00,2024-08-19
2024-08-19T16:00:00Z,113.97,2024-08-19T18:00:00+02:00,2024-08-19
2024-08-19T17:00:00Z,200.0,2024-08-19T19:00:00+02:00,2024-08-19
2024-08-19T18:00:00Z,203.83,2024-08-19T20:00:00+02:00,2024-08-19
2024-08-19T19:00:00Z,140.11,2024-08-19T21:00:00+02:00,2024-08-19
2024-08-19T20:00:00Z,100.82,2024-08-19T22:00:00+02:00,2024-08-19
2024-08-19T21:00:00Z,86.2,2024-08-19T23:00:00+02:00,2024-08-19
2024-08-19T22:00:00Z,93.6,2024-08-20T00:00:00+02:00,2024-08-20
2024-08-19T23:00:00Z,89.55,2024-08-20T01:00:00+02:00,2024-08-20
2024-08-20T00:00:00Z,88.5,2024-08-20T02:00:00+02:00,2024-08-20
2024-08-20T01:00:00Z,89.31,2024-08-20T03:00:00+02:00,2024-08-20
2024-08-20T02:00:00Z,86.19,2024-08-20T04:00:00+02:00,2024-08-20
2024-08-20T03:00:00Z,89.97,2024-08-20T05:00:00+02:00,2024-08-20
2024-08-20T04:00:00Z,123.06,2024-08-20T06:00:00+02:00,2024-08-20
2024-08-20T05:00:00Z,133.23,2024-08-20T07:00:00+02:00,2024-08-20
2024-08-20T06:00:00Z,122.97,2024-08-20T08:00:00+02:00,2024-08-20
2024-08-20T07:00:00Z,103.09,2024-08-20T09:00:00+02:00,2024-08-20
2024-08-20T08:00:00Z,75.01,2024-08-20T10:00:00+02:00,2024-08-20
2024-08-20T09:00:00Z,50.13,2024-08-20T11:00:00+02:00,2024-08-20
2024-08-20T10:00:00Z,37.69,2024-08-20T12:00:00+02:00,2024-08-20
2024-08-20T11:00:00Z,18.22,2024-08-20T13:00:00+02:00,2024-08-20
2024-08-20T12:00:00Z,20.36,2024-08-20T14:00:00+02:00,2024-08-20
2024-08-20T13:00:00Z,48.9,2024-08-20T15:00:00+02:00,2024-08-20
2024-08-20T14:00:00Z,82.15,2024-08-20T16:00:00+02:00,2024-08-20
2024-08-20T15:00:00Z,104.5,2024-08-20T17:00:00+02:00,2024-08-20
2024-08-20T16:00:00Z,118.07,2024-08-20T18:00:00+02:00,2024-08-20
2024-08-20T17:00:00Z,158.81,2024-08-20T19:00:00+02:00,2024-08-20
2024-08-20T18:00:00Z,154.71,2024-08-20T20:00:00+02:00,2024-08-20
2024-08-20T19:00:00Z,120.89,2024-08-20T21:00:00+02:00,2024-08-20
2024-08-20T20:00:00Z,103.82,2024-08-20T22:00:00+02:00,2024-08-20
2024-08-20T21:00:00Z,97.96,2024-08-20T23:00:00+02:00,2024-08-20
2024-08-20T22:00:00Z,87.36,2024-08-21T00:00:00+02:00,2024-08-21
2024-08-20T23:00:00Z,82.0,2024-08-21T01:00:00+02:00,2024-08-21
2024-08-21T00:00:00Z,65.93,2024-08-21T02:00:00+02:00,2024-08-21
2024-08-21T01:00:00Z,56.09,2024-08-21T03:00:00+02:00,2024-08-21
2024-08-21T02:00:00Z,60.42,2024-08-21T04:00:00+02:00,2024-08-21
2024-08-21T03:00:00Z,59.95,2024-08-21T05:00:00+02:00,2024-08-21
2024-08-21T04:00:00Z,81.3,2024-08-21T06:00:00+02:00,2024-08-21
2024-08-21T05:00:00Z,85.92,2024-08-21T07:00:00+02:00,2024-08-21
2024-08-21T06:00:00Z,87.38,2024-08-21T08:00:00+02:00,2024-08-21
2024-08-21T07:00:00Z,53.16,2024-08-21T09:00:00+02:00,2024-08-21
2024-08-21T08:00:00Z,0.16,2024-08-21T10:00:00+02:00,2024-08-21
2024-08-21T09:00:00Z,-4.95,2024-08-21T11:00:00+02:00,2024-08-21
2024-08-21T10:00:00Z,-13.01,2024-08-21T12:00:00+02:00,2024-08-21
2024-08-21T11:00:00Z,-20.32,2024-08-21T13:00:00+02:00,2024-08-21
2024-08-21T12:00:00Z,-21.28,2024-08-21T14:00:00+02:00,2024-08-21
2024-08-21T13:00:00Z,-16.05,2024-08-21T15:00:00+02:00,2024-08-21
2024-08-21T14:00:00Z,-12.64,2024-08-21T16:00:00+02:00,2024-08-21
2024-08-21T15:00:00Z,2.01,2024-08-21T17:00:00+02:00,2024-08-21
2024-08-21T16:00:00Z,67.26,2024-08-21T18:00:00+02:00,2024-08-21
2024-08-21T17:00:00Z,101.89,2024-08-21T19:00:00+02:00,2024-08-21
2024-08-21T18:00:00Z,140.35,2024-08-21T20:00:00+02:00,2024-08-21
2024-08-21T19:00:00Z,130.96,2024-08-21T21:00:00+02:00,2024-08-21
2024-08-21T20:00:00Z,103.42,2024-08-21T22:00:00+02:00,2024-08-21
2024-08-21T21:00:00Z,85.65,2024-08-21T23:00:00+02:00,2024-08-21
2024-08-21T22:00:00Z,78.94,2024-08-22T00:00:00+02:00,2024-08-22
2024-08-21T23:00:00Z,73.04,2024-08-22T01:00:00+02:00,2024-08-22
2024-08-22T00:00:00Z,80.46,2024-08-22T02:00:00+02:00,2024-08-22
2024-08-22T01:00:00Z,80.17,2024-08-22T03:00:00+02:00,2024-08-22
2024-08-22T02:00:00Z,70.23,2024-08-22T04:00:00+02:00,2024-08-22
2024-08-22T03:00:00Z,85.42,2024-08-22T05:00:00+02:00,2024-08-22
2024-08-22T04:00:00Z,99.95,2024-08-22T06:00:00+02:00,2024-08-22
2024-08-22T05:00:00Z,129.46,2024-08-22T07:00:00+02:00,2024-08-22
2024-08-22T06:00:00Z,113.05,2024-08-22T08:00:00+02:00,2024-08-22
2024-08-22T07:00:00Z,73.1,2024-08-22T09:00:00+02:00,2024-08-22
2024-08-22T08:00:00Z,14.8,2024-08-22T10:00:00+02:00,2024-08-22
2024-08-22T09:00:00Z,0.0,2024-08-22T11:00:00+02:00,2024-08-22
2024-08-22T10:00:00Z,-0.38,2024-08-22T12:00:00+02:00,2024-08-22
2024-08-22T11:00:00Z,-2.56,2024-08-22T13:00:00+02:00,2024-08-22
2024-08-22T12:00:00Z,-1.51,2024-08-22T14:00:00+02:00,2024-08-22
2024-08-22T13:00:00Z,-4.35,2024-08-22T15:00:00+02:00,2024-08-22
2024-08-22T14:00:00Z,-0.09,2024-08-22T16:00:00+02:00,2024-08-22
2024-08-22T15:00:00Z,24.89,2024-08-22T17:00:00+02:00,2024-08-22
2024-08-22T16:00:00Z,89.46,2024-08-22T18:00:00+02:00,2024-08-22
2024-08-22T17:00:00Z,112.74,2024-08-22T19:00:00+02:00,2024-08-22
2024-08-22T18:00:00Z,111.5,2024-08-22T20:00:00+02:00,2024-08-22
2024-08-22T19:00:00Z,109.99,2024-08-22T21:00:00+02:00,2024-08-22
2024-08-22T20:00:00Z,95.48,2024-08-22T22:00:00+02:00,2024-08-22
2024-08-22T21:00:00Z,79.22,2024-08-22T23:00:00+02:00,2024-08-22
2024-08-22T22:00:00Z,51.9,2024-08-23T00:00:00+02:00,2024-08-23
2024-08-22T23:00:00Z,45.87,2024-08-23T01:00:00+02:00,2024-08-23
2024-08-23T00:00:00Z,38.51,2024-08-23T02:00:00+02:00,2024-08-23
2024-08-23T01:00:00Z,26.36,2024-08-23T03:00:00+02:00,2024-08-23
2024-08-23T02:00:00Z,26.48,2024-08-23T04:00:00+02:00,2024-08-23
2024-08-23T03:00:00Z,30.59,2024-08-23T05:00:00+02:00,2024-08-23
2024-08-23T04:00:00Z,64.22,2024-08-23T06:00:00+02:00,2024-08-23
2024-08-23T05:00:00Z,60.63,2024-08-23T07:00:00+02:00,2024-08-23
2024-08-23T06:00:00Z,43.64,2024-08-23T08:00:00+02:00,2024-08-23
2024-08-23T07:00:00Z,4.06,2024-08-23T09:00:00+02:00,2024-08-23
2024-08-23T08:00:00Z,-0.01,2024-08-23T10:00:00+02:00,2024-08-23
2024-08-23T09:00:00Z,-3.97,2024-08-23T11:00:00+02:00,2024-08-23
2024-08-23T10:00:00Z,-9.54,2024-08-23T12:00:00+02:00,2024-08-23
2024-08-23T11:00:00Z,-15.32,2024-08-23T13:00:00+02:00,2024-08-23
2024-08-23T12:00:00Z,-16.55,2024-08-23T14:00:00+02:00,2024-08-23
2024-08-23T13:00:00Z,-10.15,2024-08-23T15:00:00+02:00,2024-08-23
2024-08-23T14:00:00Z,-9.18,2024-08-23T16:00:00+02:00,2024-08-23
2024-08-23T15:00:00Z,-0.03,2024-08-23T17:00:00+02:00,2024-08-23
2024-08-23T16:00:00Z,50.2,2024-08-23T18:00:00+02:00,2024-08-23
2024-08-23T17:00:00Z,99.53,2024-08-23T19:00:00+02:00,2024-08-23
2024-08-23T18:00:00Z,118.57,2024-08-23T20:00:00+02:00,2024-08-23
2024-08-23T19:00:00Z,123.15,2024-08-23T21:00:00+02:00,2024-08-23
2024-08-23T20:00:00Z,119.54,2024-08-23T22:00:00+02:00,2024-08-23
2024-08-23T21:00:00Z,100.5,2024-08-23T23:00:00+02:00,2024-08-23
2024-08-23T22:00:00Z,110.45,2024-08-24T00:00:00+02:00,2024-08-24
2024-08-23T23:00:00Z,103.78,2024-08-24T01:00:00+02:00,2024-08-24
2024-08-24T00:00:00Z,100.42,2024-08-24T02:00:00+02:00,2024-08-24
2024-08-24T01:00:00Z,100.28,2024-08-24T03:00:00+02:00,2024-08-24
2024-08-24T02:00:00Z,100.9,2024-08-24T04:00:00+02:00,2024-08-24
2024-08-24T03:00:00Z,105.4,2024-08-24T05:00:00+02:00,2024-08-24
2024-08-24T04:00:00Z,101.02,2024-08-24T06:00:00+02:00,2024-08-24
2024-08-24T05:00:00Z,102.23,2024-08-24T07:00:00+02:00,2024-08-24
2024-08-24T06:00:00Z,76.22,2024-08-24T08:00:00+02:00,2024-08-24
2024-08-24T07:00:00Z,15.0,2024-08-24T09:00:00+02:00,2024-08-24
2024-08-24T08:00:00Z,-0.03,2024-08-24T10:00:00+02:00,2024-08-24
2024-08-24T09:00:00Z,-6.85,2024-08-24T11:00:00+02:00,2024-08-24
2024-08-24T10:00:00Z,-18.68,2024-08-24T12:00:00+02:00,2024-08-24
2024-08-24T11:00:00Z,-40.09,2024-08-24T13:00:00+02:00,2024-08-24
2024-08-24T12:00:00Z,-44.18,2024-08-24T14:00:00+02:00,2024-08-24
2024-08-24T13:00:00Z,-27.64,2024-08-24T15:00:00+02:00,2024-08-24
2024-08-24T14:00:00Z,-8.15,2024-08-24T16:00:00+02:00,2024-08-24
2024-08-24T15:00:00Z,-0.99,2024-08-24T17:00:00+02:00,2024-08-24
2024-08-24T16:00:00Z,71.68,2024-08-24T18:00:00+02:00,2024-08-24
2024-08-24T17:00:00Z,91.52,2024-08-24T19:00:00+02:00,2024-08-24
2024-08-24T18:00:00Z,80.08,2024-08-24T20:00:00+02:00,2024-08-24
2024-08-24T19:00:00Z,68.91,2024-08-24T21:00:00+02:00,2024-08-24
2024-08-24T20:00:00Z,64.14,2024-08-24T22:00:00+02:00,2024-08-24
2024-08-24T21:00:00Z,50.0,2024-08-24T23:00:00+02:00,2024-08-24
2024-08-24T22:00:00Z,0.37,2024-08-25T00:00:00+02:00,2024-08-25
2024-08-24T23:00:00Z,-0.02,2024-08-25T01:00:00+02:00,2024-08-25
2024-08-25T00:00:00Z,-0.34,2024-08-25T02:00:00+02:00,2024-08-25
2024-08-25T01:00:00Z,-1.0,2024-08-25T03:00:00+02:00,2024-08-25
2024-08-25T02:00:00Z,-0.89,2024-08-25T04:00:00+02:00,2024-08-25
2024-08-25T03:00:00Z,-0.42,2024-08-25T05:00:00+02:00,2024-08-25
2024-08-25T04:00:00Z,-0.05,2024-08-25T06:00:00+02:00,2024-08-25
2024-08-25T05:00:00Z,-0.01,2024-08-25T07:00:00+02:00,2024-08-25
2024-08-25T06:00:00Z,-0.01,2024-08-25T08:00:00+02:00,2024-08-25
2024-08-25T07:00:00Z,-1.39,2024-08-25T09:00:00+02:00,2024-08-25
2024-08-25T08:00:00Z,-6.07,2024-08-25T10:00:00+02:00,2024-08-25
2024-08-25T09:00:00Z,-10.1,2024-08-25T11:00:00+02:00,2024-08-25
2024-08-25T10:00:00Z,-15.5,2024-08-25T12:00:00+02:00,2024-08-25
2024-08-25T11:00:00Z,-20.01,2024-08-25T13:00:00+02:00,2024-08-25
2024-08-25T12:00:00Z,-19.83,2024-08-25T14:00:00+02:00,2024-08-25
2024-08-25T13:00:00Z,-10.15,2024-08-25T15:00:00+02:00,2024-08-25
2024-08-25T14:00:00Z,-5.01,2024-08-25T16:00:00+02:00,2024-08-25
2024-08-25T15:00:00Z,1.0,2024-08-25T17:00:00+02:00,2024-08-25
2024-08-25T16:00:00Z,87.04,2024-08-25T18:00:00+02:00,2024-08-25
2024-08-25T17:00:00Z,110.0,2024-08-25T19:00:00+02:00,2024-08-25
2024-08-25T18:00:00Z,119.45,2024-08-25T20:00:00+02:00,2024-08-25
2024-08-25T19:00:00Z,105.49,2024-08-25T21:00:00+02:00,2024-08-25
2024-08-25T20:00:00Z,99.7,2024-08-25T22:00:00+02:00,2024-08-25
2024-08-25T21:00:00Z,92.48,2024-08-25T23:00:00+02:00,2024-08-25
2024-08-25T22:00:00Z,92.75,2024-08-26T00:00:00+02:00,2024-08-26
2024-08-25T23:00:00Z,85.65,2024-08-26T01:00:00+02:00,2024-08-26
2024-08-26T00:00:00Z,80.94,2024-08-26T02:00:00+02:00,2024-08-26
2024-08-26T01:00:00Z,83.36,2024-08-26T03:00:00+02:00,2024-08-26
2024-08-26T02:00:00Z,82.43,2024-08-26T04:00:00+02:00,2024-08-26
2024-08-26T03:00:00Z,83.48,2024-08-26T05:00:00+02:00,2024-08-26
2024-08-26T04:00:00Z,113.11,2024-08-26T06:00:00+02:00,2024-08-26
2024-08-26T05:00:00Z,153.69,2024-08-26T07:00:00+02:00,2024-08-26
2024-08-26T06:00:00Z,130.97,2024-08-26T08:00:00+02:00,2024-08-26
2024-08-26T07:00:00Z,98.93,2024-08-26T09:00:00+02:00,2024-08-26
2024-08-26T08:00:00Z,77.0,2024-08-26T10:00:00+02:00,2024-08-26
2024-08-26T09:00:00Z,65.31,2024-08-26T11:00:00+02:00,2024-08-26
2024-08-26T10:00:00Z,23.07,2024-08-26T12:00:00+02:00,2024-08-26
2024-08-26T11:00:00Z,17.55,2024-08-26T13:00:00+02:00,2024-08-26
2024-08-26T12:00:00Z,42.88,2024-08-26T14:00:00+02:00,2024-08-26
2024-08-26T13:00:00Z,71.05,2024-08-26T15:00:00+02:00,2024-08-26
2024-08-26T14:00:00Z,88.0,2024-08-26T16:00:00+02:00,2024-08-26
2024-08-26T15:00:00Z,99.47,2024-08-26T17:00:00+02:00,2024-08-26
2024-08-26T16:00:00Z,116.82,2024-08-26T18:00:00+02:00,2024-08-26
2024-08-26T17:00:00Z,190.31,2024-08-26T19:00:00+02:00,2024-08-26
2024-08-26T18:00:00Z,231.06,2024-08-26T20:00:00+02:00,2024-08-26
2024-08-26T19:00:00Z,143.82,2024-08-26T21:00:00+02:00,2024-08-26
2024-08-26T20:00:00Z,110.86,2024-08-26T22:00:00+02:00,2024-08-26
2024-08-26T21:00:00Z,107.54,2024-08-26T23:00:00+02:00,2024-08-26
2024-08-26T22:00:00Z,98.41,2024-08-27T00:00:00+02:00,2024-08-27
2024-08-26T23:00:00Z,89.91,2024-08-27T01:00:00+02:00,2024-08-27
2024-08-27T00:00:00Z,86.45,2024-08-27T02:00:00+02:00,2024-08-27
2024-08-27T01:00:00Z,87.3,2024-08-27T03:00:00+02:00,2024-08-27
2024-08-27T02:00:00Z,89.1,2024-08-27T04:00:00+02:00,2024-08-27
2024-08-27T03:00:00Z,100.16,2024-08-27T05:00:00+02:00,2024-08-27
2024-08-27T04:00:00Z,125.76,2024-08-27T06:00:00+02:00,2024-08-27
2024-08-27T05:00:00Z,137.99,2024-08-27T07:00:00+02:00,2024-08-27
2024-08-27T06:00:00Z,116.01,2024-08-27T08:00:00+02:00,2024-08-27
2024-08-27T07:00:00Z,89.94,2024-08-27T09:00:00+02:00,2024-08-27
2024-08-27T08:00:00Z,73.72,2024-08-27T10:00:00+02:00,2024-08-27
2024-08-27T09:00:00Z,29.13,2024-08-27T11:00:00+02:00,2024-08-27
2024-08-27T10:00:00Z,5.07,2024-08-27T12:00:00+02:00,2024-08-27
2024-08-27T11:00:00Z,1.18,2024-08-27T13:00:00+02:00,2024-08-27
2024-08-27T12:00:00Z,2.33,2024-08-27T14:00:00+02:00,2024-08-27
2024-08-27T13:00:00Z,23.45,2024-08-27T15:00:00+02:00,2024-08-27
2024-08-27T14:00:00Z,52.5,2024-08-27T16:00:00+02:00,2024-08-27
2024-08-27T15:00:00Z,88.71,2024-08-27T17:00:00+02:00,2024-08-27
2024-08-27T16:00:00Z,116.06,2024-08-27T18:00:00+02:00,2024-08-27
2024-08-27T17:00:00Z,232.25,2024-08-27T19:00:00+02:00,2024-08-27
2024-08-27T18:00:00Z,217.92,2024-08-27T20:00:00+02:00,2024-08-27
2024-08-27T19:00:00Z,120.52,2024-08-27T21:00:00+02:00,2024-08-27
2024-08-27T20:00:00Z,105.21,2024-08-27T22:00:00+02:00,2024-08-27
2024-08-27T21:00:00Z,92.47,2024-08-27T23:00:00+02:00,2024-08-27
2024-08-27T22:00:00Z,90.47,2024-08-28T00:00:00+02:00,2024-08-28
2024-08-27T23:00:00Z,91.31,2024-08-28T01:00:00+02:00,2024-08-28
2024-08-28T00:00:00Z,87.48,2024-08-28T02:00:00+02:00,2024-08-28
2024-08-28T01:00:00Z,89.2,2024-08-28T03:00:00+02:00,2024-08-28
2024-08-28T02:00:00Z,91.74,2024-08-28T04:00:00+02:00,2024-08-28
2024-08-28T03:00:00Z,92.35,2024-08-28T05:00:00+02:00,2024-08-28
2024-08-28T04:00:00Z,114.99,2024-08-28T06:00:00+02:00,2024-08-28
2024-08-28T05:00:00Z,128.57,2024-08-28T07:00:00+02:00,2024-08-28
2024-08-28T06:00:00Z,121.0,2024-08-28T08:00:00+02:00,2024-08-28
2024-08-28T07:00:00Z,105.4,2024-08-28T09:00:00+02:00,2024-08-28
2024-08-28T08:00:00Z,87.56,2024-08-28T10:00:00+02:00,2024-08-28
2024-08-28T09:00:00Z,68.78,2024-08-28T11:00:00+02:00,2024-08-28
2024-08-28T10:00:00Z,35.14,2024-08-28T12:00:00+02:00,2024-08-28
2024-08-28T11:00:00Z,10.4,2024-08-28T13:00:00+02:00,2024-08-28
2024-08-28T12:00:00Z,8.17,2024-08-28T14:00:00+02:00,2024-08-28
2024-08-28T13:00:00Z,54.84,2024-08-28T15:00:00+02:00,2024-08-28
2024-08-28T14:00:00Z,78.56,2024-08-28T16:00:00+02:00,2024-08-28
2024-08-28T15:00:00Z,92.37,2024-08-28T17:00:00+02:00,2024-08-28
2024-08-28T16:00:00Z,111.57,2024-08-28T18:00:00+02:00,2024-08-28
2024-08-28T17:00:00Z,201.91,2024-08-28T19:00:00+02:00,2024-08-28
2024-08-28T18:00:00Z,204.03,2024-08-28T20:00:00+02:00,2024-08-28
2024-08-28T19:00:00Z,124.84,2024-08-28T21:00:00+02:00,2024-08-28
2024-08-28T20:00:00Z,111.76,2024-08-28T22:00:00+02:00,2024-08-28
2024-08-28T21:00:00Z,99.7,2024-08-28T23:00:00+02:00,2024-08-28
2024-08-28T22:00:00Z,93.53,2024-08-29T00:00:00+02:00,2024-08-29
2024-08-28T23:00:00Z,93.98,2024-08-29T01:00:00+02:00,2024-08-29
2024-08-29T00:00:00Z,89.81,2024-08-29T02:00:00+02:00,2024-08-29
2024-08-29T01:00:00Z,88.68,2024-08-29T03:00:00+02:00,2024-08-29
2024-08-29T02:00:00Z,89.37,2024-08-29T04:00:00+02:00,2024-08-29
2024-08-29T03:00:00Z,101.23,2024-08-29T05:00:00+02:00,2024-08-29
2024-08-29T04:00:00Z,125.46,2024-08-29T06:00:00+02:00,2024-08-29
2024-08-29T05:00:00Z,134.47,2024-08-29T07:00:00+02:00,2024-08-29
2024-08-29T06:00:00Z,126.24,2024-08-29T08:00:00+02:00,2024-08-29
2024-08-29T07:00:00Z,108.71,2024-08-29T09:00:00+02:00,2024-08-29
2024-08-29T08:00:00Z,92.19,2024-08-29T10:00:00+02:00,2024-08-29
2024-08-29T09:00:00Z,84.4,2024-08-29T11:00:00+02:00,2024-08-29
2024-08-29T10:00:00Z,65.78,2024-08-29T12:00:00+02:00,2024-08-29
2024-08-29T11:00:00Z,45.25,2024-08-29T13:00:00+02:00,2024-08-29
2024-08-29T12:00:00Z,51.32,2024-08-29T14:00:00+02:00,2024-08-29
2024-08-29T13:00:00Z,79.45,2024-08-29T15:00:00+02:00,2024-08-29
2024-08-29T14:00:00Z,90.15,2024-08-29T16:00:00+02:00,2024-08-29
2024-08-29T15:00:00Z,105.38,2024-08-29T17:00:00+02:00,2024-08-29
2024-08-29T16:00:00Z,123.51,2024-08-29T18:00:00+02:00,2024-08-29
2024-08-29T17:00:00Z,227.49,2024-08-29T19:00:00+02:00,2024-08-29
2024-08-29T18:00:00Z,289.27,2024-08-29T20:00:00+02:00,2024-08-29
2024-08-29T19:00:00Z,169.09,2024-08-29T21:00:00+02:00,2024-08-29
2024-08-29T20:00:00Z,125.0,2024-08-29T22:00:00+02:00,2024-08-29
2024-08-29T21:00:00Z,110.1,2024-08-29T23:00:00+02:00,2024-08-29
2024-08-29T22:00:00Z,109.88,2024-08-30T00:00:00+02:00,2024-08-30
2024-08-29T23:00:00Z,100.3,2024-08-30T01:00:00+02:00,2024-08-30
2024-08-30T00:00:00Z,93.53,2024-08-30T02:00:00+02:00,2024-08-30
2024-08-30T01:00:00Z,93.28,2024-08-30T03:00:00+02:00,2024-08-30
2024-08-30T02:00:00Z,97.62,2024-08-30T04:00:00+02:00,2024-08-30
2024-08-30T03:00:00Z,107.37,2024-08-30T05:00:00+02:00,2024-08-30
2024-08-30T04:00:00Z,136.83,2024-08-30T06:00:00+02:00,2024-08-30
2024-08-30T05:00:00Z,151.06,2024-08-30T07:00:00+02:00,2024-08-30
2024-08-30T06:00:00Z,133.55,2024-08-30T08:00:00+02:00,2024-08-30
2024-08-30T07:00:00Z,113.7,2024-08-30T09:00:00+02:00,2024-08-30
2024-08-30T08:00:00Z,98.24,2024-08-30T10:00:00+02:00,2024-08-30
2024-08-30T09:00:00Z,89.95,2024-08-30T11:00:00+02:00,2024-08-30
2024-08-30T10:00:00Z,86.13,2024-08-30T12:00:00+02:00,2024-08-30
2024-08-30T11:00:00Z,80.2,2024-08-30T13:00:00+02:00,2024-08-30
2024-08-30T12:00:00Z,79.08,2024-08-30T14:00:00+02:00,2024-08-30
2024-08-30T13:00:00Z,81.98,2024-08-30T15:00:00+02:00,2024-08-30
2024-08-30T14:00:00Z,86.35,2024-08-30T16:00:00+02:00,2024-08-30
2024-08-30T15:00:00Z,101.96,2024-08-30T17:00:00+02:00,2024-08-30
2024-08-30T16:00:00Z,119.99,2024-08-30T18:00:00+02:00,2024-08-30
2024-08-30T17:00:00Z,156.11,2024-08-30T19:00:00+02:00,2024-08-30
2024-08-30T18:00:00Z,137.29,2024-08-30T20:00:00+02:00,2024-08-30
2024-08-30T19:00:00Z,112.71,2024-08-30T21:00:00+02:00,2024-08-30
2024-08-30T20:00:00Z,96.83,2024-08-30T22:00:00+02:00,2024-08-30
2024-08-30T21:00:00Z,95.36,2024-08-30T23:00:00+02:00,2024-08-30
2024-08-30T22:00:00Z,107.67,2024-08-31T00:00:00+02:00,2024-08-31
2024-08-30T23:00:00Z,105.44,2024-08-31T01:00:00+02:00,2024-08-31
2024-08-31T00:00:00Z,102.06,2024-08-31T02:00:00+02:00,2024-08-31
2024-08-31T01:00:00Z,99.04,2024-08-31T03:00:00+02:00,2024-08-31
2024-08-31T02:00:00Z,96.65,2024-08-31T04:00:00+02:00,2024-08-31
2024-08-31T03:00:00Z,98.07,2024-08-31T05:00:00+02:00,2024-08-31
2024-08-31T04:00:00Z,109.97,2024-08-31T06:00:00+02:00,2024-08-31
2024-08-31T05:00:00Z,110.75,2024-08-31T07:00:00+02:00,2024-08-31
2024-08-31T06:00:00Z,109.97,2024-08-31T08:00:00+02:00,2024-08-31
2024-08-31T07:00:00Z,84.92,2024-08-31T09:00:00+02:00,2024-08-31
2024-08-31T08:00:00Z,60.13,2024-08-31T10:00:00+02:00,2024-08-31
2024-08-31T09:00:00Z,18.34,2024-08-31T11:00:00+02:00,2024-08-31
2024-08-31T10:00:00Z,0.47,2024-08-31T12:00:00+02:00,2024-08-31
2024-08-31T11:00:00Z,-0.59,2024-08-31T13:00:00+02:00,2024-08-31
2024-08-31T12:00:00Z,-0.8,2024-08-31T14:00:00+02:00,2024-08-31
2024-08-31T13:00:00Z,2.55,2024-08-31T15:00:00+02:00,2024-08-31
2024-08-31T14:00:00Z,23.71,2024-08-31T16:00:00+02:00,2024-08-31
2024-08-31T15:00:00Z,80.02,2024-08-31T17:00:00+02:00,2024-08-31
2024-08-31T16:00:00Z,117.3,2024-08-31T18:00:00+02:00,2024-08-31
2024-08-31T17:00:00Z,148.29,2024-08-31T19:00:00+02:00,2024-08-31
2024-08-31T18:00:00Z,126.78,2024-08-31T20:00:00+02:00,2024-08-31
2024-08-31T19:00:00Z,107.29,2024-08-31T21:00:00+02:00,2024-08-31
2024-08-31T20:00:00Z,99.85,2024-08-31T22:00:00+02:00,2024-08-31
2024-08-31T21:00:00Z,89.23,2024-08-31T23:00:00+02:00,2024-08-31
2024-08-31T22:00:00Z,93.76,2024-09-01T00:00:00+02:00,2024-09-01
2024-08-31T23:00:00Z,85.98,2024-09-01T01:00:00+02:00,2024-09-01
2024-09-01T00:00:00Z,80.37,2024-09-01T02:00:00+02:00,2024-09-01
2024-09-01T01:00:00Z,80.14,2024-09-01T03:00:00+02:00,2024-09-01
2024-09-01T02:00:00Z,81.2,2024-09-01T04:00:00+02:00,2024-09-01
2024-09-01T03:00:00Z,80.16,2024-09-01T05:00:00+02:00,2024-09-01
2024-09-01T04:00:00Z,79.49,2024-09-01T06:00:00+02:00,2024-09-01
2024-09-01T05:00:00Z,73.1,2024-09-01T07:00:00+02:00,2024-09-01
2024-09-01T06:00:00Z,60.63,2024-09-01T08:00:00+02:00,2024-09-01
2024-09-01T07:00:00Z,41.27,2024-09-01T09:00:00+02:00,2024-09-01
2024-09-01T08:00:00Z,12.73,2024-09-01T10:00:00+02:00,2024-09-01
2024-09-01T09:00:00Z,-0.79,2024-09-01T11:00:00+02:00,2024-09-01
2024-09-01T10:00:00Z,-9.17,2024-09-01T12:00:00+02:00,2024-09-01
2024-09-01T11:00:00Z,-24.0,2024-09-01T13:00:00+02:00,2024-09-01
2024-09-01T12:00:00Z,-19.94,2024-09-01T14:00:00+02:00,2024-09-01
2024-09-01T13:00:00Z,-4.99,2024-09-01T15:00:00+02:00,2024-09-01
2024-09-01T14:00:00Z,25.56,2024-09-01T16:00:00+02:00,2024-09-01
2024-09-01T15:00:00Z,78.28,2024-09-01T17:00:00+02:00,2024-09-01
2024-09-01T16:00:00Z,109.11,2024-09-01T18:00:00+02:00,2024-09-01
2024-09-01T17:00:00Z,131.6,2024-09-01T19:00:00+02:00,2024-09-01
2024-09-01T18:00:00Z,123.91,2024-09-01T20:00:00+02:00,2024-09-01
2024-09-01T19:00:00Z,107.63,2024-09-01T21:00:00+02:00,2024-09-01
2024-09-01T20:00:00Z,102.02,2024-09-01T22:00:00+02:00,2024-09-01
2024-09-01T21:00:00Z,91.5,2024-09-01T23:00:00+02:00,2024-09-01
2024-09-01T22:00:00Z,91.24,2024-09-02T00:00:00+02:00,2024-09-02
2024-09-01T23:00:00Z,94.77,2024-09-02T01:00:00+02:00,2024-09-02
2024-09-02T00:00:00Z,92.39,2024-09-02T02:00:00+02:00,2024-09-02
2024-09-02T01:00:00Z,92.51,2024-09-02T03:00:00+02:00,2024-09-02
2024-09-02T02:00:00Z,91.59,2024-09-02T04:00:00+02:00,2024-09-02
2024-09-02T03:00:00Z,101.52,2024-09-02T05:00:00+02:00,2024-09-02
2024-09-02T04:00:00Z,114.73,2024-09-02T06:00:00+02:00,2024-09-02
2024-09-02T05:00:00Z,134.95,2024-09-02T07:00:00+02:00,2024-09-02
2024-09-02T06:00:00Z,131.94,2024-09-02T08:00:00+02:00,2024-09-02
2024-09-02T07:00:00Z,122.64,2024-09-02T09:00:00+02:00,2024-09-02
2024-09-02T08:00:00Z,102.83,2024-09-02T10:00:00+02:00,2024-09-02
2024-09-02T09:00:00Z,90.82,2024-09-02T11:00:00+02:00,2024-09-02
2024-09-02T10:00:00Z,85.05,2024-09-02T12:00:00+02:00,2024-09-02
2024-09-02T11:00:00Z,81.19,2024-09-02T13:00:00+02:00,2024-09-02
2024-09-02T12:00:00Z,83.63,2024-09-02T14:00:00+02:00,2024-09-02
2024-09-02T13:00:00Z,88.24,2024-09-02T15:00:00+02:00,2024-09-02
2024-09-02T14:00:00Z,93.63,2024-09-02T16:00:00+02:00,2024-09-02
2024-09-02T15:00:00Z,112.88,2024-09-02T17:00:00+02:00,2024-09-02
2024-09-02T16:00:00Z,137.78,2024-09-02T18:00:00+02:00,2024-09-02
2024-09-02T17:00:00Z,255.4,2024-09-02T19:00:00+02:00,2024-09-02
2024-09-02T18:00:00Z,212.06,2024-09-02T20:00:00+02:00,2024-09-02
2024-09-02T19:00:00Z,131.9,2024-09-02T21:00:00+02:00,2024-09-02
2024-09-02T20:00:00Z,114.24,2024-09-02T22:00:00+02:00,2024-09-02
2024-09-02T21:00:00Z,103.84,2024-09-02T23:00:00+02:00,2024-09-02
2024-09-02T22:00:00Z,99.6,2024-09-03T00:00:00+02:00,2024-09-03
2024-09-02T23:00:00Z,93.1,2024-09-03T01:00:00+02:00,2024-09-03
2024-09-03T00:00:00Z,91.56,2024-09-03T02:00:00+02:00,2024-09-03
2024-09-03T01:00:00Z,93.27,2024-09-03T03:00:00+02:00,2024-09-03
2024-09-03T02:00:00Z,96.24,2024-09-03T04:00:00+02:00,2024-09-03
2024-09-03T03:00:00Z,102.68,2024-09-03T05:00:00+02:00,2024-09-03
2024-09-03T04:00:00Z,137.21,2024-09-03T06:00:00+02:00,2024-09-03
2024-09-03T05:00:00Z,151.06,2024-09-03T07:00:00+02:00,2024-09-03
2024-09-03T06:00:00Z,133.95,2024-09-03T08:00:00+02:00,2024-09-03
2024-09-03T07:00:00Z,115.98,2024-09-03T09:00:00+02:00,2024-09-03
2024-09-03T08:00:00Z,98.88,2024-09-03T10:00:00+02:00,2024-09-03
2024-09-03T09:00:00Z,90.02,2024-09-03T11:00:00+02:00,2024-09-03
2024-09-03T10:00:00Z,84.8,2024-09-03T12:00:00+02:00,2024-09-03
2024-09-03T11:00:00Z,82.69,2024-09-03T13:00:00+02:00,2024-09-03
2024-09-03T12:00:00Z,84.13,2024-09-03T14:00:00+02:00,2024-09-03
2024-09-03T13:00:00Z,86.67,2024-09-03T15:00:00+02:00,2024-09-03
2024-09-03T14:00:00Z,91.21,2024-09-03T16:00:00+02:00,2024-09-03
2024-09-03T15:00:00Z,123.93,2024-09-03T17:00:00+02:00,2024-09-03
2024-09-03T16:00:00Z,300.01,2024-09-03T18:00:00+02:00,2024-09-03
2024-09-03T17:00:00Z,656.37,2024-09-03T19:00:00+02:00,2024-09-03
2024-09-03T18:00:00Z,520.32,2024-09-03T20:00:00+02:00,2024-09-03
2024-09-03T19:00:00Z,216.97,2024-09-03T21:00:00+02:00,2024-09-03
2024-09-03T20:00:00Z,133.2,2024-09-03T22:00:00+02:00,2024-09-03
2024-09-03T21:00:00Z,117.56,2024-09-03T23:00:00+02:00,2024-09-03
2024-09-03T22:00:00Z,108.17,2024-09-04T00:00:00+02:00,2024-09-04
2024-09-03T23:00:00Z,101.02,2024-09-04T01:00:00+02:00,2024-09-04
2024-09-04T00:00:00Z,99.03,2024-09-04T02:00:00+02:00,2024-09-04
2024-09-04T01:00:00Z,99.98,2024-09-04T03:00:00+02:00,2024-09-04
2024-09-04T02:00:00Z,99.06,2024-09-04T04:00:00+02:00,2024-09-04
2024-09-04T03:00:00Z,109.37,2024-09-04T05:00:00+02:00,2024-09-04
2024-09-04T04:00:00Z,144.02,2024-09-04T06:00:00+02:00,2024-09-04
2024-09-04T05:00:00Z,181.16,2024-09-04T07:00:00+02:00,2024-09-04
2024-09-04T06:00:00Z,155.89,2024-09-04T08:00:00+02:00,2024-09-04
2024-09-04T07:00:00Z,125.29,2024-09-04T09:00:00+02:00,2024-09-04
2024-09-04T08:00:00Z,107.21,2024-09-04T10:00:00+02:00,2024-09-04
2024-09-04T09:00:00Z,96.06,2024-09-04T11:00:00+02:00,2024-09-04
2024-09-04T10:00:00Z,92.0,2024-09-04T12:00:00+02:00,2024-09-04
2024-09-04T11:00:00Z,90.49,2024-09-04T13:00:00+02:00,2024-09-04
2024-09-04T12:00:00Z,89.2,2024-09-04T14:00:00+02:00,2024-09-04
2024-09-04T13:00:00Z,92.72,2024-09-04T15:00:00+02:00,2024-09-04
2024-09-04T14:00:00Z,101.85,2024-09-04T16:00:00+02:00,2024-09-04
2024-09-04T15:00:00Z,123.97,2024-09-04T17:00:00+02:00,2024-09-04
2024-09-04T16:00:00Z,155.7,2024-09-04T18:00:00+02:00,2024-09-04
2024-09-04T17:00:00Z,320.07,2024-09-04T19:00:00+02:00,2024-09-04
2024-09-04T18:00:00Z,189.23,2024-09-04T20:00:00+02:00,2024-09-04
2024-09-04T19:00:00Z,130.42,2024-09-04T21:00:00+02:00,2024-09-04
2024-09-04T20:00:00Z,108.59,2024-09-04T22:00:00+02:00,2024-09-04
2024-09-04T21:00:00Z,99.58,2024-09-04T23:00:00+02:00,2024-09-04
2024-09-04T22:00:00Z,101.27,2024-09-05T00:00:00+02:00,2024-09-05
2024-09-04T23:00:00Z,94.6,2024-09-05T01:00:00+02:00,2024-09-05
2024-09-05T00:00:00Z,90.0,2024-09-05T02:00:00+02:00,2024-09-05
2024-09-05T01:00:00Z,87.11,2024-09-05T03:00:00+02:00,2024-09-05
2024-09-05T02:00:00Z,80.92,2024-09-05T04:00:00+02:00,2024-09-05
2024-09-05T03:00:00Z,84.7,2024-09-05T05:00:00+02:00,2024-09-05
2024-09-05T04:00:00Z,109.05,2024-09-05T06:00:00+02:00,2024-09-05
2024-09-05T05:00:00Z,113.6,2024-09-05T07:00:00+02:00,2024-09-05
2024-09-05T06:00:00Z,119.04,2024-09-05T08:00:00+02:00,2024-09-05
2024-09-05T07:00:00Z,97.68,2024-09-05T09:00:00+02:00,2024-09-05
2024-09-05T08:00:00Z,71.04,2024-09-05T10:00:00+02:00,2024-09-05
2024-09-05T09:00:00Z,0.11,2024-09-05T11:00:00+02:00,2024-09-05
2024-09-05T10:00:00Z,-3.05,2024-09-05T12:00:00+02:00,2024-09-05
2024-09-05T11:00:00Z,-11.7,2024-09-05T13:00:00+02:00,2024-09-05
2024-09-05T12:00:00Z,-19.68,2024-09-05T14:00:00+02:00,2024-09-05
2024-09-05T13:00:00Z,-7.02,2024-09-05T15:00:00+02:00,2024-09-05
2024-09-05T14:00:00Z,-0.01,2024-09-05T16:00:00+02:00,2024-09-05
2024-09-05T15:00:00Z,36.13,2024-09-05T17:00:00+02:00,2024-09-05
2024-09-05T16:00:00Z,84.95,2024-09-05T18:00:00+02:00,2024-09-05
2024-09-05T17:00:00Z,99.74,2024-09-05T19:00:00+02:00,2024-09-05
2024-09-05T18:00:00Z,92.93,2024-09-05T20:00:00+02:00,2024-09-05
2024-09-05T19:00:00Z,80.1,2024-09-05T21:00:00+02:00,2024-09-05
2024-09-05T20:00:00Z,80.03,2024-09-05T22:00:00+02:00,2024-09-05
2024-09-05T21:00:00Z,64.61,2024-09-05T23:00:00+02:00,2024-09-05
2024-09-05T22:00:00Z,64.79,2024-09-06T00:00:00+02:00,2024-09-06
2024-09-05T23:00:00Z,61.0,2024-09-06T01:00:00+02:00,2024-09-06
2024-09-06T00:00:00Z,51.22,2024-09-06T02:00:00+02:00,2024-09-06
2024-09-06T01:00:00Z,48.58,2024-09-06T03:00:00+02:00,2024-09-06
2024-09-06T02:00:00Z,57.75,2024-09-06T04:00:00+02:00,2024-09-06
2024-09-06T03:00:00Z,69.86,2024-09-06T05:00:00+02:00,2024-09-06
2024-09-06T04:00:00Z,93.29,2024-09-06T06:00:00+02:00,2024-09-06
2024-09-06T05:00:00Z,119.48,2024-09-06T07:00:00+02:00,2024-09-06
2024-09-06T06:00:00Z,120.37,2024-09-06T08:00:00+02:00,2024-09-06
2024-09-06T07:00:00Z,100.09,2024-09-06T09:00:00+02:00,2024-09-06
2024-09-06T08:00:00Z,80.0,2024-09-06T10:00:00+02:00,2024-09-06
2024-09-06T09:00:00Z,59.51,2024-09-06T11:00:00+02:00,2024-09-06
2024-09-06T10:00:00Z,31.54,2024-09-06T12:00:00+02:00,2024-09-06
2024-09-06T11:00:00Z,12.48,2024-09-06T13:00:00+02:00,2024-09-06
2024-09-06T12:00:00Z,14.53,2024-09-06T14:00:00+02:00,2024-09-06
2024-09-06T13:00:00Z,30.06,2024-09-06T15:00:00+02:00,2024-09-06
2024-09-06T14:00:00Z,71.18,2024-09-06T16:00:00+02:00,2024-09-06
2024-09-06T15:00:00Z,87.56,2024-09-06T17:00:00+02:00,2024-09-06
2024-09-06T16:00:00Z,100.27,2024-09-06T18:00:00+02:00,2024-09-06
2024-09-06T17:00:00Z,129.0,2024-09-06T19:00:00+02:00,2024-09-06
2024-09-06T18:00:00Z,136.49,2024-09-06T20:00:00+02:00,2024-09-06
2024-09-06T19:00:00Z,99.76,2024-09-06T21:00:00+02:00,2024-09-06
2024-09-06T20:00:00Z,95.36,2024-09-06T22:00:00+02:00,2024-09-06
2024-09-06T21:00:00Z,92.88,2024-09-06T23:00:00+02:00,2024-09-06
2024-09-06T22:00:00Z,102.47,2024-09-07T00:00:00+02:00,2024-09-07
2024-09-06T23:00:00Z,96.9,2024-09-07T01:00:00+02:00,2024-09-07
2024-09-07T00:00:00Z,96.3,2024-09-07T02:00:00+02:00,2024-09-07
2024-09-07T01:00:00Z,95.31,2024-09-07T03:00:00+02:00,2024-09-07
2024-09-07T02:00:00Z,98.29,2024-09-07T04:00:00+02:00,2024-09-07
2024-09-07T03:00:00Z,101.02,2024-09-07T05:00:00+02:00,2024-09-07
2024-09-07T04:00:00Z,103.88,2024-09-07T06:00:00+02:00,2024-09-07
2024-09-07T05:00:00Z,104.71,2024-09-07T07:00:00+02:00,2024-09-07
2024-09-07T06:00:00Z,95.44,2024-09-07T08:00:00+02:00,2024-09-07
2024-09-07T07:00:00Z,84.19,2024-09-07T09:00:00+02:00,2024-09-07
2024-09-07T08:00:00Z,51.52,2024-09-07T10:00:00+02:00,2024-09-07
2024-09-07T09:00:00Z,14.17,2024-09-07T11:00:00+02:00,2024-09-07
2024-09-07T10:00:00Z,5.48,2024-09-07T12:00:00+02:00,2024-09-07
2024-09-07T11:00:00Z,1.02,2024-09-07T13:00:00+02:00,2024-09-07
2024-09-07T12:00:00Z,0.44,2024-09-07T14:00:00+02:00,2024-09-07
2024-09-07T13:00:00Z,8.41,2024-09-07T15:00:00+02:00,2024-09-07
2024-09-07T14:00:00Z,49.62,2024-09-07T16:00:00+02:00,2024-09-07
2024-09-07T15:00:00Z,101.4,2024-09-07T17:00:00+02:00,2024-09-07
2024-09-07T16:00:00Z,128.57,2024-09-07T18:00:00+02:00,2024-09-07
2024-09-07T17:00:00Z,150.4,2024-09-07T19:00:00+02:00,2024-09-07
2024-09-07T18:00:00Z,133.0,2024-09-07T20:00:00+02:00,2024-09-07
2024-09-07T19:00:00Z,101.9,2024-09-07T21:00:00+02:00,2024-09-07
2024-09-07T20:00:00Z,92.32,2024-09-07T22:00:00+02:00,2024-09-07
2024-09-07T21:00:00Z,89.24,2024-09-07T23:00:00+02:00,2024-09-07
2024-09-07T22:00:00Z,93.91,2024-09-08T00:00:00+02:00,2024-09-08
2024-09-07T23:00:00Z,86.46,2024-09-08T01:00:00+02:00,2024-09-08
2024-09-08T00:00:00Z,83.68,2024-09-08T02:00:00+02:00,2024-09-08
2024-09-08T01:00:00Z,82.0,2024-09-08T03:00:00+02:00,2024-09-08
2024-09-08T02:00:00Z,82.39,2024-09-08T04:00:00+02:00,2024-09-08
2024-09-08T03:00:00Z,85.1,2024-09-08T05:00:00+02:00,2024-09-08
2024-09-08T04:00:00Z,83.36,2024-09-08T06:00:00+02:00,2024-09-08
2024-09-08T05:00:00Z,82.07,2024-09-08T07:00:00+02:00,2024-09-08
2024-09-08T06:00:00Z,76.73,2024-09-08T08:00:00+02:00,2024-09-08
2024-09-08T07:00:00Z,40.58,2024-09-08T09:00:00+02:00,2024-09-08
2024-09-08T08:00:00Z,8.29,2024-09-08T10:00:00+02:00,2024-09-08
2024-09-08T09:00:00Z,0.44,2024-09-08T11:00:00+02:00,2024-09-08
2024-09-08T10:00:00Z,0.04,2024-09-08T12:00:00+02:00,2024-09-08
2024-09-08T11:00:00Z,0.01,2024-09-08T13:00:00+02:00,2024-09-08
2024-09-08T12:00:00Z,1.16,2024-09-08T14:00:00+02:00,2024-09-08
2024-09-08T13:00:00Z,3.17,2024-09-08T15:00:00+02:00,2024-09-08
2024-09-08T14:00:00Z,58.62,2024-09-08T16:00:00+02:00,2024-09-08
2024-09-08T15:00:00Z,95.99,2024-09-08T17:00:00+02:00,2024-09-08
2024-09-08T16:00:00Z,119.55,2024-09-08T18:00:00+02:00,2024-09-08
2024-09-08T17:00:00Z,124.15,2024-09-08T19:00:00+02:00,2024-09-08
2024-09-08T18:00:00Z,128.12,2024-09-08T20:00:00+02:00,2024-09-08
2024-09-08T19:00:00Z,117.2,2024-09-08T21:00:00+02:00,2024-09-08
2024-09-08T20:00:00Z,105.8,2024-09-08T22:00:00+02:00,2024-09-08
2024-09-08T21:00:00Z,97.13,2024-09-08T23:00:00+02:00,2024-09-08
2024-09-08T22:00:00Z,86.41,2024-09-09T00:00:00+02:00,2024-09-09
2024-09-08T23:00:00Z,85.76,2024-09-09T01:00:00+02:00,2024-09-09
2024-09-09T00:00:00Z,84.1,2024-09-09T02:00:00+02:00,2024-09-09
2024-09-09T01:00:00Z,82.03,2024-09-09T03:00:00+02:00,2024-09-09
2024-09-09T02:00:00Z,85.11,2024-09-09T04:00:00+02:00,2024-09-09
2024-09-09T03:00:00Z,85.79,2024-09-09T05:00:00+02:00,2024-09-09
2024-09-09T04:00:00Z,118.47,2024-09-09T06:00:00+02:00,2024-09-09
2024-09-09T05:00:00Z,140.62,2024-09-09T07:00:00+02:00,2024-09-09
2024-09-09T06:00:00Z,159.57,2024-09-09T08:00:00+02:00,2024-09-09
2024-09-09T07:00:00Z,129.68,2024-09-09T09:00:00+02:00,2024-09-09
2024-09-09T08:00:00Z,110.87,2024-09-09T10:00:00+02:00,2024-09-09
2024-09-09T09:00:00Z,100.74,2024-09-09T11:00:00+02:00,2024-09-09
2024-09-09T10:00:00Z,94.98,2024-09-09T12:00:00+02:00,2024-09-09
2024-09-09T11:00:00Z,89.17,2024-09-09T13:00:00+02:00,2024-09-09
2024-09-09T12:00:00Z,82.06,2024-09-09T14:00:00+02:00,2024-09-09
2024-09-09T13:00:00Z,83.98,2024-09-09T15:00:00+02:00,2024-09-09
2024-09-09T14:00:00Z,78.68,2024-09-09T16:00:00+02:00,2024-09-09
2024-09-09T15:00:00Z,92.8,2024-09-09T17:00:00+02:00,2024-09-09
2024-09-09T16:00:00Z,113.15,2024-09-09T18:00:00+02:00,2024-09-09
2024-09-09T17:00:00Z,114.56,2024-09-09T19:00:00+02:00,2024-09-09
2024-09-09T18:00:00Z,111.53,2024-09-09T20:00:00+02:00,2024-09-09
2024-09-09T19:00:00Z,96.02,2024-09-09T21:00:00+02:00,2024-09-09
2024-09-09T20:00:00Z,87.94,2024-09-09T22:00:00+02:00,2024-09-09
2024-09-09T21:00:00Z,79.52,2024-09-09T23:00:00+02:00,2024-09-09
2024-09-09T22:00:00Z,67.34,2024-09-10T00:00:00+02:00,2024-09-10
2024-09-09T23:00:00Z,59.79,2024-09-10T01:00:00+02:00,2024-09-10
2024-09-10T00:00:00Z,61.47,2024-09-10T02:00:00+02:00,2024-09-10
2024-09-10T01:00:00Z,61.36,2024-09-10T03:00:00+02:00,2024-09-10
2024-09-10T02:00:00Z,67.3,2024-09-10T04:00:00+02:00,2024-09-10
2024-09-10T03:00:00Z,80.92,2024-09-10T05:00:00+02:00,2024-09-10
2024-09-10T04:00:00Z,103.12,2024-09-10T06:00:00+02:00,2024-09-10
2024-09-10T05:00:00Z,129.9,2024-09-10T07:00:00+02:00,2024-09-10
2024-09-10T06:00:00Z,114.94,2024-09-10T08:00:00+02:00,2024-09-10
2024-09-10T07:00:00Z,100.0,2024-09-10T09:00:00+02:00,2024-09-10
2024-09-10T08:00:00Z,59.92,2024-09-10T10:00:00+02:00,2024-09-10
2024-09-10T09:00:00Z,9.52,2024-09-10T11:00:00+02:00,2024-09-10
2024-09-10T10:00:00Z,0.04,2024-09-10T12:00:00+02:00,2024-09-10
2024-09-10T11:00:00Z,-0.07,2024-09-10T13:00:00+02:00,2024-09-10
2024-09-10T12:00:00Z,-0.16,2024-09-10T14:00:00+02:00,2024-09-10
2024-09-10T13:00:00Z,-0.04,2024-09-10T15:00:00+02:00,2024-09-10
2024-09-10T14:00:00Z,0.22,2024-09-10T16:00:00+02:00,2024-09-10
2024-09-10T15:00:00Z,21.77,2024-09-10T17:00:00+02:00,2024-09-10
2024-09-10T16:00:00Z,80.4,2024-09-10T18:00:00+02:00,2024-09-10
2024-09-10T17:00:00Z,92.91,2024-09-10T19:00:00+02:00,2024-09-10
2024-09-10T18:00:00Z,83.25,2024-09-10T20:00:00+02:00,2024-09-10
2024-09-10T19:00:00Z,82.02,2024-09-10T21:00:00+02:00,2024-09-10
2024-09-10T20:00:00Z,76.63,2024-09-10T22:00:00+02:00,2024-09-10
2024-09-10T21:00:00Z,64.38,2024-09-10T23:00:00+02:00,2024-09-10
2024-09-10T22:00:00Z,40.0,2024-09-11T00:00:00+02:00,2024-09-11
2024-09-10T23:00:00Z,39.91,2024-09-11T01:00:00+02:00,2024-09-11
2024-09-11T00:00:00Z,32.99,2024-09-11T02:00:00+02:00,2024-09-11
2024-09-11T01:00:00Z,33.73,2024-09-11T03:00:00+02:00,2024-09-11
2024-09-11T02:00:00Z,38.93,2024-09-11T04:00:00+02:00,2024-09-11
2024-09-11T03:00:00Z,61.56,2024-09-11T05:00:00+02:00,2024-09-11
2024-09-11T04:00:00Z,86.79,2024-09-11T06:00:00+02:00,2024-09-11
2024-09-11T05:00:00Z,97.55,2024-09-11T07:00:00+02:00,2024-09-11
2024-09-11T06:00:00Z,110.72,2024-09-11T08:00:00+02:00,2024-09-11
2024-09-11T07:00:00Z,97.6,2024-09-11T09:00:00+02:00,2024-09-11
2024-09-11T08:00:00Z,76.81,2024-09-11T10:00:00+02:00,2024-09-11
2024-09-11T09:00:00Z,67.51,2024-09-11T11:00:00+02:00,2024-09-11
2024-09-11T10:00:00Z,62.45,2024-09-11T12:00:00+02:00,2024-09-11
2024-09-11T11:00:00Z,63.85,2024-09-11T13:00:00+02:00,2024-09-11
2024-09-11T12:00:00Z,69.0,2024-09-11T14:00:00+02:00,2024-09-11
2024-09-11T13:00:00Z,69.05,2024-09-11T15:00:00+02:00,2024-09-11
2024-09-11T14:00:00Z,76.75,2024-09-11T16:00:00+02:00,2024-09-11
2024-09-11T15:00:00Z,101.39,2024-09-11T17:00:00+02:00,2024-09-11
2024-09-11T16:00:00Z,115.14,2024-09-11T18:00:00+02:00,2024-09-11
2024-09-11T17:00:00Z,142.86,2024-09-11T19:00:00+02:00,2024-09-11
2024-09-11T18:00:00Z,138.36,2024-09-11T20:00:00+02:00,2024-09-11
2024-09-11T19:00:00Z,115.14,2024-09-11T21:00:00+02:00,2024-09-11
2024-09-11T20:00:00Z,102.97,2024-09-11T22:00:00+02:00,2024-09-11
2024-09-11T21:00:00Z,101.49,2024-09-11T23:00:00+02:00,2024-09-11
2024-09-11T22:00:00Z,90.06,2024-09-12T00:00:00+02:00,2024-09-12
2024-09-11T23:00:00Z,84.1,2024-09-12T01:00:00+02:00,2024-09-12
2024-09-12T00:00:00Z,83.93,2024-09-12T02:00:00+02:00,2024-09-12
2024-09-12T01:00:00Z,83.45,2024-09-12T03:00:00+02:00,2024-09-12
2024-09-12T02:00:00Z,85.02,2024-09-12T04:00:00+02:00,2024-09-12
2024-09-12T03:00:00Z,86.92,2024-09-12T05:00:00+02:00,2024-09-12
2024-09-12T04:00:00Z,107.96,2024-09-12T06:00:00+02:00,2024-09-12
2024-09-12T05:00:00Z,134.94,2024-09-12T07:00:00+02:00,2024-09-12
2024-09-12T06:00:00Z,135.94,2024-09-12T08:00:00+02:00,2024-09-12
2024-09-12T07:00:00Z,103.36,2024-09-12T09:00:00+02:00,2024-09-12
2024-09-12T08:00:00Z,85.0,2024-09-12T10:00:00+02:00,2024-09-12
2024-09-12T09:00:00Z,80.41,2024-09-12T11:00:00+02:00,2024-09-12
2024-09-12T10:00:00Z,78.62,2024-09-12T12:00:00+02:00,2024-09-12
2024-09-12T11:00:00Z,78.23,2024-09-12T13:00:00+02:00,2024-09-12
2024-09-12T12:00:00Z,80.11,2024-09-12T14:00:00+02:00,2024-09-12
2024-09-12T13:00:00Z,84.93,2024-09-12T15:00:00+02:00,2024-09-12
2024-09-12T14:00:00Z,91.67,2024-09-12T16:00:00+02:00,2024-09-12
2024-09-12T15:00:00Z,109.74,2024-09-12T17:00:00+02:00,2024-09-12
2024-09-12T16:00:00Z,145.19,2024-09-12T18:00:00+02:00,2024-09-12
2024-09-12T17:00:00Z,300.01,2024-09-12T19:00:00+02:00,2024-09-12
2024-09-12T18:00:00Z,250.02,2024-09-12T20:00:00+02:00,2024-09-12
2024-09-12T19:00:00Z,125.0,2024-09-12T21:00:00+02:00,2024-09-12
2024-09-12T20:00:00Z,99.47,2024-09-12T22:00:00+02:00,2024-09-12
2024-09-12T21:00:00Z,92.04,2024-09-12T23:00:00+02:00,2024-09-12
2024-09-12T22:00:00Z,99.97,2024-09-13T00:00:00+02:00,2024-09-13
2024-09-12T23:00:00Z,91.52,2024-09-13T01:00:00+02:00,2024-09-13
2024-09-13T00:00:00Z,87.31,2024-09-13T02:00:00+02:00,2024-09-13
2024-09-13T01:00:00Z,86.76,2024-09-13T03:00:00+02:00,2024-09-13
2024-09-13T02:00:00Z,84.63,2024-09-13T04:00:00+02:00,2024-09-13
2024-09-13T03:00:00Z,87.92,2024-09-13T05:00:00+02:00,2024-09-13
2024-09-13T04:00:00Z,100.49,2024-09-13T06:00:00+02:00,2024-09-13
2024-09-13T05:00:00Z,119.96,2024-09-13T07:00:00+02:00,2024-09-13
2024-09-13T06:00:00Z,132.24,2024-09-13T08:00:00+02:00,2024-09-13
2024-09-13T07:00:00Z,116.24,2024-09-13T09:00:00+02:00,2024-09-13
2024-09-13T08:00:00Z,102.54,2024-09-13T10:00:00+02:00,2024-09-13
2024-09-13T09:00:00Z,94.99,2024-09-13T11:00:00+02:00,2024-09-13
2024-09-13T10:00:00Z,88.55,2024-09-13T12:00:00+02:00,2024-09-13
2024-09-13T11:00:00Z,77.5,2024-09-13T13:00:00+02:00,2024-09-13
2024-09-13T12:00:00Z,66.96,2024-09-13T14:00:00+02:00,2024-09-13
2024-09-13T13:00:00Z,72.2,2024-09-13T15:00:00+02:00,2024-09-13
2024-09-13T14:00:00Z,74.3,2024-09-13T16:00:00+02:00,2024-09-13
2024-09-13T15:00:00Z,79.85,2024-09-13T17:00:00+02:00,2024-09-13
2024-09-13T16:00:00Z,96.47,2024-09-13T18:00:00+02:00,2024-09-13
2024-09-13T17:00:00Z,100.0,2024-09-13T19:00:00+02:00,2024-09-13
2024-09-13T18:00:00Z,94.25,2024-09-13T20:00:00+02:00,2024-09-13
2024-09-13T19:00:00Z,84.57,2024-09-13T21:00:00+02:00,2024-09-13
2024-09-13T20:00:00Z,79.3,2024-09-13T22:00:00+02:00,2024-09-13
2024-09-13T21:00:00Z,60.99,2024-09-13T23:00:00+02:00,2024-09-13
2024-09-13T22:00:00Z,55.61,2024-09-14T00:00:00+02:00,2024-09-14
2024-09-13T23:00:00Z,50.01,2024-09-14T01:00:00+02:00,2024-09-14
2024-09-14T00:00:00Z,43.33,2024-09-14T02:00:00+02:00,2024-09-14
2024-09-14T01:00:00Z,45.18,2024-09-14T03:00:00+02:00,2024-09-14
2024-09-14T02:00:00Z,46.7,2024-09-14T04:00:00+02:00,2024-09-14
2024-09-14T03:00:00Z,44.27,2024-09-14T05:00:00+02:00,2024-09-14
2024-09-14T04:00:00Z,55.35,2024-09-14T06:00:00+02:00,2024-09-14
2024-09-14T05:00:00Z,65.0,2024-09-14T07:00:00+02:00,2024-09-14
2024-09-14T06:00:00Z,75.54,2024-09-14T08:00:00+02:00,2024-09-14
2024-09-14T07:00:00Z,66.6,2024-09-14T09:00:00+02:00,2024-09-14
2024-09-14T08:00:00Z,41.02,2024-09-14T10:00:00+02:00,2024-09-14
2024-09-14T09:00:00Z,8.08,2024-09-14T11:00:00+02:00,2024-09-14
2024-09-14T10:00:00Z,0.86,2024-09-14T12:00:00+02:00,2024-09-14
2024-09-14T11:00:00Z,-0.06,2024-09-14T13:00:00+02:00,2024-09-14
2024-09-14T12:00:00Z,-0.46,2024-09-14T14:00:00+02:00,2024-09-14
2024-09-14T13:00:00Z,-0.07,2024-09-14T15:00:00+02:00,2024-09-14
2024-09-14T14:00:00Z,9.54,2024-09-14T16:00:00+02:00,2024-09-14
2024-09-14T15:00:00Z,65.09,2024-09-14T17:00:00+02:00,2024-09-14
2024-09-14T16:00:00Z,94.39,2024-09-14T18:00:00+02:00,2024-09-14
2024-09-14T17:00:00Z,126.58,2024-09-14T19:00:00+02:00,2024-09-14
2024-09-14T18:00:00Z,117.85,2024-09-14T20:00:00+02:00,2024-09-14
2024-09-14T19:00:00Z,103.09,2024-09-14T21:00:00+02:00,2024-09-14
2024-09-14T20:00:00Z,93.75,2024-09-14T22:00:00+02:00,2024-09-14
2024-09-14T21:00:00Z,84.76,2024-09-14T23:00:00+02:00,2024-09-14
2024-09-14T22:00:00Z,78.11,2024-09-15T00:00:00+02:00,2024-09-15
2024-09-14T23:00:00Z,70.07,2024-09-15T01:00:00+02:00,2024-09-15
2024-09-15T00:00:00Z,66.6,2024-09-15T02:00:00+02:00,2024-09-15
2024-09-15T01:00:00Z,67.15,2024-09-15T03:00:00+02:00,2024-09-15
2024-09-15T02:00:00Z,63.66,2024-09-15T04:00:00+02:00,2024-09-15
2024-09-15T03:00:00Z,65.61,2024-09-15T05:00:00+02:00,2024-09-15
2024-09-15T04:00:00Z,69.18,2024-09-15T06:00:00+02:00,2024-09-15
2024-09-15T05:00:00Z,85.42,2024-09-15T07:00:00+02:00,2024-09-15
2024-09-15T06:00:00Z,76.96,2024-09-15T08:00:00+02:00,2024-09-15
2024-09-15T07:00:00Z,54.07,2024-09-15T09:00:00+02:00,2024-09-15
2024-09-15T08:00:00Z,10.92,2024-09-15T10:00:00+02:00,2024-09-15
2024-09-15T09:00:00Z,0.07,2024-09-15T11:00:00+02:00,2024-09-15
2024-09-15T10:00:00Z,0.0,2024-09-15T12:00:00+02:00,2024-09-15
2024-09-15T11:00:00Z,-0.01,2024-09-15T13:00:00+02:00,2024-09-15
2024-09-15T12:00:00Z,-0.41,2024-09-15T14:00:00+02:00,2024-09-15
2024-09-15T13:00:00Z,-0.27,2024-09-15T15:00:00+02:00,2024-09-15
2024-09-15T14:00:00Z,19.7,2024-09-15T16:00:00+02:00,2024-09-15
2024-09-15T15:00:00Z,82.25,2024-09-15T17:00:00+02:00,2024-09-15
2024-09-15T16:00:00Z,112.8,2024-09-15T18:00:00+02:00,2024-09-15
2024-09-15T17:00:00Z,133.16,2024-09-15T19:00:00+02:00,2024-09-15
2024-09-15T18:00:00Z,123.6,2024-09-15T20:00:00+02:00,2024-09-15
2024-09-15T19:00:00Z,112.68,2024-09-15T21:00:00+02:00,2024-09-15
2024-09-15T20:00:00Z,107.11,2024-09-15T22:00:00+02:00,2024-09-15
2024-09-15T21:00:00Z,92.6,2024-09-15T23:00:00+02:00,2024-09-15
2024-09-15T22:00:00Z,92.99,2024-09-16T00:00:00+02:00,2024-09-16
2024-09-15T23:00:00Z,88.14,2024-09-16T01:00:00+02:00,2024-09-16
2024-09-16T00:00:00Z,87.26,2024-09-16T02:00:00+02:00,2024-09-16
2024-09-16T01:00:00Z,84.93,2024-09-16T03:00:00+02:00,2024-09-16
2024-09-16T02:00:00Z,84.34,2024-09-16T04:00:00+02:00,2024-09-16
2024-09-16T03:00:00Z,88.31,2024-09-16T05:00:00+02:00,2024-09-16
2024-09-16T04:00:00Z,110.97,2024-09-16T06:00:00+02:00,2024-09-16
2024-09-16T05:00:00Z,130.0,2024-09-16T07:00:00+02:00,2024-09-16
2024-09-16T06:00:00Z,146.06,2024-09-16T08:00:00+02:00,2024-09-16
2024-09-16T07:00:00Z,126.4,2024-09-16T09:00:00+02:00,2024-09-16
2024-09-16T08:00:00Z,112.63,2024-09-16T10:00:00+02:00,2024-09-16
2024-09-16T09:00:00Z,105.02,2024-09-16T11:00:00+02:00,2024-09-16
2024-09-16T10:00:00Z,96.02,2024-09-16T12:00:00+02:00,2024-09-16
2024-09-16T11:00:00Z,86.89,2024-09-16T13:00:00+02:00,2024-09-16
2024-09-16T12:00:00Z,80.86,2024-09-16T14:00:00+02:00,2024-09-16
2024-09-16T13:00:00Z,75.37,2024-09-16T15:00:00+02:00,2024-09-16
2024-09-16T14:00:00Z,76.3,2024-09-16T16:00:00+02:00,2024-09-16
2024-09-16T15:00:00Z,86.98,2024-09-16T17:00:00+02:00,2024-09-16
2024-09-16T16:00:00Z,107.87,2024-09-16T18:00:00+02:00,2024-09-16
2024-09-16T17:00:00Z,112.57,2024-09-16T19:00:00+02:00,2024-09-16
2024-09-16T18:00:00Z,109.01,2024-09-16T20:00:00+02:00,2024-09-16
2024-09-16T19:00:00Z,90.1,2024-09-16T21:00:00+02:00,2024-09-16
2024-09-16T20:00:00Z,78.81,2024-09-16T22:00:00+02:00,2024-09-16
2024-09-16T21:00:00Z,81.53,2024-09-16T23:00:00+02:00,2024-09-16
2024-09-16T22:00:00Z,85.54,2024-09-17T00:00:00+02:00,2024-09-17
2024-09-16T23:00:00Z,82.3,2024-09-17T01:00:00+02:00,2024-09-17
2024-09-17T00:00:00Z,80.51,2024-09-17T02:00:00+02:00,2024-09-17
2024-09-17T01:00:00Z,79.84,2024-09-17T03:00:00+02:00,2024-09-17
2024-09-17T02:00:00Z,80.04,2024-09-17T04:00:00+02:00,2024-09-17
2024-09-17T03:00:00Z,91.52,2024-09-17T05:00:00+02:00,2024-09-17
2024-09-17T04:00:00Z,108.32,2024-09-17T06:00:00+02:00,2024-09-17
2024-09-17T05:00:00Z,133.94,2024-09-17T07:00:00+02:00,2024-09-17
2024-09-17T06:00:00Z,137.52,2024-09-17T08:00:00+02:00,2024-09-17
2024-09-17T07:00:00Z,108.91,2024-09-17T09:00:00+02:00,2024-09-17
2024-09-17T08:00:00Z,96.52,2024-09-17T10:00:00+02:00,2024-09-17
2024-09-17T09:00:00Z,82.39,2024-09-17T11:00:00+02:00,2024-09-17
2024-09-17T10:00:00Z,59.81,2024-09-17T12:00:00+02:00,2024-09-17
2024-09-17T11:00:00Z,41.77,2024-09-17T13:00:00+02:00,2024-09-17
2024-09-17T12:00:00Z,25.64,2024-09-17T14:00:00+02:00,2024-09-17
2024-09-17T13:00:00Z,44.44,2024-09-17T15:00:00+02:00,2024-09-17
2024-09-17T14:00:00Z,74.29,2024-09-17T16:00:00+02:00,2024-09-17
2024-09-17T15:00:00Z,93.5,2024-09-17T17:00:00+02:00,2024-09-17
2024-09-17T16:00:00Z,112.99,2024-09-17T18:00:00+02:00,2024-09-17
2024-09-17T17:00:00Z,132.53,2024-09-17T19:00:00+02:00,2024-09-17
2024-09-17T18:00:00Z,111.24,2024-09-17T20:00:00+02:00,2024-09-17
2024-09-17T19:00:00Z,96.12,2024-09-17T21:00:00+02:00,2024-09-17
2024-09-17T20:00:00Z,89.94,2024-09-17T22:00:00+02:00,2024-09-17
2024-09-17T21:00:00Z,83.84,2024-09-17T23:00:00+02:00,2024-09-17
2024-09-17T22:00:00Z,85.16,2024-09-18T00:00:00+02:00,2024-09-18
2024-09-17T23:00:00Z,80.94,2024-09-18T01:00:00+02:00,2024-09-18
2024-09-18T00:00:00Z,83.71,2024-09-18T02:00:00+02:00,2024-09-18
2024-09-18T01:00:00Z,83.67,2024-09-18T03:00:00+02:00,2024-09-18
2024-09-18T02:00:00Z,82.51,2024-09-18T04:00:00+02:00,2024-09-18
2024-09-18T03:00:00Z,89.92,2024-09-18T05:00:00+02:00,2024-09-18
2024-09-18T04:00:00Z,105.09,2024-09-18T06:00:00+02:00,2024-09-18
2024-09-18T05:00:00Z,141.92,2024-09-18T07:00:00+02:00,2024-09-18
2024-09-18T06:00:00Z,133.07,2024-09-18T08:00:00+02:00,2024-09-18
2024-09-18T07:00:00Z,102.44,2024-09-18T09:00:00+02:00,2024-09-18
2024-09-18T08:00:00Z,79.0,2024-09-18T10:00:00+02:00,2024-09-18
2024-09-18T09:00:00Z,55.32,2024-09-18T11:00:00+02:00,2024-09-18
2024-09-18T10:00:00Z,5.49,2024-09-18T12:00:00+02:00,2024-09-18
2024-09-18T11:00:00Z,0.0,2024-09-18T13:00:00+02:00,2024-09-18
2024-09-18T12:00:00Z,-0.09,2024-09-18T14:00:00+02:00,2024-09-18
2024-09-18T13:00:00Z,1.04,2024-09-18T15:00:00+02:00,2024-09-18
2024-09-18T14:00:00Z,40.05,2024-09-18T16:00:00+02:00,2024-09-18
2024-09-18T15:00:00Z,87.52,2024-09-18T17:00:00+02:00,2024-09-18
2024-09-18T16:00:00Z,113.91,2024-09-18T18:00:00+02:00,2024-09-18
2024-09-18T17:00:00Z,129.92,2024-09-18T19:00:00+02:00,2024-09-18
2024-09-18T18:00:00Z,108.2,2024-09-18T20:00:00+02:00,2024-09-18
2024-09-18T19:00:00Z,93.25,2024-09-18T21:00:00+02:00,2024-09-18
2024-09-18T20:00:00Z,89.92,2024-09-18T22:00:00+02:00,2024-09-18
2024-09-18T21:00:00Z,79.49,2024-09-18T23:00:00+02:00,2024-09-18
2024-09-18T22:00:00Z,76.4,2024-09-19T00:00:00+02:00,2024-09-19
2024-09-18T23:00:00Z,77.53,2024-09-19T01:00:00+02:00,2024-09-19
2024-09-19T00:00:00Z,78.03,2024-09-19T02:00:00+02:00,2024-09-19
2024-09-19T01:00:00Z,77.35,2024-09-19T03:00:00+02:00,2024-09-19
2024-09-19T02:00:00Z,79.26,2024-09-19T04:00:00+02:00,2024-09-19
2024-09-19T03:00:00Z,89.99,2024-09-19T05:00:00+02:00,2024-09-19
2024-09-19T04:00:00Z,113.47,2024-09-19T06:00:00+02:00,2024-09-19
2024-09-19T05:00:00Z,143.24,2024-09-19T07:00:00+02:00,2024-09-19
2024-09-19T06:00:00Z,124.12,2024-09-19T08:00:00+02:00,2024-09-19
2024-09-19T07:00:00Z,97.64,2024-09-19T09:00:00+02:00,2024-09-19
2024-09-19T08:00:00Z,74.81,2024-09-19T10:00:00+02:00,2024-09-19
2024-09-19T09:00:00Z,50.41,2024-09-19T11:00:00+02:00,2024-09-19
2024-09-19T10:00:00Z,4.97,2024-09-19T12:00:00+02:00,2024-09-19
2024-09-19T11:00:00Z,-0.06,2024-09-19T13:00:00+02:00,2024-09-19
2024-09-19T12:00:00Z,-0.09,2024-09-19T14:00:00+02:00,2024-09-19
2024-09-19T13:00:00Z,10.91,2024-09-19T15:00:00+02:00,2024-09-19
2024-09-19T14:00:00Z,58.55,2024-09-19T16:00:00+02:00,2024-09-19
2024-09-19T15:00:00Z,91.05,2024-09-19T17:00:00+02:00,2024-09-19
2024-09-19T16:00:00Z,114.53,2024-09-19T18:00:00+02:00,2024-09-19
2024-09-19T17:00:00Z,134.3,2024-09-19T19:00:00+02:00,2024-09-19
2024-09-19T18:00:00Z,113.5,2024-09-19T20:00:00+02:00,2024-09-19
2024-09-19T19:00:00Z,91.1,2024-09-19T21:00:00+02:00,2024-09-19
2024-09-19T20:00:00Z,88.97,2024-09-19T22:00:00+02:00,2024-09-19
2024-09-19T21:00:00Z,78.87,2024-09-19T23:00:00+02:00,2024-09-19
2024-09-19T22:00:00Z,72.61,2024-09-20T00:00:00+02:00,2024-09-20
2024-09-19T23:00:00Z,74.04,2024-09-20T01:00:00+02:00,2024-09-20
2024-09-20T00:00:00Z,73.42,2024-09-20T02:00:00+02:00,2024-09-20
2024-09-20T01:00:00Z,73.17,2024-09-20T03:00:00+02:00,2024-09-20
2024-09-20T02:00:00Z,74.52,2024-09-20T04:00:00+02:00,2024-09-20
2024-09-20T03:00:00Z,89.09,2024-09-20T05:00:00+02:00,2024-09-20
2024-09-20T04:00:00Z,108.06,2024-09-20T06:00:00+02:00,2024-09-20
2024-09-20T05:00:00Z,141.45,2024-09-20T07:00:00+02:00,2024-09-20
2024-09-20T06:00:00Z,108.6,2024-09-20T08:00:00+02:00,2024-09-20
2024-09-20T07:00:00Z,88.92,2024-09-20T09:00:00+02:00,2024-09-20
2024-09-20T08:00:00Z,62.05,2024-09-20T10:00:00+02:00,2024-09-20
2024-09-20T09:00:00Z,24.69,2024-09-20T11:00:00+02:00,2024-09-20
2024-09-20T10:00:00Z,8.24,2024-09-20T12:00:00+02:00,2024-09-20
2024-09-20T11:00:00Z,-0.01,2024-09-20T13:00:00+02:00,2024-09-20
2024-09-20T12:00:00Z,0.07,2024-09-20T14:00:00+02:00,2024-09-20
2024-09-20T13:00:00Z,7.56,2024-09-20T15:00:00+02:00,2024-09-20
2024-09-20T14:00:00Z,43.68,2024-09-20T16:00:00+02:00,2024-09-20
2024-09-20T15:00:00Z,84.12,2024-09-20T17:00:00+02:00,2024-09-20
2024-09-20T16:00:00Z,106.01,2024-09-20T18:00:00+02:00,2024-09-20
2024-09-20T17:00:00Z,145.72,2024-09-20T19:00:00+02:00,2024-09-20
2024-09-20T18:00:00Z,108.84,2024-09-20T20:00:00+02:00,2024-09-20
2024-09-20T19:00:00Z,91.07,2024-09-20T21:00:00+02:00,2024-09-20
2024-09-20T20:00:00Z,87.8,2024-09-20T22:00:00+02:00,2024-09-20
2024-09-20T21:00:00Z,87.08,2024-09-20T23:00:00+02:00,2024-09-20
2024-09-20T22:00:00Z,88.29,2024-09-21T00:00:00+02:00,2024-09-21
2024-09-20T23:00:00Z,85.3,2024-09-21T01:00:00+02:00,2024-09-21
2024-09-21T00:00:00Z,82.0,2024-09-21T02:00:00+02:00,2024-09-21
2024-09-21T01:00:00Z,82.19,2024-09-21T03:00:00+02:00,2024-09-21
2024-09-21T02:00:00Z,86.38,2024-09-21T04:00:00+02:00,2024-09-21
2024-09-21T03:00:00Z,89.48,2024-09-21T05:00:00+02:00,2024-09-21
2024-09-21T04:00:00Z,99.69,2024-09-21T06:00:00+02:00,2024-09-21
2024-09-21T05:00:00Z,97.76,2024-09-21T07:00:00+02:00,2024-09-21
2024-09-21T06:00:00Z,85.3,2024-09-21T08:00:00+02:00,2024-09-21
2024-09-21T07:00:00Z,60.99,2024-09-21T09:00:00+02:00,2024-09-21
2024-09-21T08:00:00Z,22.0,2024-09-21T10:00:00+02:00,2024-09-21
2024-09-21T09:00:00Z,3.15,2024-09-21T11:00:00+02:00,2024-09-21
2024-09-21T10:00:00Z,0.0,2024-09-21T12:00:00+02:00,2024-09-21
2024-09-21T11:00:00Z,-3.36,2024-09-21T13:00:00+02:00,2024-09-21
2024-09-21T12:00:00Z,-3.95,2024-09-21T14:00:00+02:00,2024-09-21
2024-09-21T13:00:00Z,1.09,2024-09-21T15:00:00+02:00,2024-09-21
2024-09-21T14:00:00Z,47.26,2024-09-21T16:00:00+02:00,2024-09-21
2024-09-21T15:00:00Z,97.19,2024-09-21T17:00:00+02:00,2024-09-21
2024-09-21T16:00:00Z,127.5,2024-09-21T18:00:00+02:00,2024-09-21
2024-09-21T17:00:00Z,141.99,2024-09-21T19:00:00+02:00,2024-09-21
2024-09-21T18:00:00Z,112.5,2024-09-21T20:00:00+02:00,2024-09-21
2024-09-21T19:00:00Z,95.93,2024-09-21T21:00:00+02:00,2024-09-21
2024-09-21T20:00:00Z,93.6,2024-09-21T22:00:00+02:00,2024-09-21
2024-09-21T21:00:00Z,88.3,2024-09-21T23:00:00+02:00,2024-09-21
2024-09-21T22:00:00Z,97.73,2024-09-22T00:00:00+02:00,2024-09-22
2024-09-21T23:00:00Z,90.05,2024-09-22T01:00:00+02:00,2024-09-22
2024-09-22T00:00:00Z,89.99,2024-09-22T02:00:00+02:00,2024-09-22
2024-09-22T01:00:00Z,89.5,2024-09-22T03:00:00+02:00,2024-09-22
2024-09-22T02:00:00Z,90.75,2024-09-22T04:00:00+02:00,2024-09-22
2024-09-22T03:00:00Z,90.65,2024-09-22T05:00:00+02:00,2024-09-22
2024-09-22T04:00:00Z,94.88,2024-09-22T06:00:00+02:00,2024-09-22
2024-09-22T05:00:00Z,97.31,2024-09-22T07:00:00+02:00,2024-09-22
2024-09-22T06:00:00Z,86.48,2024-09-22T08:00:00+02:00,2024-09-22
2024-09-22T07:00:00Z,62.79,2024-09-22T09:00:00+02:00,2024-09-22
2024-09-22T08:00:00Z,26.17,2024-09-22T10:00:00+02:00,2024-09-22
2024-09-22T09:00:00Z,11.13,2024-09-22T11:00:00+02:00,2024-09-22
2024-09-22T10:00:00Z,7.69,2024-09-22T12:00:00+02:00,2024-09-22
2024-09-22T11:00:00Z,-0.08,2024-09-22T13:00:00+02:00,2024-09-22
2024-09-22T12:00:00Z,0.01,2024-09-22T14:00:00+02:00,2024-09-22
2024-09-22T13:00:00Z,9.66,2024-09-22T15:00:00+02:00,2024-09-22
2024-09-22T14:00:00Z,61.6,2024-09-22T16:00:00+02:00,2024-09-22
2024-09-22T15:00:00Z,106.27,2024-09-22T17:00:00+02:00,2024-09-22
2024-09-22T16:00:00Z,132.23,2024-09-22T18:00:00+02:00,2024-09-22
2024-09-22T17:00:00Z,157.18,2024-09-22T19:00:00+02:00,2024-09-22
2024-09-22T18:00:00Z,126.11,2024-09-22T20:00:00+02:00,2024-09-22
2024-09-22T19:00:00Z,109.54,2024-09-22T21:00:00+02:00,2024-09-22
2024-09-22T20:00:00Z,98.72,2024-09-22T22:00:00+02:00,2024-09-22
2024-09-22T21:00:00Z,92.0,2024-09-22T23:00:00+02:00,2024-09-22
2024-09-22T22:00:00Z,90.8,2024-09-23T00:00:00+02:00,2024-09-23
2024-09-22T23:00:00Z,84.08,2024-09-23T01:00:00+02:00,2024-09-23
2024-09-23T00:00:00Z,85.2,2024-09-23T02:00:00+02:00,2024-09-23
2024-09-23T01:00:00Z,87.15,2024-09-23T03:00:00+02:00,2024-09-23
2024-09-23T02:00:00Z,86.93,2024-09-23T04:00:00+02:00,2024-09-23
2024-09-23T03:00:00Z,97.3,2024-09-23T05:00:00+02:00,2024-09-23
2024-09-23T04:00:00Z,133.4,2024-09-23T06:00:00+02:00,2024-09-23
2024-09-23T05:00:00Z,203.73,2024-09-23T07:00:00+02:00,2024-09-23
2024-09-23T06:00:00Z,151.33,2024-09-23T08:00:00+02:00,2024-09-23
2024-09-23T07:00:00Z,109.99,2024-09-23T09:00:00+02:00,2024-09-23
2024-09-23T08:00:00Z,94.66,2024-09-23T10:00:00+02:00,2024-09-23
2024-09-23T09:00:00Z,80.16,2024-09-23T11:00:00+02:00,2024-09-23
2024-09-23T10:00:00Z,78.94,2024-09-23T12:00:00+02:00,2024-09-23
2024-09-23T11:00:00Z,76.55,2024-09-23T13:00:00+02:00,2024-09-23
2024-09-23T12:00:00Z,76.77,2024-09-23T14:00:00+02:00,2024-09-23
2024-09-23T13:00:00Z,80.98,2024-09-23T15:00:00+02:00,2024-09-23
2024-09-23T14:00:00Z,102.25,2024-09-23T16:00:00+02:00,2024-09-23
2024-09-23T15:00:00Z,136.01,2024-09-23T17:00:00+02:00,2024-09-23
2024-09-23T16:00:00Z,240.26,2024-09-23T18:00:00+02:00,2024-09-23
2024-09-23T17:00:00Z,328.39,2024-09-23T19:00:00+02:00,2024-09-23
2024-09-23T18:00:00Z,178.64,2024-09-23T20:00:00+02:00,2024-09-23
2024-09-23T19:00:00Z,116.71,2024-09-23T21:00:00+02:00,2024-09-23
2024-09-23T20:00:00Z,100.93,2024-09-23T22:00:00+02:00,2024-09-23
2024-09-23T21:00:00Z,91.54,2024-09-23T23:00:00+02:00,2024-09-23
2024-09-23T22:00:00Z,88.2,2024-09-24T00:00:00+02:00,2024-09-24
2024-09-23T23:00:00Z,82.51,2024-09-24T01:00:00+02:00,2024-09-24
2024-09-24T00:00:00Z,83.69,2024-09-24T02:00:00+02:00,2024-09-24
2024-09-24T01:00:00Z,85.02,2024-09-24T03:00:00+02:00,2024-09-24
2024-09-24T02:00:00Z,83.26,2024-09-24T04:00:00+02:00,2024-09-24
2024-09-24T03:00:00Z,88.29,2024-09-24T05:00:00+02:00,2024-09-24
2024-09-24T04:00:00Z,110.75,2024-09-24T06:00:00+02:00,2024-09-24
2024-09-24T05:00:00Z,141.96,2024-09-24T07:00:00+02:00,2024-09-24
2024-09-24T06:00:00Z,127.4,2024-09-24T08:00:00+02:00,2024-09-24
2024-09-24T07:00:00Z,106.02,2024-09-24T09:00:00+02:00,2024-09-24
2024-09-24T08:00:00Z,92.61,2024-09-24T10:00:00+02:00,2024-09-24
2024-09-24T09:00:00Z,83.87,2024-09-24T11:00:00+02:00,2024-09-24
2024-09-24T10:00:00Z,75.75,2024-09-24T12:00:00+02:00,2024-09-24
2024-09-24T11:00:00Z,68.99,2024-09-24T13:00:00+02:00,2024-09-24
2024-09-24T12:00:00Z,61.59,2024-09-24T14:00:00+02:00,2024-09-24
2024-09-24T13:00:00Z,74.94,2024-09-24T15:00:00+02:00,2024-09-24
2024-09-24T14:00:00Z,83.27,2024-09-24T16:00:00+02:00,2024-09-24
2024-09-24T15:00:00Z,104.04,2024-09-24T17:00:00+02:00,2024-09-24
2024-09-24T16:00:00Z,119.05,2024-09-24T18:00:00+02:00,2024-09-24
2024-09-24T17:00:00Z,124.13,2024-09-24T19:00:00+02:00,2024-09-24
2024-09-24T18:00:00Z,101.7,2024-09-24T20:00:00+02:00,2024-09-24
2024-09-24T19:00:00Z,80.44,2024-09-24T21:00:00+02:00,2024-09-24
2024-09-24T20:00:00Z,74.48,2024-09-24T22:00:00+02:00,2024-09-24
2024-09-24T21:00:00Z,60.58,2024-09-24T23:00:00+02:00,2024-09-24
2024-09-24T22:00:00Z,51.48,2024-09-25T00:00:00+02:00,2024-09-25
2024-09-24T23:00:00Z,42.18,2024-09-25T01:00:00+02:00,2024-09-25
2024-09-25T00:00:00Z,39.2,2024-09-25T02:00:00+02:00,2024-09-25
2024-09-25T01:00:00Z,39.45,2024-09-25T03:00:00+02:00,2024-09-25
2024-09-25T02:00:00Z,54.77,2024-09-25T04:00:00+02:00,2024-09-25
2024-09-25T03:00:00Z,63.95,2024-09-25T05:00:00+02:00,2024-09-25
2024-09-25T04:00:00Z,78.34,2024-09-25T06:00:00+02:00,2024-09-25
2024-09-25T05:00:00Z,83.77,2024-09-25T07:00:00+02:00,2024-09-25
2024-09-25T06:00:00Z,88.15,2024-09-25T08:00:00+02:00,2024-09-25
2024-09-25T07:00:00Z,70.32,2024-09-25T09:00:00+02:00,2024-09-25
2024-09-25T08:00:00Z,49.46,2024-09-25T10:00:00+02:00,2024-09-25
2024-09-25T09:00:00Z,25.24,2024-09-25T11:00:00+02:00,2024-09-25
2024-09-25T10:00:00Z,19.1,2024-09-25T12:00:00+02:00,2024-09-25
2024-09-25T11:00:00Z,18.78,2024-09-25T13:00:00+02:00,2024-09-25
2024-09-25T12:00:00Z,55.53,2024-09-25T14:00:00+02:00,2024-09-25
2024-09-25T13:00:00Z,72.23,2024-09-25T15:00:00+02:00,2024-09-25
2024-09-25T14:00:00Z,89.69,2024-09-25T16:00:00+02:00,2024-09-25
2024-09-25T15:00:00Z,107.85,2024-09-25T17:00:00+02:00,2024-09-25
2024-09-25T16:00:00Z,156.2,2024-09-25T18:00:00+02:00,2024-09-25
2024-09-25T17:00:00Z,195.42,2024-09-25T19:00:00+02:00,2024-09-25
2024-09-25T18:00:00Z,131.84,2024-09-25T20:00:00+02:00,2024-09-25
2024-09-25T19:00:00Z,96.61,2024-09-25T21:00:00+02:00,2024-09-25
2024-09-25T20:00:00Z,91.64,2024-09-25T22:00:00+02:00,2024-09-25
2024-09-25T21:00:00Z,82.22,2024-09-25T23:00:00+02:00,2024-09-25
2024-09-25T22:00:00Z,66.02,2024-09-26T00:00:00+02:00,2024-09-26
2024-09-25T23:00:00Z,58.78,2024-09-26T01:00:00+02:00,2024-09-26
2024-09-26T00:00:00Z,52.34,2024-09-26T02:00:00+02:00,2024-09-26
2024-09-26T01:00:00Z,49.87,2024-09-26T03:00:00+02:00,2024-09-26
2024-09-26T02:00:00Z,45.53,2024-09-26T04:00:00+02:00,2024-09-26
2024-09-26T03:00:00Z,49.71,2024-09-26T05:00:00+02:00,2024-09-26
2024-09-26T04:00:00Z,72.03,2024-09-26T06:00:00+02:00,2024-09-26
2024-09-26T05:00:00Z,85.2,2024-09-26T07:00:00+02:00,2024-09-26
2024-09-26T06:00:00Z,83.4,2024-09-26T08:00:00+02:00,2024-09-26
2024-09-26T07:00:00Z,67.33,2024-09-26T09:00:00+02:00,2024-09-26
2024-09-26T08:00:00Z,49.23,2024-09-26T10:00:00+02:00,2024-09-26
2024-09-26T09:00:00Z,31.62,2024-09-26T11:00:00+02:00,2024-09-26
2024-09-26T10:00:00Z,17.0,2024-09-26T12:00:00+02:00,2024-09-26
2024-09-26T11:00:00Z,12.08,2024-09-26T13:00:00+02:00,2024-09-26
2024-09-26T12:00:00Z,12.68,2024-09-26T14:00:00+02:00,2024-09-26
2024-09-26T13:00:00Z,37.9,2024-09-26T15:00:00+02:00,2024-09-26
2024-09-26T14:00:00Z,54.91,2024-09-26T16:00:00+02:00,2024-09-26
2024-09-26T15:00:00Z,73.65,2024-09-26T17:00:00+02:00,2024-09-26
2024-09-26T16:00:00Z,80.0,2024-09-26T18:00:00+02:00,2024-09-26
2024-09-26T17:00:00Z,89.0,2024-09-26T19:00:00+02:00,2024-09-26
2024-09-26T18:00:00Z,78.93,2024-09-26T20:00:00+02:00,2024-09-26
2024-09-26T19:00:00Z,62.84,2024-09-26T21:00:00+02:00,2024-09-26
2024-09-26T20:00:00Z,53.72,2024-09-26T22:00:00+02:00,2024-09-26
2024-09-26T21:00:00Z,36.3,2024-09-26T23:00:00+02:00,2024-09-26
2024-09-26T22:00:00Z,-0.06,2024-09-27T00:00:00+02:00,2024-09-27
2024-09-26T23:00:00Z,0.04,2024-09-27T01:00:00+02:00,2024-09-27
2024-09-27T00:00:00Z,-0.01,2024-09-27T02:00:00+02:00,2024-09-27
2024-09-27T01:00:00Z,-0.59,2024-09-27T03:00:00+02:00,2024-09-27
2024-09-27T02:00:00Z,-0.2,2024-09-27T04:00:00+02:00,2024-09-27
2024-09-27T03:00:00Z,-0.03,2024-09-27T05:00:00+02:00,2024-09-27
2024-09-27T04:00:00Z,0.0,2024-09-27T06:00:00+02:00,2024-09-27
2024-09-27T05:00:00Z,25.92,2024-09-27T07:00:00+02:00,2024-09-27
2024-09-27T06:00:00Z,39.92,2024-09-27T08:00:00+02:00,2024-09-27
2024-09-27T07:00:00Z,5.53,2024-09-27T09:00:00+02:00,2024-09-27
2024-09-27T08:00:00Z,-0.09,2024-09-27T10:00:00+02:00,2024-09-27
2024-09-27T09:00:00Z,-3.75,2024-09-27T11:00:00+02:00,2024-09-27
2024-09-27T10:00:00Z,-5.56,2024-09-27T12:00:00+02:00,2024-09-27
2024-09-27T11:00:00Z,-6.32,2024-09-27T13:00:00+02:00,2024-09-27
2024-09-27T12:00:00Z,-5.05,2024-09-27T14:00:00+02:00,2024-09-27
2024-09-27T13:00:00Z,-0.11,2024-09-27T15:00:00+02:00,2024-09-27
2024-09-27T14:00:00Z,0.0,2024-09-27T16:00:00+02:00,2024-09-27
2024-09-27T15:00:00Z,37.83,2024-09-27T17:00:00+02:00,2024-09-27
2024-09-27T16:00:00Z,62.55,2024-09-27T18:00:00+02:00,2024-09-27
2024-09-27T17:00:00Z,60.47,2024-09-27T19:00:00+02:00,2024-09-27
2024-09-27T18:00:00Z,59.57,2024-09-27T20:00:00+02:00,2024-09-27
2024-09-27T19:00:00Z,33.09,2024-09-27T21:00:00+02:00,2024-09-27
2024-09-27T20:00:00Z,26.03,2024-09-27T22:00:00+02:00,2024-09-27
2024-09-27T21:00:00Z,25.0,2024-09-27T23:00:00+02:00,2024-09-27
2024-09-27T22:00:00Z,1.77,2024-09-28T00:00:00+02:00,2024-09-28
2024-09-27T23:00:00Z,3.03,2024-09-28T01:00:00+02:00,2024-09-28
2024-09-28T00:00:00Z,3.29,2024-09-28T02:00:00+02:00,2024-09-28
2024-09-28T01:00:00Z,3.16,2024-09-28T03:00:00+02:00,2024-09-28
2024-09-28T02:00:00Z,3.27,2024-09-28T04:00:00+02:00,2024-09-28
2024-09-28T03:00:00Z,4.15,2024-09-28T05:00:00+02:00,2024-09-28
2024-09-28T04:00:00Z,11.96,2024-09-28T06:00:00+02:00,2024-09-28
2024-09-28T05:00:00Z,22.28,2024-09-28T07:00:00+02:00,2024-09-28
2024-09-28T06:00:00Z,26.21,2024-09-28T08:00:00+02:00,2024-09-28
2024-09-28T07:00:00Z,18.91,2024-09-28T09:00:00+02:00,2024-09-28
2024-09-28T08:00:00Z,9.75,2024-09-28T10:00:00+02:00,2024-09-28
2024-09-28T09:00:00Z,3.78,2024-09-28T11:00:00+02:00,2024-09-28
2024-09-28T10:00:00Z,0.65,2024-09-28T12:00:00+02:00,2024-09-28
2024-09-28T11:00:00Z,0.0,2024-09-28T13:00:00+02:00,2024-09-28
2024-09-28T12:00:00Z,0.0,2024-09-28T14:00:00+02:00,2024-09-28
2024-09-28T13:00:00Z,0.06,2024-09-28T15:00:00+02:00,2024-09-28
2024-09-28T14:00:00Z,9.82,2024-09-28T16:00:00+02:00,2024-09-28
2024-09-28T15:00:00Z,63.23,2024-09-28T17:00:00+02:00,2024-09-28
2024-09-28T16:00:00Z,80.28,2024-09-28T18:00:00+02:00,2024-09-28
2024-09-28T17:00:00Z,100.08,2024-09-28T19:00:00+02:00,2024-09-28
2024-09-28T18:00:00Z,96.31,2024-09-28T20:00:00+02:00,2024-09-28
2024-09-28T19:00:00Z,80.7,2024-09-28T21:00:00+02:00,2024-09-28
2024-09-28T20:00:00Z,80.28,2024-09-28T22:00:00+02:00,2024-09-28
2024-09-28T21:00:00Z,74.73,2024-09-28T23:00:00+02:00,2024-09-28
2024-09-28T22:00:00Z,60.66,2024-09-29T00:00:00+02:00,2024-09-29
2024-09-28T23:00:00Z,45.5,2024-09-29T01:00:00+02:00,2024-09-29
2024-09-29T00:00:00Z,44.16,2024-09-29T02:00:00+02:00,2024-09-29
2024-09-29T01:00:00Z,43.35,2024-09-29T03:00:00+02:00,2024-09-29
2024-09-29T02:00:00Z,57.74,2024-09-29T04:00:00+02:00,2024-09-29
2024-09-29T03:00:00Z,73.63,2024-09-29T05:00:00+02:00,2024-09-29
2024-09-29T04:00:00Z,77.0,2024-09-29T06:00:00+02:00,2024-09-29
2024-09-29T05:00:00Z,98.0,2024-09-29T07:00:00+02:00,2024-09-29
2024-09-29T06:00:00Z,96.88,2024-09-29T08:00:00+02:00,2024-09-29
2024-09-29T07:00:00Z,54.43,2024-09-29T09:00:00+02:00,2024-09-29
2024-09-29T08:00:00Z,1.33,2024-09-29T10:00:00+02:00,2024-09-29
2024-09-29T09:00:00Z,0.0,2024-09-29T11:00:00+02:00,2024-09-29
2024-09-29T10:00:00Z,-0.01,2024-09-29T12:00:00+02:00,2024-09-29
2024-09-29T11:00:00Z,-0.5,2024-09-29T13:00:00+02:00,2024-09-29
2024-09-29T12:00:00Z,-0.45,2024-09-29T14:00:00+02:00,2024-09-29
2024-09-29T13:00:00Z,0.0,2024-09-29T15:00:00+02:00,2024-09-29
2024-09-29T14:00:00Z,43.24,2024-09-29T16:00:00+02:00,2024-09-29
2024-09-29T15:00:00Z,94.01,2024-09-29T17:00:00+02:00,2024-09-29
2024-09-29T16:00:00Z,152.59,2024-09-29T18:00:00+02:00,2024-09-29
2024-09-29T17:00:00Z,167.32,2024-09-29T19:00:00+02:00,2024-09-29
2024-09-29T18:00:00Z,109.61,2024-09-29T20:00:00+02:00,2024-09-29
2024-09-29T19:00:00Z,80.13,2024-09-29T21:00:00+02:00,2024-09-29
2024-09-29T20:00:00Z,64.3,2024-09-29T22:00:00+02:00,2024-09-29
2024-09-29T21:00:00Z,37.39,2024-09-29T23:00:00+02:00,2024-09-29
2024-09-29T22:00:00Z,19.0,2024-09-30T00:00:00+02:00,2024-09-30
2024-09-29T23:00:00Z,11.45,2024-09-30T01:00:00+02:00,2024-09-30
2024-09-30T00:00:00Z,8.4,2024-09-30T02:00:00+02:00,2024-09-30
2024-09-30T01:00:00Z,5.53,2024-09-30T03:00:00+02:00,2024-09-30
2024-09-30T02:00:00Z,5.61,2024-09-30T04:00:00+02:00,2024-09-30
2024-09-30T03:00:00Z,16.98,2024-09-30T05:00:00+02:00,2024-09-30
2024-09-30T04:00:00Z,45.64,2024-09-30T06:00:00+02:00,2024-09-30
2024-09-30T05:00:00Z,90.42,2024-09-30T07:00:00+02:00,2024-09-30
2024-09-30T06:00:00Z,93.55,2024-09-30T08:00:00+02:00,2024-09-30
2024-09-30T07:00:00Z,68.46,2024-09-30T09:00:00+02:00,2024-09-30
2024-09-30T08:00:00Z,44.41,2024-09-30T10:00:00+02:00,2024-09-30
2024-09-30T09:00:00Z,20.91,2024-09-30T11:00:00+02:00,2024-09-30
2024-09-30T10:00:00Z,9.28,2024-09-30T12:00:00+02:00,2024-09-30
2024-09-30T11:00:00Z,2.06,2024-09-30T13:00:00+02:00,2024-09-30
2024-09-30T12:00:00Z,7.63,2024-09-30T14:00:00+02:00,2024-09-30
2024-09-30T13:00:00Z,21.96,2024-09-30T15:00:00+02:00,2024-09-30
2024-09-30T14:00:00Z,35.13,2024-09-30T16:00:00+02:00,2024-09-30
2024-09-30T15:00:00Z,64.6,2024-09-30T17:00:00+02:00,2024-09-30
2024-09-30T16:00:00Z,70.36,2024-09-30T18:00:00+02:00,2024-09-30
2024-09-30T17:00:00Z,64.24,2024-09-30T19:00:00+02:00,2024-09-30
2024-09-30T18:00:00Z,42.35,2024-09-30T20:00:00+02:00,2024-09-30
2024-09-30T19:00:00Z,21.93,2024-09-30T21:00:00+02:00,2024-09-30
2024-09-30T20:00:00Z,20.01,2024-09-30T22:00:00+02:00,2024-09-30
2024-09-30T21:00:00Z,9.84,2024-09-30T23:00:00+02:00,2024-09-30
2024-09-30T22:00:00Z,3.21,2024-10-01T00:00:00+02:00,2024-10-01
2024-09-30T23:00:00Z,0.07,2024-10-01T01:00:00+02:00,2024-10-01
2024-10-01T00:00:00Z,0.05,2024-10-01T02:00:00+02:00,2024-10-01
2024-10-01T01:00:00Z,0.02,2024-10-01T03:00:00+02:00,2024-10-01
2024-10-01T02:00:00Z,0.09,2024-10-01T04:00:00+02:00,2024-10-01
2024-10-01T03:00:00Z,6.8,2024-10-01T05:00:00+02:00,2024-10-01
2024-10-01T04:00:00Z,63.96,2024-10-01T06:00:00+02:00,2024-10-01
2024-10-01T05:00:00Z,103.35,2024-10-01T07:00:00+02:00,2024-10-01
2024-10-01T06:00:00Z,114.98,2024-10-01T08:00:00+02:00,2024-10-01
2024-10-01T07:00:00Z,100.41,2024-10-01T09:00:00+02:00,2024-10-01
2024-10-01T08:00:00Z,76.48,2024-10-01T10:00:00+02:00,2024-10-01
2024-10-01T09:00:00Z,68.21,2024-10-01T11:00:00+02:00,2024-10-01
2024-10-01T10:00:00Z,58.6,2024-10-01T12:00:00+02:00,2024-10-01
2024-10-01T11:00:00Z,55.66,2024-10-01T13:00:00+02:00,2024-10-01
2024-10-01T12:00:00Z,56.51,2024-10-01T14:00:00+02:00,2024-10-01
2024-10-01T13:00:00Z,62.18,2024-10-01T15:00:00+02:00,2024-10-01
2024-10-01T14:00:00Z,98.94,2024-10-01T16:00:00+02:00,2024-10-01
2024-10-01T15:00:00Z,109.58,2024-10-01T17:00:00+02:00,2024-10-01
2024-10-01T16:00:00Z,133.9,2024-10-01T18:00:00+02:00,2024-10-01
2024-10-01T17:00:00Z,136.51,2024-10-01T19:00:00+02:00,2024-10-01
2024-10-01T18:00:00Z,118.54,2024-10-01T20:00:00+02:00,2024-10-01
2024-10-01T19:00:00Z,92.3,2024-10-01T21:00:00+02:00,2024-10-01
2024-10-01T20:00:00Z,91.45,2024-10-01T22:00:00+02:00,2024-10-01
2024-10-01T21:00:00Z,76.24,2024-10-01T23:00:00+02:00,2024-10-01
2024-10-01T22:00:00Z,85.44,2024-10-02T00:00:00+02:00,2024-10-02
2024-10-01T23:00:00Z,80.88,2024-10-02T01:00:00+02:00,2024-10-02
2024-10-02T00:00:00Z,77.09,2024-10-02T02:00:00+02:00,2024-10-02
2024-10-02T01:00:00Z,74.93,2024-10-02T03:00:00+02:00,2024-10-02
2024-10-02T02:00:00Z,77.14,2024-10-02T04:00:00+02:00,2024-10-02
2024-10-02T03:00:00Z,81.1,2024-10-02T05:00:00+02:00,2024-10-02
2024-10-02T04:00:00Z,96.53,2024-10-02T06:00:00+02:00,2024-10-02
2024-10-02T05:00:00Z,118.83,2024-10-02T07:00:00+02:00,2024-10-02
2024-10-02T06:00:00Z,135.7,2024-10-02T08:00:00+02:00,2024-10-02
2024-10-02T07:00:00Z,117.59,2024-10-02T09:00:00+02:00,2024-10-02
2024-10-02T08:00:00Z,103.21,2024-10-02T10:00:00+02:00,2024-10-02
2024-10-02T09:00:00Z,96.52,2024-10-02T11:00:00+02:00,2024-10-02
2024-10-02T10:00:00Z,90.45,2024-10-02T12:00:00+02:00,2024-10-02
2024-10-02T11:00:00Z,86.44,2024-10-02T13:00:00+02:00,2024-10-02
2024-10-02T12:00:00Z,78.87,2024-10-02T14:00:00+02:00,2024-10-02
2024-10-02T13:00:00Z,82.07,2024-10-02T15:00:00+02:00,2024-10-02
2024-10-02T14:00:00Z,81.51,2024-10-02T16:00:00+02:00,2024-10-02
2024-10-02T15:00:00Z,100.1,2024-10-02T17:00:00+02:00,2024-10-02
2024-10-02T16:00:00Z,117.01,2024-10-02T18:00:00+02:00,2024-10-02
2024-10-02T17:00:00Z,130.07,2024-10-02T19:00:00+02:00,2024-10-02
2024-10-02T18:00:00Z,114.37,2024-10-02T20:00:00+02:00,2024-10-02
2024-10-02T19:00:00Z,96.54,2024-10-02T21:00:00+02:00,2024-10-02
2024-10-02T20:00:00Z,93.3,2024-10-02T22:00:00+02:00,2024-10-02
2024-10-02T21:00:00Z,85.0,2024-10-02T23:00:00+02:00,2024-10-02
2024-10-02T22:00:00Z,67.33,2024-10-03T00:00:00+02:00,2024-10-03
2024-10-02T23:00:00Z,65.86,2024-10-03T01:00:00+02:00,2024-10-03
2024-10-03T00:00:00Z,65.14,2024-10-03T02:00:00+02:00,2024-10-03
2024-10-03T01:00:00Z,64.18,2024-10-03T03:00:00+02:00,2024-10-03
2024-10-03T02:00:00Z,63.98,2024-10-03T04:00:00+02:00,2024-10-03
2024-10-03T03:00:00Z,64.4,2024-10-03T05:00:00+02:00,2024-10-03
2024-10-03T04:00:00Z,65.43,2024-10-03T06:00:00+02:00,2024-10-03
2024-10-03T05:00:00Z,73.37,2024-10-03T07:00:00+02:00,2024-10-03
2024-10-03T06:00:00Z,76.67,2024-10-03T08:00:00+02:00,2024-10-03
2024-10-03T07:00:00Z,72.9,2024-10-03T09:00:00+02:00,2024-10-03
2024-10-03T08:00:00Z,69.28,2024-10-03T10:00:00+02:00,2024-10-03
2024-10-03T09:00:00Z,63.04,2024-10-03T11:00:00+02:00,2024-10-03
2024-10-03T10:00:00Z,47.09,2024-10-03T12:00:00+02:00,2024-10-03
2024-10-03T11:00:00Z,33.98,2024-10-03T13:00:00+02:00,2024-10-03
2024-10-03T12:00:00Z,39.14,2024-10-03T14:00:00+02:00,2024-10-03
2024-10-03T13:00:00Z,51.36,2024-10-03T15:00:00+02:00,2024-10-03
2024-10-03T14:00:00Z,66.04,2024-10-03T16:00:00+02:00,2024-10-03
2024-10-03T15:00:00Z,89.7,2024-10-03T17:00:00+02:00,2024-10-03
2024-10-03T16:00:00Z,110.07,2024-10-03T18:00:00+02:00,2024-10-03
2024-10-03T17:00:00Z,115.32,2024-10-03T19:00:00+02:00,2024-10-03
2024-10-03T18:00:00Z,108.28,2024-10-03T20:00:00+02:00,2024-10-03
2024-10-03T19:00:00Z,98.76,2024-10-03T21:00:00+02:00,2024-10-03
2024-10-03T20:00:00Z,90.96,2024-10-03T22:00:00+02:00,2024-10-03
2024-10-03T21:00:00Z,81.46,2024-10-03T23:00:00+02:00,2024-10-03
2024-10-03T22:00:00Z,73.9,2024-10-04T00:00:00+02:00,2024-10-04
2024-10-03T23:00:00Z,72.52,2024-10-04T01:00:00+02:00,2024-10-04
2024-10-04T00:00:00Z,72.1,2024-10-04T02:00:00+02:00,2024-10-04
2024-10-04T01:00:00Z,72.0,2024-10-04T03:00:00+02:00,2024-10-04
2024-10-04T02:00:00Z,72.33,2024-10-04T04:00:00+02:00,2024-10-04
2024-10-04T03:00:00Z,77.1,2024-10-04T05:00:00+02:00,2024-10-04
2024-10-04T04:00:00Z,103.0,2024-10-04T06:00:00+02:00,2024-10-04
2024-10-04T05:00:00Z,126.54,2024-10-04T07:00:00+02:00,2024-10-04
2024-10-04T06:00:00Z,141.42,2024-10-04T08:00:00+02:00,2024-10-04
2024-10-04T07:00:00Z,116.27,2024-10-04T09:00:00+02:00,2024-10-04
2024-10-04T08:00:00Z,100.09,2024-10-04T10:00:00+02:00,2024-10-04
2024-10-04T09:00:00Z,85.0,2024-10-04T11:00:00+02:00,2024-10-04
2024-10-04T10:00:00Z,75.07,2024-10-04T12:00:00+02:00,2024-10-04
2024-10-04T11:00:00Z,73.49,2024-10-04T13:00:00+02:00,2024-10-04
2024-10-04T12:00:00Z,75.82,2024-10-04T14:00:00+02:00,2024-10-04
2024-10-04T13:00:00Z,79.07,2024-10-04T15:00:00+02:00,2024-10-04
2024-10-04T14:00:00Z,89.8,2024-10-04T16:00:00+02:00,2024-10-04
2024-10-04T15:00:00Z,107.1,2024-10-04T17:00:00+02:00,2024-10-04
2024-10-04T16:00:00Z,131.97,2024-10-04T18:00:00+02:00,2024-10-04
2024-10-04T17:00:00Z,149.02,2024-10-04T19:00:00+02:00,2024-10-04
2024-10-04T18:00:00Z,123.7,2024-10-04T20:00:00+02:00,2024-10-04
2024-10-04T19:00:00Z,99.9,2024-10-04T21:00:00+02:00,2024-10-04
2024-10-04T20:00:00Z,99.9,2024-10-04T22:00:00+02:00,2024-10-04
2024-10-04T21:00:00Z,90.0,2024-10-04T23:00:00+02:00,2024-10-04
2024-10-04T22:00:00Z,93.1,2024-10-05T00:00:00+02:00,2024-10-05
2024-10-04T23:00:00Z,84.64,2024-10-05T01:00:00+02:00,2024-10-05
2024-10-05T00:00:00Z,81.4,2024-10-05T02:00:00+02:00,2024-10-05
2024-10-05T01:00:00Z,75.54,2024-10-05T03:00:00+02:00,2024-10-05
2024-10-05T02:00:00Z,75.72,2024-10-05T04:00:00+02:00,2024-10-05
2024-10-05T03:00:00Z,79.82,2024-10-05T05:00:00+02:00,2024-10-05
2024-10-05T04:00:00Z,86.2,2024-10-05T06:00:00+02:00,2024-10-05
2024-10-05T05:00:00Z,100.4,2024-10-05T07:00:00+02:00,2024-10-05
2024-10-05T06:00:00Z,110.62,2024-10-05T08:00:00+02:00,2024-10-05
2024-10-05T07:00:00Z,103.0,2024-10-05T09:00:00+02:00,2024-10-05
2024-10-05T08:00:00Z,82.42,2024-10-05T10:00:00+02:00,2024-10-05
2024-10-05T09:00:00Z,68.27,2024-10-05T11:00:00+02:00,2024-10-05
2024-10-05T10:00:00Z,51.44,2024-10-05T12:00:00+02:00,2024-10-05
2024-10-05T11:00:00Z,38.88,2024-10-05T13:00:00+02:00,2024-10-05
2024-10-05T12:00:00Z,43.49,2024-10-05T14:00:00+02:00,2024-10-05
2024-10-05T13:00:00Z,62.92,2024-10-05T15:00:00+02:00,2024-10-05
2024-10-05T14:00:00Z,77.12,2024-10-05T16:00:00+02:00,2024-10-05
2024-10-05T15:00:00Z,99.48,2024-10-05T17:00:00+02:00,2024-10-05
2024-10-05T16:00:00Z,148.65,2024-10-05T18:00:00+02:00,2024-10-05
2024-10-05T17:00:00Z,143.28,2024-10-05T19:00:00+02:00,2024-10-05
2024-10-05T18:00:00Z,107.23,2024-10-05T20:00:00+02:00,2024-10-05
2024-10-05T19:00:00Z,96.56,2024-10-05T21:00:00+02:00,2024-10-05
2024-10-05T20:00:00Z,85.23,2024-10-05T22:00:00+02:00,2024-10-05
2024-10-05T21:00:00Z,67.0,2024-10-05T23:00:00+02:00,2024-10-05
2024-10-05T22:00:00Z,67.04,2024-10-06T00:00:00+02:00,2024-10-06
2024-10-05T23:00:00Z,63.97,2024-10-06T01:00:00+02:00,2024-10-06
2024-10-06T00:00:00Z,62.83,2024-10-06T02:00:00+02:00,2024-10-06
2024-10-06T01:00:00Z,63.35,2024-10-06T03:00:00+02:00,2024-10-06
2024-10-06T02:00:00Z,62.71,2024-10-06T04:00:00+02:00,2024-10-06
2024-10-06T03:00:00Z,63.97,2024-10-06T05:00:00+02:00,2024-10-06
2024-10-06T04:00:00Z,63.41,2024-10-06T06:00:00+02:00,2024-10-06
2024-10-06T05:00:00Z,72.81,2024-10-06T07:00:00+02:00,2024-10-06
2024-10-06T06:00:00Z,77.2,2024-10-06T08:00:00+02:00,2024-10-06
2024-10-06T07:00:00Z,66.06,2024-10-06T09:00:00+02:00,2024-10-06
2024-10-06T08:00:00Z,35.28,2024-10-06T10:00:00+02:00,2024-10-06
2024-10-06T09:00:00Z,16.68,2024-10-06T11:00:00+02:00,2024-10-06
2024-10-06T10:00:00Z,5.25,2024-10-06T12:00:00+02:00,2024-10-06
2024-10-06T11:00:00Z,-0.01,2024-10-06T13:00:00+02:00,2024-10-06
2024-10-06T12:00:00Z,-0.01,2024-10-06T14:00:00+02:00,2024-10-06
2024-10-06T13:00:00Z,0.2,2024-10-06T15:00:00+02:00,2024-10-06
2024-10-06T14:00:00Z,59.6,2024-10-06T16:00:00+02:00,2024-10-06
2024-10-06T15:00:00Z,90.94,2024-10-06T17:00:00+02:00,2024-10-06
2024-10-06T16:00:00Z,106.3,2024-10-06T18:00:00+02:00,2024-10-06
2024-10-06T17:00:00Z,97.22,2024-10-06T19:00:00+02:00,2024-10-06
2024-10-06T18:00:00Z,72.98,2024-10-06T20:00:00+02:00,2024-10-06
2024-10-06T19:00:00Z,59.37,2024-10-06T21:00:00+02:00,2024-10-06
2024-10-06T20:00:00Z,58.69,2024-10-06T22:00:00+02:00,2024-10-06
2024-10-06T21:00:00Z,51.71,2024-10-06T23:00:00+02:00,2024-10-06
2024-10-06T22:00:00Z,34.58,2024-10-07T00:00:00+02:00,2024-10-07
2024-10-06T23:00:00Z,35.34,2024-10-07T01:00:00+02:00,2024-10-07
2024-10-07T00:00:00Z,33.25,2024-10-07T02:00:00+02:00,2024-10-07
2024-10-07T01:00:00Z,30.15,2024-10-07T03:00:00+02:00,2024-10-07
2024-10-07T02:00:00Z,36.09,2024-10-07T04:00:00+02:00,2024-10-07
2024-10-07T03:00:00Z,46.73,2024-10-07T05:00:00+02:00,2024-10-07
2024-10-07T04:00:00Z,67.59,2024-10-07T06:00:00+02:00,2024-10-07
2024-10-07T05:00:00Z,100.92,2024-10-07T07:00:00+02:00,2024-10-07
2024-10-07T06:00:00Z,108.32,2024-10-07T08:00:00+02:00,2024-10-07
2024-10-07T07:00:00Z,91.86,2024-10-07T09:00:00+02:00,2024-10-07
2024-10-07T08:00:00Z,66.09,2024-10-07T10:00:00+02:00,2024-10-07
2024-10-07T09:00:00Z,60.22,2024-10-07T11:00:00+02:00,2024-10-07
2024-10-07T10:00:00Z,54.11,2024-10-07T12:00:00+02:00,2024-10-07
2024-10-07T11:00:00Z,43.29,2024-10-07T13:00:00+02:00,2024-10-07
2024-10-07T12:00:00Z,55.0,2024-10-07T14:00:00+02:00,2024-10-07
2024-10-07T13:00:00Z,67.01,2024-10-07T15:00:00+02:00,2024-10-07
2024-10-07T14:00:00Z,97.9,2024-10-07T16:00:00+02:00,2024-10-07
2024-10-07T15:00:00Z,120.71,2024-10-07T17:00:00+02:00,2024-10-07
2024-10-07T16:00:00Z,237.65,2024-10-07T18:00:00+02:00,2024-10-07
2024-10-07T17:00:00Z,229.53,2024-10-07T19:00:00+02:00,2024-10-07
2024-10-07T18:00:00Z,121.98,2024-10-07T20:00:00+02:00,2024-10-07
2024-10-07T19:00:00Z,99.93,2024-10-07T21:00:00+02:00,2024-10-07
2024-10-07T20:00:00Z,91.91,2024-10-07T22:00:00+02:00,2024-10-07
2024-10-07T21:00:00Z,79.12,2024-10-07T23:00:00+02:00,2024-10-07
2024-10-07T22:00:00Z,72.33,2024-10-08T00:00:00+02:00,2024-10-08
2024-10-07T23:00:00Z,67.07,2024-10-08T01:00:00+02:00,2024-10-08
2024-10-08T00:00:00Z,63.99,2024-10-08T02:00:00+02:00,2024-10-08
2024-10-08T01:00:00Z,59.67,2024-10-08T03:00:00+02:00,2024-10-08
2024-10-08T02:00:00Z,59.69,2024-10-08T04:00:00+02:00,2024-10-08
2024-10-08T03:00:00Z,67.43,2024-10-08T05:00:00+02:00,2024-10-08
2024-10-08T04:00:00Z,85.97,2024-10-08T06:00:00+02:00,2024-10-08
2024-10-08T05:00:00Z,110.37,2024-10-08T07:00:00+02:00,2024-10-08
2024-10-08T06:00:00Z,106.24,2024-10-08T08:00:00+02:00,2024-10-08
2024-10-08T07:00:00Z,85.0,2024-10-08T09:00:00+02:00,2024-10-08
2024-10-08T08:00:00Z,80.33,2024-10-08T10:00:00+02:00,2024-10-08
2024-10-08T09:00:00Z,80.5,2024-10-08T11:00:00+02:00,2024-10-08
2024-10-08T10:00:00Z,76.0,2024-10-08T12:00:00+02:00,2024-10-08
2024-10-08T11:00:00Z,82.53,2024-10-08T13:00:00+02:00,2024-10-08
2024-10-08T12:00:00Z,88.39,2024-10-08T14:00:00+02:00,2024-10-08
2024-10-08T13:00:00Z,90.08,2024-10-08T15:00:00+02:00,2024-10-08
2024-10-08T14:00:00Z,101.19,2024-10-08T16:00:00+02:00,2024-10-08
2024-10-08T15:00:00Z,126.34,2024-10-08T17:00:00+02:00,2024-10-08
2024-10-08T16:00:00Z,156.77,2024-10-08T18:00:00+02:00,2024-10-08
2024-10-08T17:00:00Z,168.2,2024-10-08T19:00:00+02:00,2024-10-08
2024-10-08T18:00:00Z,114.41,2024-10-08T20:00:00+02:00,2024-10-08
2024-10-08T19:00:00Z,94.9,2024-10-08T21:00:00+02:00,2024-10-08
2024-10-08T20:00:00Z,86.6,2024-10-08T22:00:00+02:00,2024-10-08
2024-10-08T21:00:00Z,67.6,2024-10-08T23:00:00+02:00,2024-10-08
2024-10-08T22:00:00Z,61.93,2024-10-09T00:00:00+02:00,2024-10-09
2024-10-08T23:00:00Z,60.0,2024-10-09T01:00:00+02:00,2024-10-09
2024-10-09T00:00:00Z,57.48,2024-10-09T02:00:00+02:00,2024-10-09
2024-10-09T01:00:00Z,54.32,2024-10-09T03:00:00+02:00,2024-10-09
2024-10-09T02:00:00Z,57.32,2024-10-09T04:00:00+02:00,2024-10-09
2024-10-09T03:00:00Z,63.87,2024-10-09T05:00:00+02:00,2024-10-09
2024-10-09T04:00:00Z,86.7,2024-10-09T06:00:00+02:00,2024-10-09
2024-10-09T05:00:00Z,111.19,2024-10-09T07:00:00+02:00,2024-10-09
2024-10-09T06:00:00Z,110.98,2024-10-09T08:00:00+02:00,2024-10-09
2024-10-09T07:00:00Z,87.0,2024-10-09T09:00:00+02:00,2024-10-09
2024-10-09T08:00:00Z,72.09,2024-10-09T10:00:00+02:00,2024-10-09
2024-10-09T09:00:00Z,59.9,2024-10-09T11:00:00+02:00,2024-10-09
2024-10-09T10:00:00Z,59.8,2024-10-09T12:00:00+02:00,2024-10-09
2024-10-09T11:00:00Z,59.85,2024-10-09T13:00:00+02:00,2024-10-09
2024-10-09T12:00:00Z,67.63,2024-10-09T14:00:00+02:00,2024-10-09
2024-10-09T13:00:00Z,77.17,2024-10-09T15:00:00+02:00,2024-10-09
2024-10-09T14:00:00Z,95.0,2024-10-09T16:00:00+02:00,2024-10-09
2024-10-09T15:00:00Z,117.45,2024-10-09T17:00:00+02:00,2024-10-09
2024-10-09T16:00:00Z,122.53,2024-10-09T18:00:00+02:00,2024-10-09
2024-10-09T17:00:00Z,127.12,2024-10-09T19:00:00+02:00,2024-10-09
2024-10-09T18:00:00Z,111.05,2024-10-09T20:00:00+02:00,2024-10-09
2024-10-09T19:00:00Z,95.8,2024-10-09T21:00:00+02:00,2024-10-09
2024-10-09T20:00:00Z,95.1,2024-10-09T22:00:00+02:00,2024-10-09
2024-10-09T21:00:00Z,82.34,2024-10-09T23:00:00+02:00,2024-10-09
2024-10-09T22:00:00Z,61.19,2024-10-10T00:00:00+02:00,2024-10-10
2024-10-09T23:00:00Z,46.89,2024-10-10T01:00:00+02:00,2024-10-10
2024-10-10T00:00:00Z,37.75,2024-10-10T02:00:00+02:00,2024-10-10
2024-10-10T01:00:00Z,32.0,2024-10-10T03:00:00+02:00,2024-10-10
2024-10-10T02:00:00Z,29.64,2024-10-10T04:00:00+02:00,2024-10-10
2024-10-10T03:00:00Z,39.6,2024-10-10T05:00:00+02:00,2024-10-10
2024-10-10T04:00:00Z,62.1,2024-10-10T06:00:00+02:00,2024-10-10
2024-10-10T05:00:00Z,84.9,2024-10-10T07:00:00+02:00,2024-10-10
2024-10-10T06:00:00Z,80.46,2024-10-10T08:00:00+02:00,2024-10-10
2024-10-10T07:00:00Z,67.5,2024-10-10T09:00:00+02:00,2024-10-10
2024-10-10T08:00:00Z,52.01,2024-10-10T10:00:00+02:00,2024-10-10
2024-10-10T09:00:00Z,38.93,2024-10-10T11:00:00+02:00,2024-10-10
2024-10-10T10:00:00Z,21.89,2024-10-10T12:00:00+02:00,2024-10-10
2024-10-10T11:00:00Z,15.94,2024-10-10T13:00:00+02:00,2024-10-10
2024-10-10T12:00:00Z,20.01,2024-10-10T14:00:00+02:00,2024-10-10
2024-10-10T13:00:00Z,38.37,2024-10-10T15:00:00+02:00,2024-10-10
2024-10-10T14:00:00Z,58.5,2024-10-10T16:00:00+02:00,2024-10-10
2024-10-10T15:00:00Z,85.82,2024-10-10T17:00:00+02:00,2024-10-10
2024-10-10T16:00:00Z,96.07,2024-10-10T18:00:00+02:00,2024-10-10
2024-10-10T17:00:00Z,119.32,2024-10-10T19:00:00+02:00,2024-10-10
2024-10-10T18:00:00Z,101.19,2024-10-10T20:00:00+02:00,2024-10-10
2024-10-10T19:00:00Z,90.41,2024-10-10T21:00:00+02:00,2024-10-10
2024-10-10T20:00:00Z,83.16,2024-10-10T22:00:00+02:00,2024-10-10
2024-10-10T21:00:00Z,69.93,2024-10-10T23:00:00+02:00,2024-10-10
2024-10-10T22:00:00Z,79.96,2024-10-11T00:00:00+02:00,2024-10-11
2024-10-10T23:00:00Z,73.21,2024-10-11T01:00:00+02:00,2024-10-11
2024-10-11T00:00:00Z,71.7,2024-10-11T02:00:00+02:00,2024-10-11
2024-10-11T01:00:00Z,67.91,2024-10-11T03:00:00+02:00,2024-10-11
2024-10-11T02:00:00Z,69.56,2024-10-11T04:00:00+02:00,2024-10-11
2024-10-11T03:00:00Z,73.39,2024-10-11T05:00:00+02:00,2024-10-11
2024-10-11T04:00:00Z,99.95,2024-10-11T06:00:00+02:00,2024-10-11
2024-10-11T05:00:00Z,140.41,2024-10-11T07:00:00+02:00,2024-10-11
2024-10-11T06:00:00Z,155.49,2024-10-11T08:00:00+02:00,2024-10-11
2024-10-11T07:00:00Z,110.01,2024-10-11T09:00:00+02:00,2024-10-11
2024-10-11T08:00:00Z,90.0,2024-10-11T10:00:00+02:00,2024-10-11
2024-10-11T09:00:00Z,72.35,2024-10-11T11:00:00+02:00,2024-10-11
2024-10-11T10:00:00Z,61.65,2024-10-11T12:00:00+02:00,2024-10-11
2024-10-11T11:00:00Z,57.17,2024-10-11T13:00:00+02:00,2024-10-11
2024-10-11T12:00:00Z,59.56,2024-10-11T14:00:00+02:00,2024-10-11
2024-10-11T13:00:00Z,66.96,2024-10-11T15:00:00+02:00,2024-10-11
2024-10-11T14:00:00Z,73.35,2024-10-11T16:00:00+02:00,2024-10-11
2024-10-11T15:00:00Z,112.78,2024-10-11T17:00:00+02:00,2024-10-11
2024-10-11T16:00:00Z,167.86,2024-10-11T18:00:00+02:00,2024-10-11
2024-10-11T17:00:00Z,174.24,2024-10-11T19:00:00+02:00,2024-10-11
2024-10-11T18:00:00Z,121.31,2024-10-11T20:00:00+02:00,2024-10-11
2024-10-11T19:00:00Z,99.79,2024-10-11T21:00:00+02:00,2024-10-11
2024-10-11T20:00:00Z,98.41,2024-10-11T22:00:00+02:00,2024-10-11
2024-10-11T21:00:00Z,87.83,2024-10-11T23:00:00+02:00,2024-10-11
2024-10-11T22:00:00Z,90.09,2024-10-12T00:00:00+02:00,2024-10-12
2024-10-11T23:00:00Z,79.42,2024-10-12T01:00:00+02:00,2024-10-12
2024-10-12T00:00:00Z,75.58,2024-10-12T02:00:00+02:00,2024-10-12
2024-10-12T01:00:00Z,75.02,2024-10-12T03:00:00+02:00,2024-10-12
2024-10-12T02:00:00Z,71.92,2024-10-12T04:00:00+02:00,2024-10-12
2024-10-12T03:00:00Z,67.9,2024-10-12T05:00:00+02:00,2024-10-12
2024-10-12T04:00:00Z,71.63,2024-10-12T06:00:00+02:00,2024-10-12
2024-10-12T05:00:00Z,68.73,2024-10-12T07:00:00+02:00,2024-10-12
2024-10-12T06:00:00Z,68.91,2024-10-12T08:00:00+02:00,2024-10-12
2024-10-12T07:00:00Z,41.82,2024-10-12T09:00:00+02:00,2024-10-12
2024-10-12T08:00:00Z,35.3,2024-10-12T10:00:00+02:00,2024-10-12
2024-10-12T09:00:00Z,34.28,2024-10-12T11:00:00+02:00,2024-10-12
2024-10-12T10:00:00Z,24.79,2024-10-12T12:00:00+02:00,2024-10-12
2024-10-12T11:00:00Z,14.33,2024-10-12T13:00:00+02:00,2024-10-12
2024-10-12T12:00:00Z,23.34,2024-10-12T14:00:00+02:00,2024-10-12
2024-10-12T13:00:00Z,46.35,2024-10-12T15:00:00+02:00,2024-10-12
2024-10-12T14:00:00Z,63.18,2024-10-12T16:00:00+02:00,2024-10-12
2024-10-12T15:00:00Z,76.02,2024-10-12T17:00:00+02:00,2024-10-12
2024-10-12T16:00:00Z,80.86,2024-10-12T18:00:00+02:00,2024-10-12
2024-10-12T17:00:00Z,77.62,2024-10-12T19:00:00+02:00,2024-10-12
2024-10-12T18:00:00Z,60.19,2024-10-12T20:00:00+02:00,2024-10-12
2024-10-12T19:00:00Z,45.42,2024-10-12T21:00:00+02:00,2024-10-12
2024-10-12T20:00:00Z,34.87,2024-10-12T22:00:00+02:00,2024-10-12
2024-10-12T21:00:00Z,25.37,2024-10-12T23:00:00+02:00,2024-10-12
2024-10-12T22:00:00Z,0.0,2024-10-13T00:00:00+02:00,2024-10-13
2024-10-12T23:00:00Z,-0.01,2024-10-13T01:00:00+02:00,2024-10-13
2024-10-13T00:00:00Z,-0.07,2024-10-13T02:00:00+02:00,2024-10-13
2024-10-13T01:00:00Z,-0.37,2024-10-13T03:00:00+02:00,2024-10-13
2024-10-13T02:00:00Z,-0.51,2024-10-13T04:00:00+02:00,2024-10-13
2024-10-13T03:00:00Z,-0.09,2024-10-13T05:00:00+02:00,2024-10-13
2024-10-13T04:00:00Z,-0.3,2024-10-13T06:00:00+02:00,2024-10-13
2024-10-13T05:00:00Z,-0.04,2024-10-13T07:00:00+02:00,2024-10-13
2024-10-13T06:00:00Z,-0.07,2024-10-13T08:00:00+02:00,2024-10-13
2024-10-13T07:00:00Z,-0.86,2024-10-13T09:00:00+02:00,2024-10-13
2024-10-13T08:00:00Z,-0.64,2024-10-13T10:00:00+02:00,2024-10-13
2024-10-13T09:00:00Z,-1.97,2024-10-13T11:00:00+02:00,2024-10-13
2024-10-13T10:00:00Z,-7.49,2024-10-13T12:00:00+02:00,2024-10-13
2024-10-13T11:00:00Z,-15.16,2024-10-13T13:00:00+02:00,2024-10-13
2024-10-13T12:00:00Z,-15.69,2024-10-13T14:00:00+02:00,2024-10-13
2024-10-13T13:00:00Z,-5.01,2024-10-13T15:00:00+02:00,2024-10-13
2024-10-13T14:00:00Z,-1.99,2024-10-13T16:00:00+02:00,2024-10-13
2024-10-13T15:00:00Z,0.06,2024-10-13T17:00:00+02:00,2024-10-13
2024-10-13T16:00:00Z,35.83,2024-10-13T18:00:00+02:00,2024-10-13
2024-10-13T17:00:00Z,54.05,2024-10-13T19:00:00+02:00,2024-10-13
2024-10-13T18:00:00Z,39.51,2024-10-13T20:00:00+02:00,2024-10-13
2024-10-13T19:00:00Z,38.43,2024-10-13T21:00:00+02:00,2024-10-13
2024-10-13T20:00:00Z,40.13,2024-10-13T22:00:00+02:00,2024-10-13
2024-10-13T21:00:00Z,36.81,2024-10-13T23:00:00+02:00,2024-10-13
2024-10-13T22:00:00Z,37.1,2024-10-14T00:00:00+02:00,2024-10-14
2024-10-13T23:00:00Z,35.25,2024-10-14T01:00:00+02:00,2024-10-14
2024-10-14T00:00:00Z,35.17,2024-10-14T02:00:00+02:00,2024-10-14
2024-10-14T01:00:00Z,34.36,2024-10-14T03:00:00+02:00,2024-10-14
2024-10-14T02:00:00Z,39.33,2024-10-14T04:00:00+02:00,2024-10-14
2024-10-14T03:00:00Z,62.2,2024-10-14T05:00:00+02:00,2024-10-14
2024-10-14T04:00:00Z,98.74,2024-10-14T06:00:00+02:00,2024-10-14
2024-10-14T05:00:00Z,132.89,2024-10-14T07:00:00+02:00,2024-10-14
2024-10-14T06:00:00Z,153.61,2024-10-14T08:00:00+02:00,2024-10-14
2024-10-14T07:00:00Z,117.94,2024-10-14T09:00:00+02:00,2024-10-14
2024-10-14T08:00:00Z,100.95,2024-10-14T10:00:00+02:00,2024-10-14
2024-10-14T09:00:00Z,95.53,2024-10-14T11:00:00+02:00,2024-10-14
2024-10-14T10:00:00Z,88.36,2024-10-14T12:00:00+02:00,2024-10-14
2024-10-14T11:00:00Z,82.6,2024-10-14T13:00:00+02:00,2024-10-14
2024-10-14T12:00:00Z,74.16,2024-10-14T14:00:00+02:00,2024-10-14
2024-10-14T13:00:00Z,87.08,2024-10-14T15:00:00+02:00,2024-10-14
2024-10-14T14:00:00Z,105.79,2024-10-14T16:00:00+02:00,2024-10-14
2024-10-14T15:00:00Z,159.59,2024-10-14T17:00:00+02:00,2024-10-14
2024-10-14T16:00:00Z,257.1,2024-10-14T18:00:00+02:00,2024-10-14
2024-10-14T17:00:00Z,269.74,2024-10-14T19:00:00+02:00,2024-10-14
2024-10-14T18:00:00Z,158.0,2024-10-14T20:00:00+02:00,2024-10-14
2024-10-14T19:00:00Z,114.12,2024-10-14T21:00:00+02:00,2024-10-14
2024-10-14T20:00:00Z,99.66,2024-10-14T22:00:00+02:00,2024-10-14
2024-10-14T21:00:00Z,94.8,2024-10-14T23:00:00+02:00,2024-10-14
2024-10-14T22:00:00Z,91.23,2024-10-15T00:00:00+02:00,2024-10-15
2024-10-14T23:00:00Z,86.49,2024-10-15T01:00:00+02:00,2024-10-15
2024-10-15T00:00:00Z,88.35,2024-10-15T02:00:00+02:00,2024-10-15
2024-10-15T01:00:00Z,84.04,2024-10-15T03:00:00+02:00,2024-10-15
2024-10-15T02:00:00Z,80.8,2024-10-15T04:00:00+02:00,2024-10-15
2024-10-15T03:00:00Z,89.51,2024-10-15T05:00:00+02:00,2024-10-15
2024-10-15T04:00:00Z,114.53,2024-10-15T06:00:00+02:00,2024-10-15
2024-10-15T05:00:00Z,185.39,2024-10-15T07:00:00+02:00,2024-10-15
2024-10-15T06:00:00Z,176.61,2024-10-15T08:00:00+02:00,2024-10-15
2024-10-15T07:00:00Z,110.54,2024-10-15T09:00:00+02:00,2024-10-15
2024-10-15T08:00:00Z,92.75,2024-10-15T10:00:00+02:00,2024-10-15
2024-10-15T09:00:00Z,83.05,2024-10-15T11:00:00+02:00,2024-10-15
2024-10-15T10:00:00Z,78.47,2024-10-15T12:00:00+02:00,2024-10-15
2024-10-15T11:00:00Z,71.75,2024-10-15T13:00:00+02:00,2024-10-15
2024-10-15T12:00:00Z,75.9,2024-10-15T14:00:00+02:00,2024-10-15
2024-10-15T13:00:00Z,83.36,2024-10-15T15:00:00+02:00,2024-10-15
2024-10-15T14:00:00Z,89.03,2024-10-15T16:00:00+02:00,2024-10-15
2024-10-15T15:00:00Z,120.69,2024-10-15T17:00:00+02:00,2024-10-15
2024-10-15T16:00:00Z,136.79,2024-10-15T18:00:00+02:00,2024-10-15
2024-10-15T17:00:00Z,97.31,2024-10-15T19:00:00+02:00,2024-10-15
2024-10-15T18:00:00Z,76.26,2024-10-15T20:00:00+02:00,2024-10-15
2024-10-15T19:00:00Z,66.65,2024-10-15T21:00:00+02:00,2024-10-15
2024-10-15T20:00:00Z,59.65,2024-10-15T22:00:00+02:00,2024-10-15
2024-10-15T21:00:00Z,40.78,2024-10-15T23:00:00+02:00,2024-10-15
2024-10-15T22:00:00Z,23.35,2024-10-16T00:00:00+02:00,2024-10-16
2024-10-15T23:00:00Z,12.8,2024-10-16T01:00:00+02:00,2024-10-16
2024-10-16T00:00:00Z,5.3,2024-10-16T02:00:00+02:00,2024-10-16
2024-10-16T01:00:00Z,3.61,2024-10-16T03:00:00+02:00,2024-10-16
2024-10-16T02:00:00Z,3.16,2024-10-16T04:00:00+02:00,2024-10-16
2024-10-16T03:00:00Z,8.2,2024-10-16T05:00:00+02:00,2024-10-16
2024-10-16T04:00:00Z,42.59,2024-10-16T06:00:00+02:00,2024-10-16
2024-10-16T05:00:00Z,67.29,2024-10-16T07:00:00+02:00,2024-10-16
2024-10-16T06:00:00Z,66.52,2024-10-16T08:00:00+02:00,2024-10-16
2024-10-16T07:00:00Z,54.29,2024-10-16T09:00:00+02:00,2024-10-16
2024-10-16T08:00:00Z,26.68,2024-10-16T10:00:00+02:00,2024-10-16
2024-10-16T09:00:00Z,14.16,2024-10-16T11:00:00+02:00,2024-10-16
2024-10-16T10:00:00Z,4.09,2024-10-16T12:00:00+02:00,2024-10-16
2024-10-16T11:00:00Z,2.04,2024-10-16T13:00:00+02:00,2024-10-16
2024-10-16T12:00:00Z,4.0,2024-10-16T14:00:00+02:00,2024-10-16
2024-10-16T13:00:00Z,14.18,2024-10-16T15:00:00+02:00,2024-10-16
2024-10-16T14:00:00Z,54.92,2024-10-16T16:00:00+02:00,2024-10-16
2024-10-16T15:00:00Z,72.95,2024-10-16T17:00:00+02:00,2024-10-16
2024-10-16T16:00:00Z,84.47,2024-10-16T18:00:00+02:00,2024-10-16
2024-10-16T17:00:00Z,88.38,2024-10-16T19:00:00+02:00,2024-10-16
2024-10-16T18:00:00Z,65.31,2024-10-16T20:00:00+02:00,2024-10-16
2024-10-16T19:00:00Z,61.86,2024-10-16T21:00:00+02:00,2024-10-16
2024-10-16T20:00:00Z,35.14,2024-10-16T22:00:00+02:00,2024-10-16
2024-10-16T21:00:00Z,26.54,2024-10-16T23:00:00+02:00,2024-10-16
2024-10-16T22:00:00Z,17.04,2024-10-17T00:00:00+02:00,2024-10-17
2024-10-16T23:00:00Z,12.15,2024-10-17T01:00:00+02:00,2024-10-17
2024-10-17T00:00:00Z,10.48,2024-10-17T02:00:00+02:00,2024-10-17
2024-10-17T01:00:00Z,5.61,2024-10-17T03:00:00+02:00,2024-10-17
2024-10-17T02:00:00Z,10.01,2024-10-17T04:00:00+02:00,2024-10-17
2024-10-17T03:00:00Z,29.8,2024-10-17T05:00:00+02:00,2024-10-17
2024-10-17T04:00:00Z,70.51,2024-10-17T06:00:00+02:00,2024-10-17
2024-10-17T05:00:00Z,101.39,2024-10-17T07:00:00+02:00,2024-10-17
2024-10-17T06:00:00Z,92.53,2024-10-17T08:00:00+02:00,2024-10-17
2024-10-17T07:00:00Z,73.76,2024-10-17T09:00:00+02:00,2024-10-17
2024-10-17T08:00:00Z,62.22,2024-10-17T10:00:00+02:00,2024-10-17
2024-10-17T09:00:00Z,52.02,2024-10-17T11:00:00+02:00,2024-10-17
2024-10-17T10:00:00Z,46.54,2024-10-17T12:00:00+02:00,2024-10-17
2024-10-17T11:00:00Z,47.52,2024-10-17T13:00:00+02:00,2024-10-17
2024-10-17T12:00:00Z,60.04,2024-10-17T14:00:00+02:00,2024-10-17
2024-10-17T13:00:00Z,63.55,2024-10-17T15:00:00+02:00,2024-10-17
2024-10-17T14:00:00Z,92.68,2024-10-17T16:00:00+02:00,2024-10-17
2024-10-17T15:00:00Z,123.6,2024-10-17T17:00:00+02:00,2024-10-17
2024-10-17T16:00:00Z,186.21,2024-10-17T18:00:00+02:00,2024-10-17
2024-10-17T17:00:00Z,172.19,2024-10-17T19:00:00+02:00,2024-10-17
2024-10-17T18:00:00Z,117.5,2024-10-17T20:00:00+02:00,2024-10-17
2024-10-17T19:00:00Z,97.81,2024-10-17T21:00:00+02:00,2024-10-17
2024-10-17T20:00:00Z,89.05,2024-10-17T22:00:00+02:00,2024-10-17
2024-10-17T21:00:00Z,82.21,2024-10-17T23:00:00+02:00,2024-10-17
2024-10-17T22:00:00Z,80.95,2024-10-18T00:00:00+02:00,2024-10-18
2024-10-17T23:00:00Z,81.16,2024-10-18T01:00:00+02:00,2024-10-18
2024-10-18T00:00:00Z,82.73,2024-10-18T02:00:00+02:00,2024-10-18
2024-10-18T01:00:00Z,78.84,2024-10-18T03:00:00+02:00,2024-10-18
2024-10-18T02:00:00Z,81.19,2024-10-18T04:00:00+02:00,2024-10-18
2024-10-18T03:00:00Z,84.34,2024-10-18T05:00:00+02:00,2024-10-18
2024-10-18T04:00:00Z,98.89,2024-10-18T06:00:00+02:00,2024-10-18
2024-10-18T05:00:00Z,149.78,2024-10-18T07:00:00+02:00,2024-10-18
2024-10-18T06:00:00Z,156.24,2024-10-18T08:00:00+02:00,2024-10-18
2024-10-18T07:00:00Z,111.0,2024-10-18T09:00:00+02:00,2024-10-18
2024-10-18T08:00:00Z,95.76,2024-10-18T10:00:00+02:00,2024-10-18
2024-10-18T09:00:00Z,85.3,2024-10-18T11:00:00+02:00,2024-10-18
2024-10-18T10:00:00Z,82.96,2024-10-18T12:00:00+02:00,2024-10-18
2024-10-18T11:00:00Z,80.2,2024-10-18T13:00:00+02:00,2024-10-18
2024-10-18T12:00:00Z,81.19,2024-10-18T14:00:00+02:00,2024-10-18
2024-10-18T13:00:00Z,84.34,2024-10-18T15:00:00+02:00,2024-10-18
2024-10-18T14:00:00Z,103.29,2024-10-18T16:00:00+02:00,2024-10-18
2024-10-18T15:00:00Z,133.67,2024-10-18T17:00:00+02:00,2024-10-18
2024-10-18T16:00:00Z,181.28,2024-10-18T18:00:00+02:00,2024-10-18
2024-10-18T17:00:00Z,142.58,2024-10-18T19:00:00+02:00,2024-10-18
2024-10-18T18:00:00Z,103.25,2024-10-18T20:00:00+02:00,2024-10-18
2024-10-18T19:00:00Z,96.83,2024-10-18T21:00:00+02:00,2024-10-18
2024-10-18T20:00:00Z,93.26,2024-10-18T22:00:00+02:00,2024-10-18
2024-10-18T21:00:00Z,85.54,2024-10-18T23:00:00+02:00,2024-10-18
2024-10-18T22:00:00Z,87.06,2024-10-19T00:00:00+02:00,2024-10-19
2024-10-18T23:00:00Z,83.03,2024-10-19T01:00:00+02:00,2024-10-19
2024-10-19T00:00:00Z,79.91,2024-10-19T02:00:00+02:00,2024-10-19
2024-10-19T01:00:00Z,75.26,2024-10-19T03:00:00+02:00,2024-10-19
2024-10-19T02:00:00Z,75.87,2024-10-19T04:00:00+02:00,2024-10-19
2024-10-19T03:00:00Z,76.77,2024-10-19T05:00:00+02:00,2024-10-19
2024-10-19T04:00:00Z,80.0,2024-10-19T06:00:00+02:00,2024-10-19
2024-10-19T05:00:00Z,91.91,2024-10-19T07:00:00+02:00,2024-10-19
2024-10-19T06:00:00Z,89.66,2024-10-19T08:00:00+02:00,2024-10-19
2024-10-19T07:00:00Z,84.6,2024-10-19T09:00:00+02:00,2024-10-19
2024-10-19T08:00:00Z,78.8,2024-10-19T10:00:00+02:00,2024-10-19
2024-10-19T09:00:00Z,73.32,2024-10-19T11:00:00+02:00,2024-10-19
2024-10-19T10:00:00Z,66.16,2024-10-19T12:00:00+02:00,2024-10-19
2024-10-19T11:00:00Z,60.96,2024-10-19T13:00:00+02:00,2024-10-19
2024-10-19T12:00:00Z,63.89,2024-10-19T14:00:00+02:00,2024-10-19
2024-10-19T13:00:00Z,79.07,2024-10-19T15:00:00+02:00,2024-10-19
2024-10-19T14:00:00Z,98.09,2024-10-19T16:00:00+02:00,2024-10-19
2024-10-19T15:00:00Z,109.14,2024-10-19T17:00:00+02:00,2024-10-19
2024-10-19T16:00:00Z,135.82,2024-10-19T18:00:00+02:00,2024-10-19
2024-10-19T17:00:00Z,118.93,2024-10-19T19:00:00+02:00,2024-10-19
2024-10-19T18:00:00Z,96.8,2024-10-19T20:00:00+02:00,2024-10-19
2024-10-19T19:00:00Z,90.18,2024-10-19T21:00:00+02:00,2024-10-19
2024-10-19T20:00:00Z,83.83,2024-10-19T22:00:00+02:00,2024-10-19
2024-10-19T21:00:00Z,73.33,2024-10-19T23:00:00+02:00,2024-10-19
2024-10-19T22:00:00Z,55.57,2024-10-20T00:00:00+02:00,2024-10-20
2024-10-19T23:00:00Z,54.9,2024-10-20T01:00:00+02:00,2024-10-20
2024-10-20T00:00:00Z,57.23,2024-10-20T02:00:00+02:00,2024-10-20
2024-10-20T01:00:00Z,59.82,2024-10-20T03:00:00+02:00,2024-10-20
2024-10-20T02:00:00Z,62.92,2024-10-20T04:00:00+02:00,2024-10-20
2024-10-20T03:00:00Z,66.91,2024-10-20T05:00:00+02:00,2024-10-20
2024-10-20T04:00:00Z,64.23,2024-10-20T06:00:00+02:00,2024-10-20
2024-10-20T05:00:00Z,75.32,2024-10-20T07:00:00+02:00,2024-10-20
2024-10-20T06:00:00Z,68.28,2024-10-20T08:00:00+02:00,2024-10-20
2024-10-20T07:00:00Z,45.75,2024-10-20T09:00:00+02:00,2024-10-20
2024-10-20T08:00:00Z,6.37,2024-10-20T10:00:00+02:00,2024-10-20
2024-10-20T09:00:00Z,0.08,2024-10-20T11:00:00+02:00,2024-10-20
2024-10-20T10:00:00Z,0.0,2024-10-20T12:00:00+02:00,2024-10-20
2024-10-20T11:00:00Z,-0.98,2024-10-20T13:00:00+02:00,2024-10-20
2024-10-20T12:00:00Z,-2.01,2024-10-20T14:00:00+02:00,2024-10-20
2024-10-20T13:00:00Z,0.0,2024-10-20T15:00:00+02:00,2024-10-20
2024-10-20T14:00:00Z,5.1,2024-10-20T16:00:00+02:00,2024-10-20
2024-10-20T15:00:00Z,57.69,2024-10-20T17:00:00+02:00,2024-10-20
2024-10-20T16:00:00Z,60.7,2024-10-20T18:00:00+02:00,2024-10-20
2024-10-20T17:00:00Z,45.08,2024-10-20T19:00:00+02:00,2024-10-20
2024-10-20T18:00:00Z,34.35,2024-10-20T20:00:00+02:00,2024-10-20
2024-10-20T19:00:00Z,20.95,2024-10-20T21:00:00+02:00,2024-10-20
2024-10-20T20:00:00Z,12.15,2024-10-20T22:00:00+02:00,2024-10-20
2024-10-20T21:00:00Z,1.93,2024-10-20T23:00:00+02:00,2024-10-20
2024-10-20T22:00:00Z,-0.1,2024-10-21T00:00:00+02:00,2024-10-21
2024-10-20T23:00:00Z,-0.1,2024-10-21T01:00:00+02:00,2024-10-21
2024-10-21T00:00:00Z,-0.14,2024-10-21T02:00:00+02:00,2024-10-21
2024-10-21T01:00:00Z,-0.08,2024-10-21T03:00:00+02:00,2024-10-21
2024-10-21T02:00:00Z,-0.04,2024-10-21T04:00:00+02:00,2024-10-21
2024-10-21T03:00:00Z,3.45,2024-10-21T05:00:00+02:00,2024-10-21
2024-10-21T04:00:00Z,66.6,2024-10-21T06:00:00+02:00,2024-10-21
2024-10-21T05:00:00Z,104.98,2024-10-21T07:00:00+02:00,2024-10-21
2024-10-21T06:00:00Z,120.39,2024-10-21T08:00:00+02:00,2024-10-21
2024-10-21T07:00:00Z,103.9,2024-10-21T09:00:00+02:00,2024-10-21
2024-10-21T08:00:00Z,89.04,2024-10-21T10:00:00+02:00,2024-10-21
2024-10-21T09:00:00Z,81.03,2024-10-21T11:00:00+02:00,2024-10-21
2024-10-21T10:00:00Z,73.19,2024-10-21T12:00:00+02:00,2024-10-21
2024-10-21T11:00:00Z,81.36,2024-10-21T13:00:00+02:00,2024-10-21
2024-10-21T12:00:00Z,81.65,2024-10-21T14:00:00+02:00,2024-10-21
2024-10-21T13:00:00Z,98.59,2024-10-21T15:00:00+02:00,2024-10-21
2024-10-21T14:00:00Z,123.5,2024-10-21T16:00:00+02:00,2024-10-21
2024-10-21T15:00:00Z,131.54,2024-10-21T17:00:00+02:00,2024-10-21
2024-10-21T16:00:00Z,222.11,2024-10-21T18:00:00+02:00,2024-10-21
2024-10-21T17:00:00Z,190.87,2024-10-21T19:00:00+02:00,2024-10-21
2024-10-21T18:00:00Z,128.44,2024-10-21T20:00:00+02:00,2024-10-21
2024-10-21T19:00:00Z,102.0,2024-10-21T21:00:00+02:00,2024-10-21
2024-10-21T20:00:00Z,97.8,2024-10-21T22:00:00+02:00,2024-10-21
2024-10-21T21:00:00Z,92.97,2024-10-21T23:00:00+02:00,2024-10-21
2024-10-21T22:00:00Z,91.67,2024-10-22T00:00:00+02:00,2024-10-22
2024-10-21T23:00:00Z,89.43,2024-10-22T01:00:00+02:00,2024-10-22
2024-10-22T00:00:00Z,85.69,2024-10-22T02:00:00+02:00,2024-10-22
2024-10-22T01:00:00Z,83.6,2024-10-22T03:00:00+02:00,2024-10-22
2024-10-22T02:00:00Z,83.19,2024-10-22T04:00:00+02:00,2024-10-22
2024-10-22T03:00:00Z,89.95,2024-10-22T05:00:00+02:00,2024-10-22
2024-10-22T04:00:00Z,100.58,2024-10-22T06:00:00+02:00,2024-10-22
2024-10-22T05:00:00Z,156.09,2024-10-22T07:00:00+02:00,2024-10-22
2024-10-22T06:00:00Z,170.12,2024-10-22T08:00:00+02:00,2024-10-22
2024-10-22T07:00:00Z,113.44,2024-10-22T09:00:00+02:00,2024-10-22
2024-10-22T08:00:00Z,99.22,2024-10-22T10:00:00+02:00,2024-10-22
2024-10-22T09:00:00Z,87.75,2024-10-22T11:00:00+02:00,2024-10-22
2024-10-22T10:00:00Z,77.11,2024-10-22T12:00:00+02:00,2024-10-22
2024-10-22T11:00:00Z,70.88,2024-10-22T13:00:00+02:00,2024-10-22
2024-10-22T12:00:00Z,73.53,2024-10-22T14:00:00+02:00,2024-10-22
2024-10-22T13:00:00Z,87.08,2024-10-22T15:00:00+02:00,2024-10-22
2024-10-22T14:00:00Z,107.45,2024-10-22T16:00:00+02:00,2024-10-22
2024-10-22T15:00:00Z,109.97,2024-10-22T17:00:00+02:00,2024-10-22
2024-10-22T16:00:00Z,140.36,2024-10-22T18:00:00+02:00,2024-10-22
2024-10-22T17:00:00Z,157.75,2024-10-22T19:00:00+02:00,2024-10-22
2024-10-22T18:00:00Z,114.02,2024-10-22T20:00:00+02:00,2024-10-22
2024-10-22T19:00:00Z,99.4,2024-10-22T21:00:00+02:00,2024-10-22
2024-10-22T20:00:00Z,95.72,2024-10-22T22:00:00+02:00,2024-10-22
2024-10-22T21:00:00Z,88.35,2024-10-22T23:00:00+02:00,2024-10-22
2024-10-22T22:00:00Z,80.83,2024-10-23T00:00:00+02:00,2024-10-23
2024-10-22T23:00:00Z,83.23,2024-10-23T01:00:00+02:00,2024-10-23
2024-10-23T00:00:00Z,82.02,2024-10-23T02:00:00+02:00,2024-10-23
2024-10-23T01:00:00Z,83.21,2024-10-23T03:00:00+02:00,2024-10-23
2024-10-23T02:00:00Z,85.8,2024-10-23T04:00:00+02:00,2024-10-23
2024-10-23T03:00:00Z,93.6,2024-10-23T05:00:00+02:00,2024-10-23
2024-10-23T04:00:00Z,108.19,2024-10-23T06:00:00+02:00,2024-10-23
2024-10-23T05:00:00Z,172.79,2024-10-23T07:00:00+02:00,2024-10-23
2024-10-23T06:00:00Z,183.13,2024-10-23T08:00:00+02:00,2024-10-23
2024-10-23T07:00:00Z,128.42,2024-10-23T09:00:00+02:00,2024-10-23
2024-10-23T08:00:00Z,104.1,2024-10-23T10:00:00+02:00,2024-10-23
2024-10-23T09:00:00Z,93.86,2024-10-23T11:00:00+02:00,2024-10-23
2024-10-23T10:00:00Z,85.62,2024-10-23T12:00:00+02:00,2024-10-23
2024-10-23T11:00:00Z,80.99,2024-10-23T13:00:00+02:00,2024-10-23
2024-10-23T12:00:00Z,78.97,2024-10-23T14:00:00+02:00,2024-10-23
2024-10-23T13:00:00Z,88.62,2024-10-23T15:00:00+02:00,2024-10-23
2024-10-23T14:00:00Z,101.9,2024-10-23T16:00:00+02:00,2024-10-23
2024-10-23T15:00:00Z,147.15,2024-10-23T17:00:00+02:00,2024-10-23
2024-10-23T16:00:00Z,218.18,2024-10-23T18:00:00+02:00,2024-10-23
2024-10-23T17:00:00Z,177.6,2024-10-23T19:00:00+02:00,2024-10-23
2024-10-23T18:00:00Z,111.71,2024-10-23T20:00:00+02:00,2024-10-23
2024-10-23T19:00:00Z,101.51,2024-10-23T21:00:00+02:00,2024-10-23
2024-10-23T20:00:00Z,103.33,2024-10-23T22:00:00+02:00,2024-10-23
2024-10-23T21:00:00Z,93.16,2024-10-23T23:00:00+02:00,2024-10-23
2024-10-23T22:00:00Z,91.75,2024-10-24T00:00:00+02:00,2024-10-24
2024-10-23T23:00:00Z,82.42,2024-10-24T01:00:00+02:00,2024-10-24
2024-10-24T00:00:00Z,80.67,2024-10-24T02:00:00+02:00,2024-10-24
2024-10-24T01:00:00Z,80.29,2024-10-24T03:00:00+02:00,2024-10-24
2024-10-24T02:00:00Z,80.45,2024-10-24T04:00:00+02:00,2024-10-24
2024-10-24T03:00:00Z,83.82,2024-10-24T05:00:00+02:00,2024-10-24
2024-10-24T04:00:00Z,103.21,2024-10-24T06:00:00+02:00,2024-10-24
2024-10-24T05:00:00Z,148.29,2024-10-24T07:00:00+02:00,2024-10-24
2024-10-24T06:00:00Z,171.27,2024-10-24T08:00:00+02:00,2024-10-24
2024-10-24T07:00:00Z,117.3,2024-10-24T09:00:00+02:00,2024-10-24
2024-10-24T08:00:00Z,101.91,2024-10-24T10:00:00+02:00,2024-10-24
2024-10-24T09:00:00Z,93.05,2024-10-24T11:00:00+02:00,2024-10-24
2024-10-24T10:00:00Z,83.96,2024-10-24T12:00:00+02:00,2024-10-24
2024-10-24T11:00:00Z,79.15,2024-10-24T13:00:00+02:00,2024-10-24
2024-10-24T12:00:00Z,81.51,2024-10-24T14:00:00+02:00,2024-10-24
2024-10-24T13:00:00Z,95.7,2024-10-24T15:00:00+02:00,2024-10-24
2024-10-24T14:00:00Z,116.17,2024-10-24T16:00:00+02:00,2024-10-24
2024-10-24T15:00:00Z,129.9,2024-10-24T17:00:00+02:00,2024-10-24
2024-10-24T16:00:00Z,141.53,2024-10-24T18:00:00+02:00,2024-10-24
2024-10-24T17:00:00Z,114.19,2024-10-24T19:00:00+02:00,2024-10-24
2024-10-24T18:00:00Z,96.61,2024-10-24T20:00:00+02:00,2024-10-24
2024-10-24T19:00:00Z,93.64,2024-10-24T21:00:00+02:00,2024-10-24
2024-10-24T20:00:00Z,89.9,2024-10-24T22:00:00+02:00,2024-10-24
2024-10-24T21:00:00Z,83.61,2024-10-24T23:00:00+02:00,2024-10-24
2024-10-24T22:00:00Z,82.5,2024-10-25T00:00:00+02:00,2024-10-25
2024-10-24T23:00:00Z,82.07,2024-10-25T01:00:00+02:00,2024-10-25
2024-10-25T00:00:00Z,79.69,2024-10-25T02:00:00+02:00,2024-10-25
2024-10-25T01:00:00Z,82.6,2024-10-25T03:00:00+02:00,2024-10-25
2024-10-25T02:00:00Z,84.47,2024-10-25T04:00:00+02:00,2024-10-25
2024-10-25T03:00:00Z,94.59,2024-10-25T05:00:00+02:00,2024-10-25
2024-10-25T04:00:00Z,108.94,2024-10-25T06:00:00+02:00,2024-10-25
2024-10-25T05:00:00Z,123.75,2024-10-25T07:00:00+02:00,2024-10-25
2024-10-25T06:00:00Z,150.59,2024-10-25T08:00:00+02:00,2024-10-25
2024-10-25T07:00:00Z,122.43,2024-10-25T09:00:00+02:00,2024-10-25
2024-10-25T08:00:00Z,108.15,2024-10-25T10:00:00+02:00,2024-10-25
2024-10-25T09:00:00Z,93.9,2024-10-25T11:00:00+02:00,2024-10-25
2024-10-25T10:00:00Z,81.08,2024-10-25T12:00:00+02:00,2024-10-25
2024-10-25T11:00:00Z,78.18,2024-10-25T13:00:00+02:00,2024-10-25
2024-10-25T12:00:00Z,82.47,2024-10-25T14:00:00+02:00,2024-10-25
2024-10-25T13:00:00Z,99.33,2024-10-25T15:00:00+02:00,2024-10-25
2024-10-25T14:00:00Z,118.03,2024-10-25T16:00:00+02:00,2024-10-25
2024-10-25T15:00:00Z,158.73,2024-10-25T17:00:00+02:00,2024-10-25
2024-10-25T16:00:00Z,227.32,2024-10-25T18:00:00+02:00,2024-10-25
2024-10-25T17:00:00Z,184.85,2024-10-25T19:00:00+02:00,2024-10-25
2024-10-25T18:00:00Z,123.86,2024-10-25T20:00:00+02:00,2024-10-25
2024-10-25T19:00:00Z,116.29,2024-10-25T21:00:00+02:00,2024-10-25
2024-10-25T20:00:00Z,113.96,2024-10-25T22:00:00+02:00,2024-10-25
2024-10-25T21:00:00Z,107.4,2024-10-25T23:00:00+02:00,2024-10-25
2024-10-25T22:00:00Z,115.29,2024-10-26T00:00:00+02:00,2024-10-26
2024-10-25T23:00:00Z,109.64,2024-10-26T01:00:00+02:00,2024-10-26
2024-10-26T00:00:00Z,106.95,2024-10-26T02:00:00+02:00,2024-10-26
2024-10-26T01:00:00Z,107.79,2024-10-26T03:00:00+02:00,2024-10-26
2024-10-26T02:00:00Z,105.7,2024-10-26T04:00:00+02:00,2024-10-26
2024-10-26T03:00:00Z,106.82,2024-10-26T05:00:00+02:00,2024-10-26
2024-10-26T04:00:00Z,113.93,2024-10-26T06:00:00+02:00,2024-10-26
2024-10-26T05:00:00Z,125.71,2024-10-26T07:00:00+02:00,2024-10-26
2024-10-26T06:00:00Z,126.0,2024-10-26T08:00:00+02:00,2024-10-26
2024-10-26T07:00:00Z,117.57,2024-10-26T09:00:00+02:00,2024-10-26
2024-10-26T08:00:00Z,101.39,2024-10-26T10:00:00+02:00,2024-10-26
2024-10-26T09:00:00Z,81.48,2024-10-26T11:00:00+02:00,2024-10-26
2024-10-26T10:00:00Z,68.35,2024-10-26T12:00:00+02:00,2024-10-26
2024-10-26T11:00:00Z,63.3,2024-10-26T13:00:00+02:00,2024-10-26
2024-10-26T12:00:00Z,64.55,2024-10-26T14:00:00+02:00,2024-10-26
2024-10-26T13:00:00Z,81.44,2024-10-26T15:00:00+02:00,2024-10-26
2024-10-26T14:00:00Z,100.6,2024-10-26T16:00:00+02:00,2024-10-26
2024-10-26T15:00:00Z,125.73,2024-10-26T17:00:00+02:00,2024-10-26
2024-10-26T16:00:00Z,150.9,2024-10-26T18:00:00+02:00,2024-10-26
2024-10-26T17:00:00Z,118.74,2024-10-26T19:00:00+02:00,2024-10-26
2024-10-26T18:00:00Z,96.48,2024-10-26T20:00:00+02:00,2024-10-26
2024-10-26T19:00:00Z,88.76,2024-10-26T21:00:00+02:00,2024-10-26
2024-10-26T20:00:00Z,87.5,2024-10-26T22:00:00+02:00,2024-10-26
2024-10-26T21:00:00Z,76.63,2024-10-26T23:00:00+02:00,2024-10-26
2024-10-26T22:00:00Z,92.22,2024-10-27T00:00:00+02:00,2024-10-27
2024-10-26T23:00:00Z,84.0,2024-10-27T01:00:00+02:00,2024-10-27
2024-10-27T00:00:00Z,82.23,2024-10-27T02:00:00+02:00,2024-10-27
2024-10-27T01:00:00Z,80.43,2024-10-27T02:00:00+01:00,2024-10-27
2024-10-27T02:00:00Z,79.41,2024-10-27T03:00:00+01:00,2024-10-27
2024-10-27T03:00:00Z,78.79,2024-10-27T04:00:00+01:00,2024-10-27
2024-10-27T04:00:00Z,85.14,2024-10-27T05:00:00+01:00,2024-10-27
2024-10-27T05:00:00Z,89.21,2024-10-27T06:00:00+01:00,2024-10-27
2024-10-27T06:00:00Z,88.05,2024-10-27T07:00:00+01:00,2024-10-27
2024-10-27T07:00:00Z,84.34,2024-10-27T08:00:00+01:00,2024-10-27
2024-10-27T08:00:00Z,66.48,2024-10-27T09:00:00+01:00,2024-10-27
2024-10-27T09:00:00Z,54.72,2024-10-27T10:00:00+01:00,2024-10-27
2024-10-27T10:00:00Z,42.5,2024-10-27T11:00:00+01:00,2024-10-27
2024-10-27T11:00:00Z,39.99,2024-10-27T12:00:00+01:00,2024-10-27
2024-10-27T12:00:00Z,40.0,2024-10-27T13:00:00+01:00,2024-10-27
2024-10-27T13:00:00Z,64.33,2024-10-27T14:00:00+01:00,2024-10-27
2024-10-27T14:00:00Z,111.53,2024-10-27T15:00:00+01:00,2024-10-27
2024-10-27T15:00:00Z,123.67,2024-10-27T16:00:00+01:00,2024-10-27
2024-10-27T16:00:00Z,148.3,2024-10-27T17:00:00+01:00,2024-10-27
2024-10-27T17:00:00Z,145.71,2024-10-27T18:00:00+01:00,2024-10-27
2024-10-27T18:00:00Z,130.47,2024-10-27T19:00:00+01:00,2024-10-27
2024-10-27T19:00:00Z,118.15,2024-10-27T20:00:00+01:00,2024-10-27
2024-10-27T20:00:00Z,112.01,2024-10-27T21:00:00+01:00,2024-10-27
2024-10-27T21:00:00Z,113.68,2024-10-27T22:00:00+01:00,2024-10-27
2024-10-27T22:00:00Z,102.99,2024-10-27T23:00:00+01:00,2024-10-27
2024-10-27T23:00:00Z,95.6,2024-10-28T00:00:00+01:00,2024-10-28
2024-10-28T00:00:00Z,94.37,2024-10-28T01:00:00+01:00,2024-10-28
2024-10-28T01:00:00Z,88.74,2024-10-28T02:00:00+01:00,2024-10-28
2024-10-28T02:00:00Z,84.09,2024-10-28T03:00:00+01:00,2024-10-28
2024-10-28T03:00:00Z,86.26,2024-10-28T04:00:00+01:00,2024-10-28
2024-10-28T04:00:00Z,99.93,2024-10-28T05:00:00+01:00,2024-10-28
2024-10-28T05:00:00Z,109.92,2024-10-28T06:00:00+01:00,2024-10-28
2024-10-28T06:00:00Z,130.01,2024-10-28T07:00:00+01:00,2024-10-28
2024-10-28T07:00:00Z,127.38,2024-10-28T08:00:00+01:00,2024-10-28
2024-10-28T08:00:00Z,116.18,2024-10-28T09:00:00+01:00,2024-10-28
2024-10-28T09:00:00Z,97.61,2024-10-28T10:00:00+01:00,2024-10-28
2024-10-28T10:00:00Z,98.31,2024-10-28T11:00:00+01:00,2024-10-28
2024-10-28T11:00:00Z,94.93,2024-10-28T12:00:00+01:00,2024-10-28
2024-10-28T12:00:00Z,101.33,2024-10-28T13:00:00+01:00,2024-10-28
2024-10-28T13:00:00Z,113.93,2024-10-28T14:00:00+01:00,2024-10-28
2024-10-28T14:00:00Z,121.36,2024-10-28T15:00:00+01:00,2024-10-28
2024-10-28T15:00:00Z,124.2,2024-10-28T16:00:00+01:00,2024-10-28
2024-10-28T16:00:00Z,141.11,2024-10-28T17:00:00+01:00,2024-10-28
2024-10-28T17:00:00Z,148.8,2024-10-28T18:00:00+01:00,2024-10-28
2024-10-28T18:00:00Z,146.12,2024-10-28T19:00:00+01:00,2024-10-28
2024-10-28T19:00:00Z,124.19,2024-10-28T20:00:00+01:00,2024-10-28
2024-10-28T20:00:00Z,115.59,2024-10-28T21:00:00+01:00,2024-10-28
2024-10-28T21:00:00Z,109.96,2024-10-28T22:00:00+01:00,2024-10-28
2024-10-28T22:00:00Z,102.41,2024-10-28T23:00:00+01:00,2024-10-28
2024-10-28T23:00:00Z,101.34,2024-10-29T00:00:00+01:00,2024-10-29
2024-10-29T00:00:00Z,100.04,2024-10-29T01:00:00+01:00,2024-10-29
2024-10-29T01:00:00Z,98.83,2024-10-29T02:00:00+01:00,2024-10-29
2024-10-29T02:00:00Z,98.17,2024-10-29T03:00:00+01:00,2024-10-29
2024-10-29T03:00:00Z,100.02,2024-10-29T04:00:00+01:00,2024-10-29
2024-10-29T04:00:00Z,113.1,2024-10-29T05:00:00+01:00,2024-10-29
2024-10-29T05:00:00Z,127.38,2024-10-29T06:00:00+01:00,2024-10-29
2024-10-29T06:00:00Z,157.73,2024-10-29T07:00:00+01:00,2024-10-29
2024-10-29T07:00:00Z,151.32,2024-10-29T08:00:00+01:00,2024-10-29
2024-10-29T08:00:00Z,129.69,2024-10-29T09:00:00+01:00,2024-10-29
2024-10-29T09:00:00Z,120.7,2024-10-29T10:00:00+01:00,2024-10-29
2024-10-29T10:00:00Z,112.97,2024-10-29T11:00:00+01:00,2024-10-29
2024-10-29T11:00:00Z,105.45,2024-10-29T12:00:00+01:00,2024-10-29
2024-10-29T12:00:00Z,117.73,2024-10-29T13:00:00+01:00,2024-10-29
2024-10-29T13:00:00Z,135.94,2024-10-29T14:00:00+01:00,2024-10-29
2024-10-29T14:00:00Z,172.26,2024-10-29T15:00:00+01:00,2024-10-29
2024-10-29T15:00:00Z,212.72,2024-10-29T16:00:00+01:00,2024-10-29
2024-10-29T16:00:00Z,285.8,2024-10-29T17:00:00+01:00,2024-10-29
2024-10-29T17:00:00Z,257.44,2024-10-29T18:00:00+01:00,2024-10-29
2024-10-29T18:00:00Z,203.82,2024-10-29T19:00:00+01:00,2024-10-29
2024-10-29T19:00:00Z,140.6,2024-10-29T20:00:00+01:00,2024-10-29
2024-10-29T20:00:00Z,124.05,2024-10-29T21:00:00+01:00,2024-10-29
2024-10-29T21:00:00Z,118.08,2024-10-29T22:00:00+01:00,2024-10-29
2024-10-29T22:00:00Z,103.09,2024-10-29T23:00:00+01:00,2024-10-29
2024-10-29T23:00:00Z,100.71,2024-10-30T00:00:00+01:00,2024-10-30
2024-10-30T00:00:00Z,100.52,2024-10-30T01:00:00+01:00,2024-10-30
2024-10-30T01:00:00Z,98.16,2024-10-30T02:00:00+01:00,2024-10-30
2024-10-30T02:00:00Z,98.05,2024-10-30T03:00:00+01:00,2024-10-30
2024-10-30T03:00:00Z,100.56,2024-10-30T04:00:00+01:00,2024-10-30
2024-10-30T04:00:00Z,106.32,2024-10-30T05:00:00+01:00,2024-10-30
2024-10-30T05:00:00Z,123.54,2024-10-30T06:00:00+01:00,2024-10-30
2024-10-30T06:00:00Z,139.68,2024-10-30T07:00:00+01:00,2024-10-30
2024-10-30T07:00:00Z,138.91,2024-10-30T08:00:00+01:00,2024-10-30
2024-10-30T08:00:00Z,124.34,2024-10-30T09:00:00+01:00,2024-10-30
2024-10-30T09:00:00Z,115.0,2024-10-30T10:00:00+01:00,2024-10-30
2024-10-30T10:00:00Z,109.68,2024-10-30T11:00:00+01:00,2024-10-30
2024-10-30T11:00:00Z,102.53,2024-10-30T12:00:00+01:00,2024-10-30
2024-10-30T12:00:00Z,106.95,2024-10-30T13:00:00+01:00,2024-10-30
2024-10-30T13:00:00Z,111.31,2024-10-30T14:00:00+01:00,2024-10-30
2024-10-30T14:00:00Z,126.16,2024-10-30T15:00:00+01:00,2024-10-30
2024-10-30T15:00:00Z,160.0,2024-10-30T16:00:00+01:00,2024-10-30
2024-10-30T16:00:00Z,193.88,2024-10-30T17:00:00+01:00,2024-10-30
2024-10-30T17:00:00Z,192.89,2024-10-30T18:00:00+01:00,2024-10-30
2024-10-30T18:00:00Z,159.44,2024-10-30T19:00:00+01:00,2024-10-30
2024-10-30T19:00:00Z,133.56,2024-10-30T20:00:00+01:00,2024-10-30
2024-10-30T20:00:00Z,122.67,2024-10-30T21:00:00+01:00,2024-10-30
2024-10-30T21:00:00Z,115.34,2024-10-30T22:00:00+01:00,2024-10-30
2024-10-30T22:00:00Z,112.37,2024-10-30T23:00:00+01:00,2024-10-30
2024-10-30T23:00:00Z,105.16,2024-10-31T00:00:00+01:00,2024-10-31
2024-10-31T00:00:00Z,98.51,2024-10-31T01:00:00+01:00,2024-10-31
2024-10-31T01:00:00Z,96.58,2024-10-31T02:00:00+01:00,2024-10-31
2024-10-31T02:00:00Z,94.81,2024-10-31T03:00:00+01:00,2024-10-31
2024-10-31T03:00:00Z,98.03,2024-10-31T04:00:00+01:00,2024-10-31
2024-10-31T04:00:00Z,102.34,2024-10-31T05:00:00+01:00,2024-10-31
2024-10-31T05:00:00Z,121.15,2024-10-31T06:00:00+01:00,2024-10-31
2024-10-31T06:00:00Z,135.53,2024-10-31T07:00:00+01:00,2024-10-31
2024-10-31T07:00:00Z,133.47,2024-10-31T08:00:00+01:00,2024-10-31
2024-10-31T08:00:00Z,123.28,2024-10-31T09:00:00+01:00,2024-10-31
2024-10-31T09:00:00Z,105.14,2024-10-31T10:00:00+01:00,2024-10-31
2024-10-31T10:00:00Z,98.05,2024-10-31T11:00:00+01:00,2024-10-31
2024-10-31T11:00:00Z,88.91,2024-10-31T12:00:00+01:00,2024-10-31
2024-10-31T12:00:00Z,92.55,2024-10-31T13:00:00+01:00,2024-10-31
2024-10-31T13:00:00Z,99.38,2024-10-31T14:00:00+01:00,2024-10-31
2024-10-31T14:00:00Z,111.5,2024-10-31T15:00:00+01:00,2024-10-31
2024-10-31T15:00:00Z,123.17,2024-10-31T16:00:00+01:00,2024-10-31
2024-10-31T16:00:00Z,129.0,2024-10-31T17:00:00+01:00,2024-10-31
2024-10-31T17:00:00Z,128.41,2024-10-31T18:00:00+01:00,2024-10-31
2024-10-31T18:00:00Z,117.84,2024-10-31T19:00:00+01:00,2024-10-31
2024-10-31T19:00:00Z,105.8,2024-10-31T20:00:00+01:00,2024-10-31
2024-10-31T20:00:00Z,85.34,2024-10-31T21:00:00+01:00,2024-10-31
2024-10-31T21:00:00Z,80.44,2024-10-31T22:00:00+01:00,2024-10-31
2024-10-31T22:00:00Z,64.56,2024-10-31T23:00:00+01:00,2024-10-31
2024-10-31T23:00:00Z,63.34,2024-11-01T00:00:00+01:00,2024-11-01
2024-11-01T00:00:00Z,62.95,2024-11-01T01:00:00+01:00,2024-11-01
2024-11-01T01:00:00Z,57.1,2024-11-01T02:00:00+01:00,2024-11-01
2024-11-01T02:00:00Z,54.54,2024-11-01T03:00:00+01:00,2024-11-01
2024-11-01T03:00:00Z,56.99,2024-11-01T04:00:00+01:00,2024-11-01
2024-11-01T04:00:00Z,63.21,2024-11-01T05:00:00+01:00,2024-11-01
2024-11-01T05:00:00Z,69.68,2024-11-01T06:00:00+01:00,2024-11-01
2024-11-01T06:00:00Z,70.35,2024-11-01T07:00:00+01:00,2024-11-01
2024-11-01T07:00:00Z,64.18,2024-11-01T08:00:00+01:00,2024-11-01
2024-11-01T08:00:00Z,61.2,2024-11-01T09:00:00+01:00,2024-11-01
2024-11-01T09:00:00Z,55.01,2024-11-01T10:00:00+01:00,2024-11-01
2024-11-01T10:00:00Z,32.04,2024-11-01T11:00:00+01:00,2024-11-01
2024-11-01T11:00:00Z,29.49,2024-11-01T12:00:00+01:00,2024-11-01
2024-11-01T12:00:00Z,34.9,2024-11-01T13:00:00+01:00,2024-11-01
2024-11-01T13:00:00Z,63.83,2024-11-01T14:00:00+01:00,2024-11-01
2024-11-01T14:00:00Z,89.33,2024-11-01T15:00:00+01:00,2024-11-01
2024-11-01T15:00:00Z,115.98,2024-11-01T16:00:00+01:00,2024-11-01
2024-11-01T16:00:00Z,119.87,2024-11-01T17:00:00+01:00,2024-11-01
2024-11-01T17:00:00Z,117.97,2024-11-01T18:00:00+01:00,2024-11-01
2024-11-01T18:00:00Z,117.59,2024-11-01T19:00:00+01:00,2024-11-01
2024-11-01T19:00:00Z,113.2,2024-11-01T20:00:00+01:00,2024-11-01
2024-11-01T20:00:00Z,104.64,2024-11-01T21:00:00+01:00,2024-11-01
2024-11-01T21:00:00Z,98.41,2024-11-01T22:00:00+01:00,2024-11-01
2024-11-01T22:00:00Z,85.64,2024-11-01T23:00:00+01:00,2024-11-01
2024-11-01T23:00:00Z,95.75,2024-11-02T00:00:00+01:00,2024-11-02
2024-11-02T00:00:00Z,91.31,2024-11-02T01:00:00+01:00,2024-11-02
2024-11-02T01:00:00Z,88.76,2024-11-02T02:00:00+01:00,2024-11-02
2024-11-02T02:00:00Z,86.0,2024-11-02T03:00:00+01:00,2024-11-02
2024-11-02T03:00:00Z,86.85,2024-11-02T04:00:00+01:00,2024-11-02
2024-11-02T04:00:00Z,92.13,2024-11-02T05:00:00+01:00,2024-11-02
2024-11-02T05:00:00Z,96.97,2024-11-02T06:00:00+01:00,2024-11-02
2024-11-02T06:00:00Z,100.11,2024-11-02T07:00:00+01:00,2024-11-02
2024-11-02T07:00:00Z,101.16,2024-11-02T08:00:00+01:00,2024-11-02
2024-11-02T08:00:00Z,109.64,2024-11-02T09:00:00+01:00,2024-11-02
2024-11-02T09:00:00Z,91.19,2024-11-02T10:00:00+01:00,2024-11-02
2024-11-02T10:00:00Z,94.44,2024-11-02T11:00:00+01:00,2024-11-02
2024-11-02T11:00:00Z,88.68,2024-11-02T12:00:00+01:00,2024-11-02
2024-11-02T12:00:00Z,91.51,2024-11-02T13:00:00+01:00,2024-11-02
2024-11-02T13:00:00Z,103.42,2024-11-02T14:00:00+01:00,2024-11-02
2024-11-02T14:00:00Z,122.3,2024-11-02T15:00:00+01:00,2024-11-02
2024-11-02T15:00:00Z,137.61,2024-11-02T16:00:00+01:00,2024-11-02
2024-11-02T16:00:00Z,158.56,2024-11-02T17:00:00+01:00,2024-11-02
2024-11-02T17:00:00Z,149.92,2024-11-02T18:00:00+01:00,2024-11-02
2024-11-02T18:00:00Z,134.96,2024-11-02T19:00:00+01:00,2024-11-02
2024-11-02T19:00:00Z,122.79,2024-11-02T20:00:00+01:00,2024-11-02
2024-11-02T20:00:00Z,111.26,2024-11-02T21:00:00+01:00,2024-11-02
2024-11-02T21:00:00Z,106.28,2024-11-02T22:00:00+01:00,2024-11-02
2024-11-02T22:00:00Z,100.61,2024-11-02T23:00:00+01:00,2024-11-02
2024-11-02T23:00:00Z,101.19,2024-11-03T00:00:00+01:00,2024-11-03
2024-11-03T00:00:00Z,96.63,2024-11-03T01:00:00+01:00,2024-11-03
2024-11-03T01:00:00Z,89.05,2024-11-03T02:00:00+01:00,2024-11-03
2024-11-03T02:00:00Z,85.09,2024-11-03T03:00:00+01:00,2024-11-03
2024-11-03T03:00:00Z,87.43,2024-11-03T04:00:00+01:00,2024-11-03
2024-11-03T04:00:00Z,88.5,2024-11-03T05:00:00+01:00,2024-11-03
2024-11-03T05:00:00Z,95.56,2024-11-03T06:00:00+01:00,2024-11-03
2024-11-03T06:00:00Z,98.11,2024-11-03T07:00:00+01:00,2024-11-03
2024-11-03T07:00:00Z,88.47,2024-11-03T08:00:00+01:00,2024-11-03
2024-11-03T08:00:00Z,83.97,2024-11-03T09:00:00+01:00,2024-11-03
2024-11-03T09:00:00Z,70.71,2024-11-03T10:00:00+01:00,2024-11-03
2024-11-03T10:00:00Z,60.78,2024-11-03T11:00:00+01:00,2024-11-03
2024-11-03T11:00:00Z,52.63,2024-11-03T12:00:00+01:00,2024-11-03
2024-11-03T12:00:00Z,61.08,2024-11-03T13:00:00+01:00,2024-11-03
2024-11-03T13:00:00Z,84.37,2024-11-03T14:00:00+01:00,2024-11-03
2024-11-03T14:00:00Z,100.95,2024-11-03T15:00:00+01:00,2024-11-03
2024-11-03T15:00:00Z,115.16,2024-11-03T16:00:00+01:00,2024-11-03
2024-11-03T16:00:00Z,127.91,2024-11-03T17:00:00+01:00,2024-11-03
2024-11-03T17:00:00Z,126.09,2024-11-03T18:00:00+01:00,2024-11-03
2024-11-03T18:00:00Z,120.72,2024-11-03T19:00:00+01:00,2024-11-03
2024-11-03T19:00:00Z,110.8,2024-11-03T20:00:00+01:00,2024-11-03
2024-11-03T20:00:00Z,102.0,2024-11-03T21:00:00+01:00,2024-11-03
2024-11-03T21:00:00Z,100.69,2024-11-03T22:00:00+01:00,2024-11-03
2024-11-03T22:00:00Z,94.53,2024-11-03T23:00:00+01:00,2024-11-03
2024-11-03T23:00:00Z,92.04,2024-11-04T00:00:00+01:00,2024-11-04
2024-11-04T00:00:00Z,89.96,2024-11-04T01:00:00+01:00,2024-11-04
2024-11-04T01:00:00Z,90.07,2024-11-04T02:00:00+01:00,2024-11-04
2024-11-04T02:00:00Z,89.86,2024-11-04T03:00:00+01:00,2024-11-04
2024-11-04T03:00:00Z,90.8,2024-11-04T04:00:00+01:00,2024-11-04
2024-11-04T04:00:00Z,98.52,2024-11-04T05:00:00+01:00,2024-11-04
2024-11-04T05:00:00Z,124.89,2024-11-04T06:00:00+01:00,2024-11-04
2024-11-04T06:00:00Z,144.91,2024-11-04T07:00:00+01:00,2024-11-04
2024-11-04T07:00:00Z,139.18,2024-11-04T08:00:00+01:00,2024-11-04
2024-11-04T08:00:00Z,120.63,2024-11-04T09:00:00+01:00,2024-11-04
2024-11-04T09:00:00Z,100.0,2024-11-04T10:00:00+01:00,2024-11-04
2024-11-04T10:00:00Z,97.12,2024-11-04T11:00:00+01:00,2024-11-04
2024-11-04T11:00:00Z,95.16,2024-11-04T12:00:00+01:00,2024-11-04
2024-11-04T12:00:00Z,98.47,2024-11-04T13:00:00+01:00,2024-11-04
2024-11-04T13:00:00Z,103.17,2024-11-04T14:00:00+01:00,2024-11-04
2024-11-04T14:00:00Z,130.4,2024-11-04T15:00:00+01:00,2024-11-04
2024-11-04T15:00:00Z,181.47,2024-11-04T16:00:00+01:00,2024-11-04
2024-11-04T16:00:00Z,290.21,2024-11-04T17:00:00+01:00,2024-11-04
2024-11-04T17:00:00Z,241.04,2024-11-04T18:00:00+01:00,2024-11-04
2024-11-04T18:00:00Z,162.09,2024-11-04T19:00:00+01:00,2024-11-04
2024-11-04T19:00:00Z,123.0,2024-11-04T20:00:00+01:00,2024-11-04
2024-11-04T20:00:00Z,112.27,2024-11-04T21:00:00+01:00,2024-11-04
2024-11-04T21:00:00Z,107.98,2024-11-04T22:00:00+01:00,2024-11-04
2024-11-04T22:00:00Z,97.6,2024-11-04T23:00:00+01:00,2024-11-04
2024-11-04T23:00:00Z,101.77,2024-11-05T00:00:00+01:00,2024-11-05
2024-11-05T00:00:00Z,94.0,2024-11-05T01:00:00+01:00,2024-11-05
2024-11-05T01:00:00Z,91.2,2024-11-05T02:00:00+01:00,2024-11-05
2024-11-05T02:00:00Z,93.0,2024-11-05T03:00:00+01:00,2024-11-05
2024-11-05T03:00:00Z,95.39,2024-11-05T04:00:00+01:00,2024-11-05
2024-11-05T04:00:00Z,104.88,2024-11-05T05:00:00+01:00,2024-11-05
2024-11-05T05:00:00Z,127.95,2024-11-05T06:00:00+01:00,2024-11-05
2024-11-05T06:00:00Z,149.32,2024-11-05T07:00:00+01:00,2024-11-05
2024-11-05T07:00:00Z,139.15,2024-11-05T08:00:00+01:00,2024-11-05
2024-11-05T08:00:00Z,118.23,2024-11-05T09:00:00+01:00,2024-11-05
2024-11-05T09:00:00Z,105.87,2024-11-05T10:00:00+01:00,2024-11-05
2024-11-05T10:00:00Z,95.28,2024-11-05T11:00:00+01:00,2024-11-05
2024-11-05T11:00:00Z,94.92,2024-11-05T12:00:00+01:00,2024-11-05
2024-11-05T12:00:00Z,99.25,2024-11-05T13:00:00+01:00,2024-11-05
2024-11-05T13:00:00Z,110.35,2024-11-05T14:00:00+01:00,2024-11-05
2024-11-05T14:00:00Z,155.99,2024-11-05T15:00:00+01:00,2024-11-05
2024-11-05T15:00:00Z,331.83,2024-11-05T16:00:00+01:00,2024-11-05
2024-11-05T16:00:00Z,505.31,2024-11-05T17:00:00+01:00,2024-11-05
2024-11-05T17:00:00Z,468.74,2024-11-05T18:00:00+01:00,2024-11-05
2024-11-05T18:00:00Z,341.7,2024-11-05T19:00:00+01:00,2024-11-05
2024-11-05T19:00:00Z,172.14,2024-11-05T20:00:00+01:00,2024-11-05
2024-11-05T20:00:00Z,130.77,2024-11-05T21:00:00+01:00,2024-11-05
2024-11-05T21:00:00Z,117.77,2024-11-05T22:00:00+01:00,2024-11-05
2024-11-05T22:00:00Z,110.03,2024-11-05T23:00:00+01:00,2024-11-05
2024-11-05T23:00:00Z,106.39,2024-11-06T00:00:00+01:00,2024-11-06
2024-11-06T00:00:00Z,99.05,2024-11-06T01:00:00+01:00,2024-11-06
2024-11-06T01:00:00Z,95.47,2024-11-06T02:00:00+01:00,2024-11-06
2024-11-06T02:00:00Z,97.04,2024-11-06T03:00:00+01:00,2024-11-06
2024-11-06T03:00:00Z,100.51,2024-11-06T04:00:00+01:00,2024-11-06
2024-11-06T04:00:00Z,110.25,2024-11-06T05:00:00+01:00,2024-11-06
2024-11-06T05:00:00Z,163.4,2024-11-06T06:00:00+01:00,2024-11-06
2024-11-06T06:00:00Z,299.99,2024-11-06T07:00:00+01:00,2024-11-06
2024-11-06T07:00:00Z,240.54,2024-11-06T08:00:00+01:00,2024-11-06
2024-11-06T08:00:00Z,144.94,2024-11-06T09:00:00+01:00,2024-11-06
2024-11-06T09:00:00Z,133.46,2024-11-06T10:00:00+01:00,2024-11-06
2024-11-06T10:00:00Z,123.2,2024-11-06T11:00:00+01:00,2024-11-06
2024-11-06T11:00:00Z,123.2,2024-11-06T12:00:00+01:00,2024-11-06
2024-11-06T12:00:00Z,125.55,2024-11-06T13:00:00+01:00,2024-11-06
2024-11-06T13:00:00Z,141.76,2024-11-06T14:00:00+01:00,2024-11-06
2024-11-06T14:00:00Z,270.09,2024-11-06T15:00:00+01:00,2024-11-06
2024-11-06T15:00:00Z,524.25,2024-11-06T16:00:00+01:00,2024-11-06
2024-11-06T16:00:00Z,820.11,2024-11-06T17:00:00+01:00,2024-11-06
2024-11-06T17:00:00Z,805.08,2024-11-06T18:00:00+01:00,2024-11-06
2024-11-06T18:00:00Z,450.0,2024-11-06T19:00:00+01:00,2024-11-06
2024-11-06T19:00:00Z,207.35,2024-11-06T20:00:00+01:00,2024-11-06
2024-11-06T20:00:00Z,133.48,2024-11-06T21:00:00+01:00,2024-11-06
2024-11-06T21:00:00Z,119.35,2024-11-06T22:00:00+01:00,2024-11-06
2024-11-06T22:00:00Z,111.73,2024-11-06T23:00:00+01:00,2024-11-06
2024-11-06T23:00:00Z,109.54,2024-11-07T00:00:00+01:00,2024-11-07
2024-11-07T00:00:00Z,102.98,2024-11-07T01:00:00+01:00,2024-11-07
2024-11-07T01:00:00Z,99.74,2024-11-07T02:00:00+01:00,2024-11-07
2024-11-07T02:00:00Z,99.85,2024-11-07T03:00:00+01:00,2024-11-07
2024-11-07T03:00:00Z,102.73,2024-11-07T04:00:00+01:00,2024-11-07
2024-11-07T04:00:00Z,116.89,2024-11-07T05:00:00+01:00,2024-11-07
2024-11-07T05:00:00Z,157.41,2024-11-07T06:00:00+01:00,2024-11-07
2024-11-07T06:00:00Z,219.56,2024-11-07T07:00:00+01:00,2024-11-07
2024-11-07T07:00:00Z,191.99,2024-11-07T08:00:00+01:00,2024-11-07
2024-11-07T08:00:00Z,152.92,2024-11-07T09:00:00+01:00,2024-11-07
2024-11-07T09:00:00Z,148.9,2024-11-07T10:00:00+01:00,2024-11-07
2024-11-07T10:00:00Z,134.81,2024-11-07T11:00:00+01:00,2024-11-07
2024-11-07T11:00:00Z,135.06,2024-11-07T12:00:00+01:00,2024-11-07
2024-11-07T12:00:00Z,132.91,2024-11-07T13:00:00+01:00,2024-11-07
2024-11-07T13:00:00Z,139.94,2024-11-07T14:00:00+01:00,2024-11-07
2024-11-07T14:00:00Z,189.42,2024-11-07T15:00:00+01:00,2024-11-07
2024-11-07T15:00:00Z,261.16,2024-11-07T16:00:00+01:00,2024-11-07
2024-11-07T16:00:00Z,408.26,2024-11-07T17:00:00+01:00,2024-11-07
2024-11-07T17:00:00Z,296.78,2024-11-07T18:00:00+01:00,2024-11-07
2024-11-07T18:00:00Z,175.11,2024-11-07T19:00:00+01:00,2024-11-07
2024-11-07T19:00:00Z,129.41,2024-11-07T20:00:00+01:00,2024-11-07
2024-11-07T20:00:00Z,113.92,2024-11-07T21:00:00+01:00,2024-11-07
2024-11-07T21:00:00Z,111.77,2024-11-07T22:00:00+01:00,2024-11-07
2024-11-07T22:00:00Z,99.87,2024-11-07T23:00:00+01:00,2024-11-07
2024-11-07T23:00:00Z,99.57,2024-11-08T00:00:00+01:00,2024-11-08
2024-11-08T00:00:00Z,99.73,2024-11-08T01:00:00+01:00,2024-11-08
2024-11-08T01:00:00Z,97.97,2024-11-08T02:00:00+01:00,2024-11-08
2024-11-08T02:00:00Z,97.69,2024-11-08T03:00:00+01:00,2024-11-08
2024-11-08T03:00:00Z,97.45,2024-11-08T04:00:00+01:00,2024-11-08
2024-11-08T04:00:00Z,98.21,2024-11-08T05:00:00+01:00,2024-11-08
2024-11-08T05:00:00Z,107.19,2024-11-08T06:00:00+01:00,2024-11-08
2024-11-08T06:00:00Z,127.55,2024-11-08T07:00:00+01:00,2024-11-08
2024-11-08T07:00:00Z,132.91,2024-11-08T08:00:00+01:00,2024-11-08
2024-11-08T08:00:00Z,126.52,2024-11-08T09:00:00+01:00,2024-11-08
2024-11-08T09:00:00Z,117.34,2024-11-08T10:00:00+01:00,2024-11-08
2024-11-08T10:00:00Z,110.94,2024-11-08T11:00:00+01:00,2024-11-08
2024-11-08T11:00:00Z,105.59,2024-11-08T12:00:00+01:00,2024-11-08
2024-11-08T12:00:00Z,106.81,2024-11-08T13:00:00+01:00,2024-11-08
2024-11-08T13:00:00Z,112.25,2024-11-08T14:00:00+01:00,2024-11-08
2024-11-08T14:00:00Z,123.59,2024-11-08T15:00:00+01:00,2024-11-08
2024-11-08T15:00:00Z,129.1,2024-11-08T16:00:00+01:00,2024-11-08
2024-11-08T16:00:00Z,128.56,2024-11-08T17:00:00+01:00,2024-11-08
2024-11-08T17:00:00Z,132.9,2024-11-08T18:00:00+01:00,2024-11-08
2024-11-08T18:00:00Z,127.19,2024-11-08T19:00:00+01:00,2024-11-08
2024-11-08T19:00:00Z,115.74,2024-11-08T20:00:00+01:00,2024-11-08
2024-11-08T20:00:00Z,109.48,2024-11-08T21:00:00+01:00,2024-11-08
2024-11-08T21:00:00Z,113.0,2024-11-08T22:00:00+01:00,2024-11-08
2024-11-08T22:00:00Z,104.06,2024-11-08T23:00:00+01:00,2024-11-08
2024-11-08T23:00:00Z,105.1,2024-11-09T00:00:00+01:00,2024-11-09
2024-11-09T00:00:00Z,99.96,2024-11-09T01:00:00+01:00,2024-11-09
2024-11-09T01:00:00Z,98.0,2024-11-09T02:00:00+01:00,2024-11-09
2024-11-09T02:00:00Z,96.68,2024-11-09T03:00:00+01:00,2024-11-09
2024-11-09T03:00:00Z,98.41,2024-11-09T04:00:00+01:00,2024-11-09
2024-11-09T04:00:00Z,100.69,2024-11-09T05:00:00+01:00,2024-11-09
2024-11-09T05:00:00Z,104.31,2024-11-09T06:00:00+01:00,2024-11-09
2024-11-09T06:00:00Z,109.87,2024-11-09T07:00:00+01:00,2024-11-09
2024-11-09T07:00:00Z,114.1,2024-11-09T08:00:00+01:00,2024-11-09
2024-11-09T08:00:00Z,114.6,2024-11-09T09:00:00+01:00,2024-11-09
2024-11-09T09:00:00Z,109.97,2024-11-09T10:00:00+01:00,2024-11-09
2024-11-09T10:00:00Z,106.4,2024-11-09T11:00:00+01:00,2024-11-09
2024-11-09T11:00:00Z,106.88,2024-11-09T12:00:00+01:00,2024-11-09
2024-11-09T12:00:00Z,108.0,2024-11-09T13:00:00+01:00,2024-11-09
2024-11-09T13:00:00Z,110.18,2024-11-09T14:00:00+01:00,2024-11-09
2024-11-09T14:00:00Z,121.46,2024-11-09T15:00:00+01:00,2024-11-09
2024-11-09T15:00:00Z,137.23,2024-11-09T16:00:00+01:00,2024-11-09
2024-11-09T16:00:00Z,146.93,2024-11-09T17:00:00+01:00,2024-11-09
2024-11-09T17:00:00Z,147.8,2024-11-09T18:00:00+01:00,2024-11-09
2024-11-09T18:00:00Z,139.9,2024-11-09T19:00:00+01:00,2024-11-09
2024-11-09T19:00:00Z,128.32,2024-11-09T20:00:00+01:00,2024-11-09
2024-11-09T20:00:00Z,117.96,2024-11-09T21:00:00+01:00,2024-11-09
2024-11-09T21:00:00Z,114.53,2024-11-09T22:00:00+01:00,2024-11-09
2024-11-09T22:00:00Z,110.1,2024-11-09T23:00:00+01:00,2024-11-09
2024-11-09T23:00:00Z,104.99,2024-11-10T00:00:00+01:00,2024-11-10
2024-11-10T00:00:00Z,102.28,2024-11-10T01:00:00+01:00,2024-11-10
2024-11-10T01:00:00Z,102.01,2024-11-10T02:00:00+01:00,2024-11-10
2024-11-10T02:00:00Z,100.86,2024-11-10T03:00:00+01:00,2024-11-10
2024-11-10T03:00:00Z,100.88,2024-11-10T04:00:00+01:00,2024-11-10
2024-11-10T04:00:00Z,101.98,2024-11-10T05:00:00+01:00,2024-11-10
2024-11-10T05:00:00Z,100.32,2024-11-10T06:00:00+01:00,2024-11-10
2024-11-10T06:00:00Z,102.45,2024-11-10T07:00:00+01:00,2024-11-10
2024-11-10T07:00:00Z,105.38,2024-11-10T08:00:00+01:00,2024-11-10
2024-11-10T08:00:00Z,110.99,2024-11-10T09:00:00+01:00,2024-11-10
2024-11-10T09:00:00Z,112.62,2024-11-10T10:00:00+01:00,2024-11-10
2024-11-10T10:00:00Z,110.13,2024-11-10T11:00:00+01:00,2024-11-10
2024-11-10T11:00:00Z,110.92,2024-11-10T12:00:00+01:00,2024-11-10
2024-11-10T12:00:00Z,108.6,2024-11-10T13:00:00+01:00,2024-11-10
2024-11-10T13:00:00Z,112.36,2024-11-10T14:00:00+01:00,2024-11-10
2024-11-10T14:00:00Z,126.22,2024-11-10T15:00:00+01:00,2024-11-10
2024-11-10T15:00:00Z,134.02,2024-11-10T16:00:00+01:00,2024-11-10
2024-11-10T16:00:00Z,148.72,2024-11-10T17:00:00+01:00,2024-11-10
2024-11-10T17:00:00Z,146.01,2024-11-10T18:00:00+01:00,2024-11-10
2024-11-10T18:00:00Z,138.61,2024-11-10T19:00:00+01:00,2024-11-10
2024-11-10T19:00:00Z,125.31,2024-11-10T20:00:00+01:00,2024-11-10
2024-11-10T20:00:00Z,115.28,2024-11-10T21:00:00+01:00,2024-11-10
2024-11-10T21:00:00Z,111.1,2024-11-10T22:00:00+01:00,2024-11-10
2024-11-10T22:00:00Z,108.02,2024-11-10T23:00:00+01:00,2024-11-10
2024-11-10T23:00:00Z,109.65,2024-11-11T00:00:00+01:00,2024-11-11
2024-11-11T00:00:00Z,103.68,2024-11-11T01:00:00+01:00,2024-11-11
2024-11-11T01:00:00Z,100.0,2024-11-11T02:00:00+01:00,2024-11-11
2024-11-11T02:00:00Z,97.86,2024-11-11T03:00:00+01:00,2024-11-11
2024-11-11T03:00:00Z,97.5,2024-11-11T04:00:00+01:00,2024-11-11
2024-11-11T04:00:00Z,103.89,2024-11-11T05:00:00+01:00,2024-11-11
2024-11-11T05:00:00Z,115.69,2024-11-11T06:00:00+01:00,2024-11-11
2024-11-11T06:00:00Z,128.35,2024-11-11T07:00:00+01:00,2024-11-11
2024-11-11T07:00:00Z,135.06,2024-11-11T08:00:00+01:00,2024-11-11
2024-11-11T08:00:00Z,132.94,2024-11-11T09:00:00+01:00,2024-11-11
2024-11-11T09:00:00Z,128.5,2024-11-11T10:00:00+01:00,2024-11-11
2024-11-11T10:00:00Z,124.21,2024-11-11T11:00:00+01:00,2024-11-11
2024-11-11T11:00:00Z,119.84,2024-11-11T12:00:00+01:00,2024-11-11
2024-11-11T12:00:00Z,129.02,2024-11-11T13:00:00+01:00,2024-11-11
2024-11-11T13:00:00Z,130.44,2024-11-11T14:00:00+01:00,2024-11-11
2024-11-11T14:00:00Z,139.05,2024-11-11T15:00:00+01:00,2024-11-11
2024-11-11T15:00:00Z,140.94,2024-11-11T16:00:00+01:00,2024-11-11
2024-11-11T16:00:00Z,153.18,2024-11-11T17:00:00+01:00,2024-11-11
2024-11-11T17:00:00Z,147.09,2024-11-11T18:00:00+01:00,2024-11-11
2024-11-11T18:00:00Z,133.7,2024-11-11T19:00:00+01:00,2024-11-11
2024-11-11T19:00:00Z,121.94,2024-11-11T20:00:00+01:00,2024-11-11
2024-11-11T20:00:00Z,112.88,2024-11-11T21:00:00+01:00,2024-11-11
2024-11-11T21:00:00Z,111.56,2024-11-11T22:00:00+01:00,2024-11-11
2024-11-11T22:00:00Z,105.4,2024-11-11T23:00:00+01:00,2024-11-11
2024-11-11T23:00:00Z,110.31,2024-11-12T00:00:00+01:00,2024-11-12
2024-11-12T00:00:00Z,104.64,2024-11-12T01:00:00+01:00,2024-11-12
2024-11-12T01:00:00Z,102.69,2024-11-12T02:00:00+01:00,2024-11-12
2024-11-12T02:00:00Z,103.99,2024-11-12T03:00:00+01:00,2024-11-12
2024-11-12T03:00:00Z,107.5,2024-11-12T04:00:00+01:00,2024-11-12
2024-11-12T04:00:00Z,118.01,2024-11-12T05:00:00+01:00,2024-11-12
2024-11-12T05:00:00Z,147.67,2024-11-12T06:00:00+01:00,2024-11-12
2024-11-12T06:00:00Z,185.52,2024-11-12T07:00:00+01:00,2024-11-12
2024-11-12T07:00:00Z,201.64,2024-11-12T08:00:00+01:00,2024-11-12
2024-11-12T08:00:00Z,223.33,2024-11-12T09:00:00+01:00,2024-11-12
2024-11-12T09:00:00Z,190.24,2024-11-12T10:00:00+01:00,2024-11-12
2024-11-12T10:00:00Z,171.08,2024-11-12T11:00:00+01:00,2024-11-12
2024-11-12T11:00:00Z,161.59,2024-11-12T12:00:00+01:00,2024-11-12
2024-11-12T12:00:00Z,156.47,2024-11-12T13:00:00+01:00,2024-11-12
2024-11-12T13:00:00Z,174.37,2024-11-12T14:00:00+01:00,2024-11-12
2024-11-12T14:00:00Z,218.78,2024-11-12T15:00:00+01:00,2024-11-12
2024-11-12T15:00:00Z,272.73,2024-11-12T16:00:00+01:00,2024-11-12
2024-11-12T16:00:00Z,317.89,2024-11-12T17:00:00+01:00,2024-11-12
2024-11-12T17:00:00Z,225.33,2024-11-12T18:00:00+01:00,2024-11-12
2024-11-12T18:00:00Z,171.35,2024-11-12T19:00:00+01:00,2024-11-12
2024-11-12T19:00:00Z,149.12,2024-11-12T20:00:00+01:00,2024-11-12
2024-11-12T20:00:00Z,131.9,2024-11-12T21:00:00+01:00,2024-11-12
2024-11-12T21:00:00Z,125.21,2024-11-12T22:00:00+01:00,2024-11-12
2024-11-12T22:00:00Z,115.59,2024-11-12T23:00:00+01:00,2024-11-12
2024-11-12T23:00:00Z,117.15,2024-11-13T00:00:00+01:00,2024-11-13
2024-11-13T00:00:00Z,111.71,2024-11-13T01:00:00+01:00,2024-11-13
2024-11-13T01:00:00Z,107.85,2024-11-13T02:00:00+01:00,2024-11-13
2024-11-13T02:00:00Z,107.45,2024-11-13T03:00:00+01:00,2024-11-13
2024-11-13T03:00:00Z,110.63,2024-11-13T04:00:00+01:00,2024-11-13
2024-11-13T04:00:00Z,119.0,2024-11-13T05:00:00+01:00,2024-11-13
2024-11-13T05:00:00Z,131.1,2024-11-13T06:00:00+01:00,2024-11-13
2024-11-13T06:00:00Z,164.78,2024-11-13T07:00:00+01:00,2024-11-13
2024-11-13T07:00:00Z,225.45,2024-11-13T08:00:00+01:00,2024-11-13
2024-11-13T08:00:00Z,227.43,2024-11-13T09:00:00+01:00,2024-11-13
2024-11-13T09:00:00Z,200.8,2024-11-13T10:00:00+01:00,2024-11-13
2024-11-13T10:00:00Z,177.7,2024-11-13T11:00:00+01:00,2024-11-13
2024-11-13T11:00:00Z,160.99,2024-11-13T12:00:00+01:00,2024-11-13
2024-11-13T12:00:00Z,162.07,2024-11-13T13:00:00+01:00,2024-11-13
2024-11-13T13:00:00Z,159.9,2024-11-13T14:00:00+01:00,2024-11-13
2024-11-13T14:00:00Z,165.6,2024-11-13T15:00:00+01:00,2024-11-13
2024-11-13T15:00:00Z,178.28,2024-11-13T16:00:00+01:00,2024-11-13
2024-11-13T16:00:00Z,178.43,2024-11-13T17:00:00+01:00,2024-11-13
2024-11-13T17:00:00Z,173.9,2024-11-13T18:00:00+01:00,2024-11-13
2024-11-13T18:00:00Z,161.79,2024-11-13T19:00:00+01:00,2024-11-13
2024-11-13T19:00:00Z,125.22,2024-11-13T20:00:00+01:00,2024-11-13
2024-11-13T20:00:00Z,114.86,2024-11-13T21:00:00+01:00,2024-11-13
2024-11-13T21:00:00Z,113.51,2024-11-13T22:00:00+01:00,2024-11-13
2024-11-13T22:00:00Z,106.62,2024-11-13T23:00:00+01:00,2024-11-13
2024-11-13T23:00:00Z,101.7,2024-11-14T00:00:00+01:00,2024-11-14
2024-11-14T00:00:00Z,99.83,2024-11-14T01:00:00+01:00,2024-11-14
2024-11-14T01:00:00Z,96.01,2024-11-14T02:00:00+01:00,2024-11-14
2024-11-14T02:00:00Z,92.25,2024-11-14T03:00:00+01:00,2024-11-14
2024-11-14T03:00:00Z,91.41,2024-11-14T04:00:00+01:00,2024-11-14
2024-11-14T04:00:00Z,92.24,2024-11-14T05:00:00+01:00,2024-11-14
2024-11-14T05:00:00Z,103.44,2024-11-14T06:00:00+01:00,2024-11-14
2024-11-14T06:00:00Z,115.61,2024-11-14T07:00:00+01:00,2024-11-14
2024-11-14T07:00:00Z,127.14,2024-11-14T08:00:00+01:00,2024-11-14
2024-11-14T08:00:00Z,123.92,2024-11-14T09:00:00+01:00,2024-11-14
2024-11-14T09:00:00Z,125.65,2024-11-14T10:00:00+01:00,2024-11-14
2024-11-14T10:00:00Z,124.84,2024-11-14T11:00:00+01:00,2024-11-14
2024-11-14T11:00:00Z,121.68,2024-11-14T12:00:00+01:00,2024-11-14
2024-11-14T12:00:00Z,127.4,2024-11-14T13:00:00+01:00,2024-11-14
2024-11-14T13:00:00Z,134.01,2024-11-14T14:00:00+01:00,2024-11-14
2024-11-14T14:00:00Z,142.18,2024-11-14T15:00:00+01:00,2024-11-14
2024-11-14T15:00:00Z,147.41,2024-11-14T16:00:00+01:00,2024-11-14
2024-11-14T16:00:00Z,155.91,2024-11-14T17:00:00+01:00,2024-11-14
2024-11-14T17:00:00Z,154.09,2024-11-14T18:00:00+01:00,2024-11-14
2024-11-14T18:00:00Z,148.29,2024-11-14T19:00:00+01:00,2024-11-14
2024-11-14T19:00:00Z,138.58,2024-11-14T20:00:00+01:00,2024-11-14
2024-11-14T20:00:00Z,129.44,2024-11-14T21:00:00+01:00,2024-11-14
2024-11-14T21:00:00Z,122.89,2024-11-14T22:00:00+01:00,2024-11-14
2024-11-14T22:00:00Z,112.48,2024-11-14T23:00:00+01:00,2024-11-14
2024-11-14T23:00:00Z,110.44,2024-11-15T00:00:00+01:00,2024-11-15
2024-11-15T00:00:00Z,106.71,2024-11-15T01:00:00+01:00,2024-11-15
2024-11-15T01:00:00Z,107.01,2024-11-15T02:00:00+01:00,2024-11-15
2024-11-15T02:00:00Z,103.62,2024-11-15T03:00:00+01:00,2024-11-15
2024-11-15T03:00:00Z,104.42,2024-11-15T04:00:00+01:00,2024-11-15
2024-11-15T04:00:00Z,108.6,2024-11-15T05:00:00+01:00,2024-11-15
2024-11-15T05:00:00Z,129.26,2024-11-15T06:00:00+01:00,2024-11-15
2024-11-15T06:00:00Z,144.16,2024-11-15T07:00:00+01:00,2024-11-15
2024-11-15T07:00:00Z,157.77,2024-11-15T08:00:00+01:00,2024-11-15
2024-11-15T08:00:00Z,150.86,2024-11-15T09:00:00+01:00,2024-11-15
2024-11-15T09:00:00Z,138.84,2024-11-15T10:00:00+01:00,2024-11-15
2024-11-15T10:00:00Z,135.08,2024-11-15T11:00:00+01:00,2024-11-15
2024-11-15T11:00:00Z,121.74,2024-11-15T12:00:00+01:00,2024-11-15
2024-11-15T12:00:00Z,121.8,2024-11-15T13:00:00+01:00,2024-11-15
2024-11-15T13:00:00Z,131.89,2024-11-15T14:00:00+01:00,2024-11-15
2024-11-15T14:00:00Z,141.75,2024-11-15T15:00:00+01:00,2024-11-15
2024-11-15T15:00:00Z,133.95,2024-11-15T16:00:00+01:00,2024-11-15
2024-11-15T16:00:00Z,136.26,2024-11-15T17:00:00+01:00,2024-11-15
2024-11-15T17:00:00Z,134.77,2024-11-15T18:00:00+01:00,2024-11-15
2024-11-15T18:00:00Z,128.39,2024-11-15T19:00:00+01:00,2024-11-15
2024-11-15T19:00:00Z,115.73,2024-11-15T20:00:00+01:00,2024-11-15
2024-11-15T20:00:00Z,110.74,2024-11-15T21:00:00+01:00,2024-11-15
2024-11-15T21:00:00Z,108.19,2024-11-15T22:00:00+01:00,2024-11-15
2024-11-15T22:00:00Z,98.1,2024-11-15T23:00:00+01:00,2024-11-15
2024-11-15T23:00:00Z,101.92,2024-11-16T00:00:00+01:00,2024-11-16
2024-11-16T00:00:00Z,95.43,2024-11-16T01:00:00+01:00,2024-11-16
2024-11-16T01:00:00Z,89.87,2024-11-16T02:00:00+01:00,2024-11-16
2024-11-16T02:00:00Z,86.57,2024-11-16T03:00:00+01:00,2024-11-16
2024-11-16T03:00:00Z,88.81,2024-11-16T04:00:00+01:00,2024-11-16
2024-11-16T04:00:00Z,86.95,2024-11-16T05:00:00+01:00,2024-11-16
2024-11-16T05:00:00Z,73.82,2024-11-16T06:00:00+01:00,2024-11-16
2024-11-16T06:00:00Z,90.1,2024-11-16T07:00:00+01:00,2024-11-16
2024-11-16T07:00:00Z,104.75,2024-11-16T08:00:00+01:00,2024-11-16
2024-11-16T08:00:00Z,109.77,2024-11-16T09:00:00+01:00,2024-11-16
2024-11-16T09:00:00Z,107.6,2024-11-16T10:00:00+01:00,2024-11-16
2024-11-16T10:00:00Z,99.03,2024-11-16T11:00:00+01:00,2024-11-16
2024-11-16T11:00:00Z,96.98,2024-11-16T12:00:00+01:00,2024-11-16
2024-11-16T12:00:00Z,96.97,2024-11-16T13:00:00+01:00,2024-11-16
2024-11-16T13:00:00Z,93.72,2024-11-16T14:00:00+01:00,2024-11-16
2024-11-16T14:00:00Z,100.22,2024-11-16T15:00:00+01:00,2024-11-16
2024-11-16T15:00:00Z,108.99,2024-11-16T16:00:00+01:00,2024-11-16
2024-11-16T16:00:00Z,118.93,2024-11-16T17:00:00+01:00,2024-11-16
2024-11-16T17:00:00Z,114.95,2024-11-16T18:00:00+01:00,2024-11-16
2024-11-16T18:00:00Z,104.18,2024-11-16T19:00:00+01:00,2024-11-16
2024-11-16T19:00:00Z,82.67,2024-11-16T20:00:00+01:00,2024-11-16
2024-11-16T20:00:00Z,72.82,2024-11-16T21:00:00+01:00,2024-11-16
2024-11-16T21:00:00Z,73.83,2024-11-16T22:00:00+01:00,2024-11-16
2024-11-16T22:00:00Z,65.67,2024-11-16T23:00:00+01:00,2024-11-16
2024-11-16T23:00:00Z,80.1,2024-11-17T00:00:00+01:00,2024-11-17
2024-11-17T00:00:00Z,69.28,2024-11-17T01:00:00+01:00,2024-11-17
2024-11-17T01:00:00Z,72.48,2024-11-17T02:00:00+01:00,2024-11-17
2024-11-17T02:00:00Z,58.72,2024-11-17T03:00:00+01:00,2024-11-17
2024-11-17T03:00:00Z,42.0,2024-11-17T04:00:00+01:00,2024-11-17
2024-11-17T04:00:00Z,34.81,2024-11-17T05:00:00+01:00,2024-11-17
2024-11-17T05:00:00Z,42.36,2024-11-17T06:00:00+01:00,2024-11-17
2024-11-17T06:00:00Z,60.69,2024-11-17T07:00:00+01:00,2024-11-17
2024-11-17T07:00:00Z,64.8,2024-11-17T08:00:00+01:00,2024-11-17
2024-11-17T08:00:00Z,65.4,2024-11-17T09:00:00+01:00,2024-11-17
2024-11-17T09:00:00Z,68.3,2024-11-17T10:00:00+01:00,2024-11-17
2024-11-17T10:00:00Z,64.79,2024-11-17T11:00:00+01:00,2024-11-17
2024-11-17T11:00:00Z,54.9,2024-11-17T12:00:00+01:00,2024-11-17
2024-11-17T12:00:00Z,46.86,2024-11-17T13:00:00+01:00,2024-11-17
2024-11-17T13:00:00Z,61.25,2024-11-17T14:00:00+01:00,2024-11-17
2024-11-17T14:00:00Z,64.8,2024-11-17T15:00:00+01:00,2024-11-17
2024-11-17T15:00:00Z,70.1,2024-11-17T16:00:00+01:00,2024-11-17
2024-11-17T16:00:00Z,102.84,2024-11-17T17:00:00+01:00,2024-11-17
2024-11-17T17:00:00Z,80.7,2024-11-17T18:00:00+01:00,2024-11-17
2024-11-17T18:00:00Z,65.4,2024-11-17T19:00:00+01:00,2024-11-17
2024-11-17T19:00:00Z,57.41,2024-11-17T20:00:00+01:00,2024-11-17
2024-11-17T20:00:00Z,64.79,2024-11-17T21:00:00+01:00,2024-11-17
2024-11-17T21:00:00Z,68.76,2024-11-17T22:00:00+01:00,2024-11-17
2024-11-17T22:00:00Z,62.02,2024-11-17T23:00:00+01:00,2024-11-17
2024-11-17T23:00:00Z,65.42,2024-11-18T00:00:00+01:00,2024-11-18
2024-11-18T00:00:00Z,64.39,2024-11-18T01:00:00+01:00,2024-11-18
2024-11-18T01:00:00Z,59.86,2024-11-18T02:00:00+01:00,2024-11-18
2024-11-18T02:00:00Z,42.39,2024-11-18T03:00:00+01:00,2024-11-18
2024-11-18T03:00:00Z,58.17,2024-11-18T04:00:00+01:00,2024-11-18
2024-11-18T04:00:00Z,74.23,2024-11-18T05:00:00+01:00,2024-11-18
2024-11-18T05:00:00Z,95.55,2024-11-18T06:00:00+01:00,2024-11-18
2024-11-18T06:00:00Z,121.66,2024-11-18T07:00:00+01:00,2024-11-18
2024-11-18T07:00:00Z,121.91,2024-11-18T08:00:00+01:00,2024-11-18
2024-11-18T08:00:00Z,119.56,2024-11-18T09:00:00+01:00,2024-11-18
2024-11-18T09:00:00Z,111.51,2024-11-18T10:00:00+01:00,2024-11-18
2024-11-18T10:00:00Z,92.98,2024-11-18T11:00:00+01:00,2024-11-18
2024-11-18T11:00:00Z,79.5,2024-11-18T12:00:00+01:00,2024-11-18
2024-11-18T12:00:00Z,94.13,2024-11-18T13:00:00+01:00,2024-11-18
2024-11-18T13:00:00Z,109.52,2024-11-18T14:00:00+01:00,2024-11-18
2024-11-18T14:00:00Z,119.98,2024-11-18T15:00:00+01:00,2024-11-18
2024-11-18T15:00:00Z,132.48,2024-11-18T16:00:00+01:00,2024-11-18
2024-11-18T16:00:00Z,159.9,2024-11-18T17:00:00+01:00,2024-11-18
2024-11-18T17:00:00Z,161.82,2024-11-18T18:00:00+01:00,2024-11-18
2024-11-18T18:00:00Z,152.96,2024-11-18T19:00:00+01:00,2024-11-18
2024-11-18T19:00:00Z,128.94,2024-11-18T20:00:00+01:00,2024-11-18
2024-11-18T20:00:00Z,117.62,2024-11-18T21:00:00+01:00,2024-11-18
2024-11-18T21:00:00Z,116.99,2024-11-18T22:00:00+01:00,2024-11-18
2024-11-18T22:00:00Z,108.7,2024-11-18T23:00:00+01:00,2024-11-18
2024-11-18T23:00:00Z,107.06,2024-11-19T00:00:00+01:00,2024-11-19
2024-11-19T00:00:00Z,101.4,2024-11-19T01:00:00+01:00,2024-11-19
2024-11-19T01:00:00Z,95.58,2024-11-19T02:00:00+01:00,2024-11-19
2024-11-19T02:00:00Z,91.73,2024-11-19T03:00:00+01:00,2024-11-19
2024-11-19T03:00:00Z,95.28,2024-11-19T04:00:00+01:00,2024-11-19
2024-11-19T04:00:00Z,98.73,2024-11-19T05:00:00+01:00,2024-11-19
2024-11-19T05:00:00Z,116.27,2024-11-19T06:00:00+01:00,2024-11-19
2024-11-19T06:00:00Z,131.59,2024-11-19T07:00:00+01:00,2024-11-19
2024-11-19T07:00:00Z,155.06,2024-11-19T08:00:00+01:00,2024-11-19
2024-11-19T08:00:00Z,157.57,2024-11-19T09:00:00+01:00,2024-11-19
2024-11-19T09:00:00Z,156.26,2024-11-19T10:00:00+01:00,2024-11-19
2024-11-19T10:00:00Z,152.81,2024-11-19T11:00:00+01:00,2024-11-19
2024-11-19T11:00:00Z,148.19,2024-11-19T12:00:00+01:00,2024-11-19
2024-11-19T12:00:00Z,144.14,2024-11-19T13:00:00+01:00,2024-11-19
2024-11-19T13:00:00Z,140.15,2024-11-19T14:00:00+01:00,2024-11-19
2024-11-19T14:00:00Z,128.78,2024-11-19T15:00:00+01:00,2024-11-19
2024-11-19T15:00:00Z,132.89,2024-11-19T16:00:00+01:00,2024-11-19
2024-11-19T16:00:00Z,140.19,2024-11-19T17:00:00+01:00,2024-11-19
2024-11-19T17:00:00Z,134.65,2024-11-19T18:00:00+01:00,2024-11-19
2024-11-19T18:00:00Z,125.93,2024-11-19T19:00:00+01:00,2024-11-19
2024-11-19T19:00:00Z,117.1,2024-11-19T20:00:00+01:00,2024-11-19
2024-11-19T20:00:00Z,109.37,2024-11-19T21:00:00+01:00,2024-11-19
2024-11-19T21:00:00Z,105.25,2024-11-19T22:00:00+01:00,2024-11-19
2024-11-19T22:00:00Z,89.84,2024-11-19T23:00:00+01:00,2024-11-19
2024-11-19T23:00:00Z,100.14,2024-11-20T00:00:00+01:00,2024-11-20
2024-11-20T00:00:00Z,92.0,2024-11-20T01:00:00+01:00,2024-11-20
2024-11-20T01:00:00Z,86.6,2024-11-20T02:00:00+01:00,2024-11-20
2024-11-20T02:00:00Z,81.52,2024-11-20T03:00:00+01:00,2024-11-20
2024-11-20T03:00:00Z,81.96,2024-11-20T04:00:00+01:00,2024-11-20
2024-11-20T04:00:00Z,93.29,2024-11-20T05:00:00+01:00,2024-11-20
2024-11-20T05:00:00Z,107.55,2024-11-20T06:00:00+01:00,2024-11-20
2024-11-20T06:00:00Z,135.62,2024-11-20T07:00:00+01:00,2024-11-20
2024-11-20T07:00:00Z,142.87,2024-11-20T08:00:00+01:00,2024-11-20
2024-11-20T08:00:00Z,140.09,2024-11-20T09:00:00+01:00,2024-11-20
2024-11-20T09:00:00Z,120.35,2024-11-20T10:00:00+01:00,2024-11-20
2024-11-20T10:00:00Z,107.77,2024-11-20T11:00:00+01:00,2024-11-20
2024-11-20T11:00:00Z,97.26,2024-11-20T12:00:00+01:00,2024-11-20
2024-11-20T12:00:00Z,97.36,2024-11-20T13:00:00+01:00,2024-11-20
2024-11-20T13:00:00Z,106.64,2024-11-20T14:00:00+01:00,2024-11-20
2024-11-20T14:00:00Z,130.84,2024-11-20T15:00:00+01:00,2024-11-20
2024-11-20T15:00:00Z,135.09,2024-11-20T16:00:00+01:00,2024-11-20
2024-11-20T16:00:00Z,142.0,2024-11-20T17:00:00+01:00,2024-11-20
2024-11-20T17:00:00Z,142.58,2024-11-20T18:00:00+01:00,2024-11-20
2024-11-20T18:00:00Z,140.26,2024-11-20T19:00:00+01:00,2024-11-20
2024-11-20T19:00:00Z,135.98,2024-11-20T20:00:00+01:00,2024-11-20
2024-11-20T20:00:00Z,123.05,2024-11-20T21:00:00+01:00,2024-11-20
2024-11-20T21:00:00Z,116.42,2024-11-20T22:00:00+01:00,2024-11-20
2024-11-20T22:00:00Z,103.5,2024-11-20T23:00:00+01:00,2024-11-20
2024-11-20T23:00:00Z,93.96,2024-11-21T00:00:00+01:00,2024-11-21
2024-11-21T00:00:00Z,90.4,2024-11-21T01:00:00+01:00,2024-11-21
2024-11-21T01:00:00Z,86.8,2024-11-21T02:00:00+01:00,2024-11-21
2024-11-21T02:00:00Z,84.15,2024-11-21T03:00:00+01:00,2024-11-21
2024-11-21T03:00:00Z,84.23,2024-11-21T04:00:00+01:00,2024-11-21
2024-11-21T04:00:00Z,92.48,2024-11-21T05:00:00+01:00,2024-11-21
2024-11-21T05:00:00Z,107.17,2024-11-21T06:00:00+01:00,2024-11-21
2024-11-21T06:00:00Z,121.44,2024-11-21T07:00:00+01:00,2024-11-21
2024-11-21T07:00:00Z,132.99,2024-11-21T08:00:00+01:00,2024-11-21
2024-11-21T08:00:00Z,134.98,2024-11-21T09:00:00+01:00,2024-11-21
2024-11-21T09:00:00Z,127.33,2024-11-21T10:00:00+01:00,2024-11-21
2024-11-21T10:00:00Z,115.47,2024-11-21T11:00:00+01:00,2024-11-21
2024-11-21T11:00:00Z,113.57,2024-11-21T12:00:00+01:00,2024-11-21
2024-11-21T12:00:00Z,120.83,2024-11-21T13:00:00+01:00,2024-11-21
2024-11-21T13:00:00Z,141.62,2024-11-21T14:00:00+01:00,2024-11-21
2024-11-21T14:00:00Z,154.85,2024-11-21T15:00:00+01:00,2024-11-21
2024-11-21T15:00:00Z,174.97,2024-11-21T16:00:00+01:00,2024-11-21
2024-11-21T16:00:00Z,182.26,2024-11-21T17:00:00+01:00,2024-11-21
2024-11-21T17:00:00Z,161.34,2024-11-21T18:00:00+01:00,2024-11-21
2024-11-21T18:00:00Z,154.05,2024-11-21T19:00:00+01:00,2024-11-21
2024-11-21T19:00:00Z,131.33,2024-11-21T20:00:00+01:00,2024-11-21
2024-11-21T20:00:00Z,123.05,2024-11-21T21:00:00+01:00,2024-11-21
2024-11-21T21:00:00Z,122.9,2024-11-21T22:00:00+01:00,2024-11-21
2024-11-21T22:00:00Z,107.46,2024-11-21T23:00:00+01:00,2024-11-21
2024-11-21T23:00:00Z,116.12,2024-11-22T00:00:00+01:00,2024-11-22
2024-11-22T00:00:00Z,106.21,2024-11-22T01:00:00+01:00,2024-11-22
2024-11-22T01:00:00Z,97.85,2024-11-22T02:00:00+01:00,2024-11-22
2024-11-22T02:00:00Z,91.37,2024-11-22T03:00:00+01:00,2024-11-22
2024-11-22T03:00:00Z,88.65,2024-11-22T04:00:00+01:00,2024-11-22
2024-11-22T04:00:00Z,92.16,2024-11-22T05:00:00+01:00,2024-11-22
2024-11-22T05:00:00Z,117.06,2024-11-22T06:00:00+01:00,2024-11-22
2024-11-22T06:00:00Z,135.3,2024-11-22T07:00:00+01:00,2024-11-22
2024-11-22T07:00:00Z,144.08,2024-11-22T08:00:00+01:00,2024-11-22
2024-11-22T08:00:00Z,141.58,2024-11-22T09:00:00+01:00,2024-11-22
2024-11-22T09:00:00Z,135.75,2024-11-22T10:00:00+01:00,2024-11-22
2024-11-22T10:00:00Z,116.84,2024-11-22T11:00:00+01:00,2024-11-22
2024-11-22T11:00:00Z,105.14,2024-11-22T12:00:00+01:00,2024-11-22
2024-11-22T12:00:00Z,95.23,2024-11-22T13:00:00+01:00,2024-11-22
2024-11-22T13:00:00Z,96.18,2024-11-22T14:00:00+01:00,2024-11-22
2024-11-22T14:00:00Z,106.24,2024-11-22T15:00:00+01:00,2024-11-22
2024-11-22T15:00:00Z,111.21,2024-11-22T16:00:00+01:00,2024-11-22
2024-11-22T16:00:00Z,128.44,2024-11-22T17:00:00+01:00,2024-11-22
2024-11-22T17:00:00Z,134.28,2024-11-22T18:00:00+01:00,2024-11-22
2024-11-22T18:00:00Z,128.8,2024-11-22T19:00:00+01:00,2024-11-22
2024-11-22T19:00:00Z,106.21,2024-11-22T20:00:00+01:00,2024-11-22
2024-11-22T20:00:00Z,106.35,2024-11-22T21:00:00+01:00,2024-11-22
2024-11-22T21:00:00Z,93.25,2024-11-22T22:00:00+01:00,2024-11-22
2024-11-22T22:00:00Z,77.0,2024-11-22T23:00:00+01:00,2024-11-22
2024-11-22T23:00:00Z,80.0,2024-11-23T00:00:00+01:00,2024-11-23
2024-11-23T00:00:00Z,76.87,2024-11-23T01:00:00+01:00,2024-11-23
2024-11-23T01:00:00Z,77.88,2024-11-23T02:00:00+01:00,2024-11-23
2024-11-23T02:00:00Z,79.04,2024-11-23T03:00:00+01:00,2024-11-23
2024-11-23T03:00:00Z,79.35,2024-11-23T04:00:00+01:00,2024-11-23
2024-11-23T04:00:00Z,82.54,2024-11-23T05:00:00+01:00,2024-11-23
2024-11-23T05:00:00Z,82.05,2024-11-23T06:00:00+01:00,2024-11-23
2024-11-23T06:00:00Z,89.27,2024-11-23T07:00:00+01:00,2024-11-23
2024-11-23T07:00:00Z,97.48,2024-11-23T08:00:00+01:00,2024-11-23
2024-11-23T08:00:00Z,85.62,2024-11-23T09:00:00+01:00,2024-11-23
2024-11-23T09:00:00Z,78.54,2024-11-23T10:00:00+01:00,2024-11-23
2024-11-23T10:00:00Z,73.5,2024-11-23T11:00:00+01:00,2024-11-23
2024-11-23T11:00:00Z,71.2,2024-11-23T12:00:00+01:00,2024-11-23
2024-11-23T12:00:00Z,75.85,2024-11-23T13:00:00+01:00,2024-11-23
2024-11-23T13:00:00Z,85.68,2024-11-23T14:00:00+01:00,2024-11-23
2024-11-23T14:00:00Z,104.55,2024-11-23T15:00:00+01:00,2024-11-23
2024-11-23T15:00:00Z,87.31,2024-11-23T16:00:00+01:00,2024-11-23
2024-11-23T16:00:00Z,95.56,2024-11-23T17:00:00+01:00,2024-11-23
2024-11-23T17:00:00Z,86.08,2024-11-23T18:00:00+01:00,2024-11-23
2024-11-23T18:00:00Z,71.0,2024-11-23T19:00:00+01:00,2024-11-23
2024-11-23T19:00:00Z,59.55,2024-11-23T20:00:00+01:00,2024-11-23
2024-11-23T20:00:00Z,48.03,2024-11-23T21:00:00+01:00,2024-11-23
2024-11-23T21:00:00Z,39.1,2024-11-23T22:00:00+01:00,2024-11-23
2024-11-23T22:00:00Z,18.46,2024-11-23T23:00:00+01:00,2024-11-23
2024-11-23T23:00:00Z,1.01,2024-11-24T00:00:00+01:00,2024-11-24
2024-11-24T00:00:00Z,0.0,2024-11-24T01:00:00+01:00,2024-11-24
2024-11-24T01:00:00Z,0.0,2024-11-24T02:00:00+01:00,2024-11-24
2024-11-24T02:00:00Z,-0.01,2024-11-24T03:00:00+01:00,2024-11-24
2024-11-24T03:00:00Z,-0.02,2024-11-24T04:00:00+01:00,2024-11-24
2024-11-24T04:00:00Z,-0.03,2024-11-24T05:00:00+01:00,2024-11-24
2024-11-24T05:00:00Z,-0.05,2024-11-24T06:00:00+01:00,2024-11-24
2024-11-24T06:00:00Z,-0.03,2024-11-24T07:00:00+01:00,2024-11-24
2024-11-24T07:00:00Z,1.37,2024-11-24T08:00:00+01:00,2024-11-24
2024-11-24T08:00:00Z,3.75,2024-11-24T09:00:00+01:00,2024-11-24
2024-11-24T09:00:00Z,2.07,2024-11-24T10:00:00+01:00,2024-11-24
2024-11-24T10:00:00Z,2.53,2024-11-24T11:00:00+01:00,2024-11-24
2024-11-24T11:00:00Z,1.01,2024-11-24T12:00:00+01:00,2024-11-24
2024-11-24T12:00:00Z,1.01,2024-11-24T13:00:00+01:00,2024-11-24
2024-11-24T13:00:00Z,3.11,2024-11-24T14:00:00+01:00,2024-11-24
2024-11-24T14:00:00Z,6.61,2024-11-24T15:00:00+01:00,2024-11-24
2024-11-24T15:00:00Z,13.99,2024-11-24T16:00:00+01:00,2024-11-24
2024-11-24T16:00:00Z,15.52,2024-11-24T17:00:00+01:00,2024-11-24
2024-11-24T17:00:00Z,16.18,2024-11-24T18:00:00+01:00,2024-11-24
2024-11-24T18:00:00Z,12.02,2024-11-24T19:00:00+01:00,2024-11-24
2024-11-24T19:00:00Z,7.4,2024-11-24T20:00:00+01:00,2024-11-24
2024-11-24T20:00:00Z,4.5,2024-11-24T21:00:00+01:00,2024-11-24
2024-11-24T21:00:00Z,3.27,2024-11-24T22:00:00+01:00,2024-11-24
2024-11-24T22:00:00Z,0.01,2024-11-24T23:00:00+01:00,2024-11-24
2024-11-24T23:00:00Z,-1.25,2024-11-25T00:00:00+01:00,2024-11-25
2024-11-25T00:00:00Z,-1.59,2024-11-25T01:00:00+01:00,2024-11-25
2024-11-25T01:00:00Z,-1.42,2024-11-25T02:00:00+01:00,2024-11-25
2024-11-25T02:00:00Z,-1.86,2024-11-25T03:00:00+01:00,2024-11-25
2024-11-25T03:00:00Z,-1.42,2024-11-25T04:00:00+01:00,2024-11-25
2024-11-25T04:00:00Z,-0.28,2024-11-25T05:00:00+01:00,2024-11-25
2024-11-25T05:00:00Z,0.09,2024-11-25T06:00:00+01:00,2024-11-25
2024-11-25T06:00:00Z,54.38,2024-11-25T07:00:00+01:00,2024-11-25
2024-11-25T07:00:00Z,77.01,2024-11-25T08:00:00+01:00,2024-11-25
2024-11-25T08:00:00Z,66.57,2024-11-25T09:00:00+01:00,2024-11-25
2024-11-25T09:00:00Z,42.55,2024-11-25T10:00:00+01:00,2024-11-25
2024-11-25T10:00:00Z,41.37,2024-11-25T11:00:00+01:00,2024-11-25
2024-11-25T11:00:00Z,40.0,2024-11-25T12:00:00+01:00,2024-11-25
2024-11-25T12:00:00Z,57.16,2024-11-25T13:00:00+01:00,2024-11-25
2024-11-25T13:00:00Z,67.97,2024-11-25T14:00:00+01:00,2024-11-25
2024-11-25T14:00:00Z,94.99,2024-11-25T15:00:00+01:00,2024-11-25
2024-11-25T15:00:00Z,92.58,2024-11-25T16:00:00+01:00,2024-11-25
2024-11-25T16:00:00Z,116.08,2024-11-25T17:00:00+01:00,2024-11-25
2024-11-25T17:00:00Z,128.0,2024-11-25T18:00:00+01:00,2024-11-25
2024-11-25T18:00:00Z,118.0,2024-11-25T19:00:00+01:00,2024-11-25
2024-11-25T19:00:00Z,94.73,2024-11-25T20:00:00+01:00,2024-11-25
2024-11-25T20:00:00Z,81.26,2024-11-25T21:00:00+01:00,2024-11-25
2024-11-25T21:00:00Z,86.26,2024-11-25T22:00:00+01:00,2024-11-25
2024-11-25T22:00:00Z,69.17,2024-11-25T23:00:00+01:00,2024-11-25
2024-11-25T23:00:00Z,89.53,2024-11-26T00:00:00+01:00,2024-11-26
2024-11-26T00:00:00Z,77.99,2024-11-26T01:00:00+01:00,2024-11-26
2024-11-26T01:00:00Z,77.66,2024-11-26T02:00:00+01:00,2024-11-26
2024-11-26T02:00:00Z,70.55,2024-11-26T03:00:00+01:00,2024-11-26
2024-11-26T03:00:00Z,72.72,2024-11-26T04:00:00+01:00,2024-11-26
2024-11-26T04:00:00Z,82.26,2024-11-26T05:00:00+01:00,2024-11-26
2024-11-26T05:00:00Z,101.45,2024-11-26T06:00:00+01:00,2024-11-26
2024-11-26T06:00:00Z,130.9,2024-11-26T07:00:00+01:00,2024-11-26
2024-11-26T07:00:00Z,137.84,2024-11-26T08:00:00+01:00,2024-11-26
2024-11-26T08:00:00Z,127.09,2024-11-26T09:00:00+01:00,2024-11-26
2024-11-26T09:00:00Z,112.09,2024-11-26T10:00:00+01:00,2024-11-26
2024-11-26T10:00:00Z,100.0,2024-11-26T11:00:00+01:00,2024-11-26
2024-11-26T11:00:00Z,90.9,2024-11-26T12:00:00+01:00,2024-11-26
2024-11-26T12:00:00Z,102.07,2024-11-26T13:00:00+01:00,2024-11-26
2024-11-26T13:00:00Z,116.1,2024-11-26T14:00:00+01:00,2024-11-26
2024-11-26T14:00:00Z,123.95,2024-11-26T15:00:00+01:00,2024-11-26
2024-11-26T15:00:00Z,143.1,2024-11-26T16:00:00+01:00,2024-11-26
2024-11-26T16:00:00Z,155.52,2024-11-26T17:00:00+01:00,2024-11-26
2024-11-26T17:00:00Z,160.91,2024-11-26T18:00:00+01:00,2024-11-26
2024-11-26T18:00:00Z,153.28,2024-11-26T19:00:00+01:00,2024-11-26
2024-11-26T19:00:00Z,126.38,2024-11-26T20:00:00+01:00,2024-11-26
2024-11-26T20:00:00Z,118.23,2024-11-26T21:00:00+01:00,2024-11-26
2024-11-26T21:00:00Z,122.13,2024-11-26T22:00:00+01:00,2024-11-26
2024-11-26T22:00:00Z,113.34,2024-11-26T23:00:00+01:00,2024-11-26
2024-11-26T23:00:00Z,104.74,2024-11-27T00:00:00+01:00,2024-11-27
2024-11-27T00:00:00Z,106.28,2024-11-27T01:00:00+01:00,2024-11-27
2024-11-27T01:00:00Z,110.0,2024-11-27T02:00:00+01:00,2024-11-27
2024-11-27T02:00:00Z,111.46,2024-11-27T03:00:00+01:00,2024-11-27
2024-11-27T03:00:00Z,114.66,2024-11-27T04:00:00+01:00,2024-11-27
2024-11-27T04:00:00Z,123.92,2024-11-27T05:00:00+01:00,2024-11-27
2024-11-27T05:00:00Z,140.5,2024-11-27T06:00:00+01:00,2024-11-27
2024-11-27T06:00:00Z,160.0,2024-11-27T07:00:00+01:00,2024-11-27
2024-11-27T07:00:00Z,184.84,2024-11-27T08:00:00+01:00,2024-11-27
2024-11-27T08:00:00Z,164.45,2024-11-27T09:00:00+01:00,2024-11-27
2024-11-27T09:00:00Z,153.1,2024-11-27T10:00:00+01:00,2024-11-27
2024-11-27T10:00:00Z,150.0,2024-11-27T11:00:00+01:00,2024-11-27
2024-11-27T11:00:00Z,145.66,2024-11-27T12:00:00+01:00,2024-11-27
2024-11-27T12:00:00Z,140.49,2024-11-27T13:00:00+01:00,2024-11-27
2024-11-27T13:00:00Z,130.09,2024-11-27T14:00:00+01:00,2024-11-27
2024-11-27T14:00:00Z,131.7,2024-11-27T15:00:00+01:00,2024-11-27
2024-11-27T15:00:00Z,117.56,2024-11-27T16:00:00+01:00,2024-11-27
2024-11-27T16:00:00Z,110.24,2024-11-27T17:00:00+01:00,2024-11-27
2024-11-27T17:00:00Z,112.29,2024-11-27T18:00:00+01:00,2024-11-27
2024-11-27T18:00:00Z,101.84,2024-11-27T19:00:00+01:00,2024-11-27
2024-11-27T19:00:00Z,78.14,2024-11-27T20:00:00+01:00,2024-11-27
2024-11-27T20:00:00Z,71.86,2024-11-27T21:00:00+01:00,2024-11-27
2024-11-27T21:00:00Z,67.05,2024-11-27T22:00:00+01:00,2024-11-27
2024-11-27T22:00:00Z,48.78,2024-11-27T23:00:00+01:00,2024-11-27
2024-11-27T23:00:00Z,49.21,2024-11-28T00:00:00+01:00,2024-11-28
2024-11-28T00:00:00Z,41.21,2024-11-28T01:00:00+01:00,2024-11-28
2024-11-28T01:00:00Z,32.95,2024-11-28T02:00:00+01:00,2024-11-28
2024-11-28T02:00:00Z,32.08,2024-11-28T03:00:00+01:00,2024-11-28
2024-11-28T03:00:00Z,31.69,2024-11-28T04:00:00+01:00,2024-11-28
2024-11-28T04:00:00Z,52.29,2024-11-28T05:00:00+01:00,2024-11-28
2024-11-28T05:00:00Z,64.98,2024-11-28T06:00:00+01:00,2024-11-28
2024-11-28T06:00:00Z,88.13,2024-11-28T07:00:00+01:00,2024-11-28
2024-11-28T07:00:00Z,107.41,2024-11-28T08:00:00+01:00,2024-11-28
2024-11-28T08:00:00Z,107.41,2024-11-28T09:00:00+01:00,2024-11-28
2024-11-28T09:00:00Z,92.1,2024-11-28T10:00:00+01:00,2024-11-28
2024-11-28T10:00:00Z,98.7,2024-11-28T11:00:00+01:00,2024-11-28
2024-11-28T11:00:00Z,96.16,2024-11-28T12:00:00+01:00,2024-11-28
2024-11-28T12:00:00Z,96.68,2024-11-28T13:00:00+01:00,2024-11-28
2024-11-28T13:00:00Z,97.86,2024-11-28T14:00:00+01:00,2024-11-28
2024-11-28T14:00:00Z,111.59,2024-11-28T15:00:00+01:00,2024-11-28
2024-11-28T15:00:00Z,132.62,2024-11-28T16:00:00+01:00,2024-11-28
2024-11-28T16:00:00Z,149.33,2024-11-28T17:00:00+01:00,2024-11-28
2024-11-28T17:00:00Z,158.23,2024-11-28T18:00:00+01:00,2024-11-28
2024-11-28T18:00:00Z,153.91,2024-11-28T19:00:00+01:00,2024-11-28
2024-11-28T19:00:00Z,143.97,2024-11-28T20:00:00+01:00,2024-11-28
2024-11-28T20:00:00Z,132.49,2024-11-28T21:00:00+01:00,2024-11-28
2024-11-28T21:00:00Z,122.16,2024-11-28T22:00:00+01:00,2024-11-28
2024-11-28T22:00:00Z,112.6,2024-11-28T23:00:00+01:00,2024-11-28
2024-11-28T23:00:00Z,110.3,2024-11-29T00:00:00+01:00,2024-11-29
2024-11-29T00:00:00Z,107.01,2024-11-29T01:00:00+01:00,2024-11-29
2024-11-29T01:00:00Z,103.47,2024-11-29T02:00:00+01:00,2024-11-29
2024-11-29T02:00:00Z,102.8,2024-11-29T03:00:00+01:00,2024-11-29
2024-11-29T03:00:00Z,105.3,2024-11-29T04:00:00+01:00,2024-11-29
2024-11-29T04:00:00Z,115.28,2024-11-29T05:00:00+01:00,2024-11-29
2024-11-29T05:00:00Z,145.1,2024-11-29T06:00:00+01:00,2024-11-29
2024-11-29T06:00:00Z,169.28,2024-11-29T07:00:00+01:00,2024-11-29
2024-11-29T07:00:00Z,181.35,2024-11-29T08:00:00+01:00,2024-11-29
2024-11-29T08:00:00Z,162.49,2024-11-29T09:00:00+01:00,2024-11-29
2024-11-29T09:00:00Z,143.01,2024-11-29T10:00:00+01:00,2024-11-29
2024-11-29T10:00:00Z,136.4,2024-11-29T11:00:00+01:00,2024-11-29
2024-11-29T11:00:00Z,126.59,2024-11-29T12:00:00+01:00,2024-11-29
2024-11-29T12:00:00Z,119.5,2024-11-29T13:00:00+01:00,2024-11-29
2024-11-29T13:00:00Z,129.58,2024-11-29T14:00:00+01:00,2024-11-29
2024-11-29T14:00:00Z,141.02,2024-11-29T15:00:00+01:00,2024-11-29
2024-11-29T15:00:00Z,152.01,2024-11-29T16:00:00+01:00,2024-11-29
2024-11-29T16:00:00Z,150.44,2024-11-29T17:00:00+01:00,2024-11-29
2024-11-29T17:00:00Z,142.03,2024-11-29T18:00:00+01:00,2024-11-29
2024-11-29T18:00:00Z,130.81,2024-11-29T19:00:00+01:00,2024-11-29
2024-11-29T19:00:00Z,119.9,2024-11-29T20:00:00+01:00,2024-11-29
2024-11-29T20:00:00Z,115.1,2024-11-29T21:00:00+01:00,2024-11-29
2024-11-29T21:00:00Z,113.73,2024-11-29T22:00:00+01:00,2024-11-29
2024-11-29T22:00:00Z,103.45,2024-11-29T23:00:00+01:00,2024-11-29
2024-11-29T23:00:00Z,98.83,2024-11-30T00:00:00+01:00,2024-11-30
2024-11-30T00:00:00Z,92.0,2024-11-30T01:00:00+01:00,2024-11-30
2024-11-30T01:00:00Z,89.69,2024-11-30T02:00:00+01:00,2024-11-30
2024-11-30T02:00:00Z,86.9,2024-11-30T03:00:00+01:00,2024-11-30
2024-11-30T03:00:00Z,88.18,2024-11-30T04:00:00+01:00,2024-11-30
2024-11-30T04:00:00Z,90.18,2024-11-30T05:00:00+01:00,2024-11-30
2024-11-30T05:00:00Z,88.9,2024-11-30T06:00:00+01:00,2024-11-30
2024-11-30T06:00:00Z,103.06,2024-11-30T07:00:00+01:00,2024-11-30
2024-11-30T07:00:00Z,107.39,2024-11-30T08:00:00+01:00,2024-11-30
2024-11-30T08:00:00Z,91.17,2024-11-30T09:00:00+01:00,2024-11-30
2024-11-30T09:00:00Z,85.2,2024-11-30T10:00:00+01:00,2024-11-30
2024-11-30T10:00:00Z,86.12,2024-11-30T11:00:00+01:00,2024-11-30
2024-11-30T11:00:00Z,87.7,2024-11-30T12:00:00+01:00,2024-11-30
2024-11-30T12:00:00Z,90.03,2024-11-30T13:00:00+01:00,2024-11-30
2024-11-30T13:00:00Z,93.35,2024-11-30T14:00:00+01:00,2024-11-30
2024-11-30T14:00:00Z,124.34,2024-11-30T15:00:00+01:00,2024-11-30
2024-11-30T15:00:00Z,132.89,2024-11-30T16:00:00+01:00,2024-11-30
2024-11-30T16:00:00Z,136.94,2024-11-30T17:00:00+01:00,2024-11-30
2024-11-30T17:00:00Z,135.9,2024-11-30T18:00:00+01:00,2024-11-30
2024-11-30T18:00:00Z,131.96,2024-11-30T19:00:00+01:00,2024-11-30
2024-11-30T19:00:00Z,124.51,2024-11-30T20:00:00+01:00,2024-11-30
2024-11-30T20:00:00Z,115.08,2024-11-30T21:00:00+01:00,2024-11-30
2024-11-30T21:00:00Z,114.78,2024-11-30T22:00:00+01:00,2024-11-30
2024-11-30T22:00:00Z,106.67,2024-11-30T23:00:00+01:00,2024-11-30
2024-11-30T23:00:00Z,99.66,2024-12-01T00:00:00+01:00,2024-12-01
2024-12-01T00:00:00Z,90.01,2024-12-01T01:00:00+01:00,2024-12-01
2024-12-01T01:00:00Z,88.14,2024-12-01T02:00:00+01:00,2024-12-01
2024-12-01T02:00:00Z,85.7,2024-12-01T03:00:00+01:00,2024-12-01
2024-12-01T03:00:00Z,84.8,2024-12-01T04:00:00+01:00,2024-12-01
2024-12-01T04:00:00Z,85.31,2024-12-01T05:00:00+01:00,2024-12-01
2024-12-01T05:00:00Z,84.43,2024-12-01T06:00:00+01:00,2024-12-01
2024-12-01T06:00:00Z,89.97,2024-12-01T07:00:00+01:00,2024-12-01
2024-12-01T07:00:00Z,99.64,2024-12-01T08:00:00+01:00,2024-12-01
2024-12-01T08:00:00Z,94.6,2024-12-01T09:00:00+01:00,2024-12-01
2024-12-01T09:00:00Z,89.3,2024-12-01T10:00:00+01:00,2024-12-01
2024-12-01T10:00:00Z,82.38,2024-12-01T11:00:00+01:00,2024-12-01
2024-12-01T11:00:00Z,85.25,2024-12-01T12:00:00+01:00,2024-12-01
2024-12-01T12:00:00Z,83.08,2024-12-01T13:00:00+01:00,2024-12-01
2024-12-01T13:00:00Z,90.61,2024-12-01T14:00:00+01:00,2024-12-01
2024-12-01T14:00:00Z,108.62,2024-12-01T15:00:00+01:00,2024-12-01
2024-12-01T15:00:00Z,121.53,2024-12-01T16:00:00+01:00,2024-12-01
2024-12-01T16:00:00Z,117.77,2024-12-01T17:00:00+01:00,2024-12-01
2024-12-01T17:00:00Z,121.51,2024-12-01T18:00:00+01:00,2024-12-01
2024-12-01T18:00:00Z,110.23,2024-12-01T19:00:00+01:00,2024-12-01
2024-12-01T19:00:00Z,91.35,2024-12-01T20:00:00+01:00,2024-12-01
2024-12-01T20:00:00Z,84.36,2024-12-01T21:00:00+01:00,2024-12-01
2024-12-01T21:00:00Z,96.98,2024-12-01T22:00:00+01:00,2024-12-01
2024-12-01T22:00:00Z,85.0,2024-12-01T23:00:00+01:00,2024-12-01
2024-12-01T23:00:00Z,74.77,2024-12-02T00:00:00+01:00,2024-12-02
2024-12-02T00:00:00Z,65.78,2024-12-02T01:00:00+01:00,2024-12-02
2024-12-02T01:00:00Z,61.17,2024-12-02T02:00:00+01:00,2024-12-02
2024-12-02T02:00:00Z,46.44,2024-12-02T03:00:00+01:00,2024-12-02
2024-12-02T03:00:00Z,50.21,2024-12-02T04:00:00+01:00,2024-12-02
2024-12-02T04:00:00Z,69.53,2024-12-02T05:00:00+01:00,2024-12-02
2024-12-02T05:00:00Z,92.08,2024-12-02T06:00:00+01:00,2024-12-02
2024-12-02T06:00:00Z,125.25,2024-12-02T07:00:00+01:00,2024-12-02
2024-12-02T07:00:00Z,125.2,2024-12-02T08:00:00+01:00,2024-12-02
2024-12-02T08:00:00Z,123.63,2024-12-02T09:00:00+01:00,2024-12-02
2024-12-02T09:00:00Z,121.27,2024-12-02T10:00:00+01:00,2024-12-02
2024-12-02T10:00:00Z,115.8,2024-12-02T11:00:00+01:00,2024-12-02
2024-12-02T11:00:00Z,115.09,2024-12-02T12:00:00+01:00,2024-12-02
2024-12-02T12:00:00Z,127.6,2024-12-02T13:00:00+01:00,2024-12-02
2024-12-02T13:00:00Z,136.74,2024-12-02T14:00:00+01:00,2024-12-02
2024-12-02T14:00:00Z,144.04,2024-12-02T15:00:00+01:00,2024-12-02
2024-12-02T15:00:00Z,144.75,2024-12-02T16:00:00+01:00,2024-12-02
2024-12-02T16:00:00Z,147.68,2024-12-02T17:00:00+01:00,2024-12-02
2024-12-02T17:00:00Z,147.9,2024-12-02T18:00:00+01:00,2024-12-02
2024-12-02T18:00:00Z,138.0,2024-12-02T19:00:00+01:00,2024-12-02
2024-12-02T19:00:00Z,120.01,2024-12-02T20:00:00+01:00,2024-12-02
2024-12-02T20:00:00Z,112.68,2024-12-02T21:00:00+01:00,2024-12-02
2024-12-02T21:00:00Z,111.72,2024-12-02T22:00:00+01:00,2024-12-02
2024-12-02T22:00:00Z,102.21,2024-12-02T23:00:00+01:00,2024-12-02
2024-12-02T23:00:00Z,110.73,2024-12-03T00:00:00+01:00,2024-12-03
2024-12-03T00:00:00Z,103.05,2024-12-03T01:00:00+01:00,2024-12-03
2024-12-03T01:00:00Z,96.28,2024-12-03T02:00:00+01:00,2024-12-03
2024-12-03T02:00:00Z,93.22,2024-12-03T03:00:00+01:00,2024-12-03
2024-12-03T03:00:00Z,100.48,2024-12-03T04:00:00+01:00,2024-12-03
2024-12-03T04:00:00Z,108.09,2024-12-03T05:00:00+01:00,2024-12-03
2024-12-03T05:00:00Z,121.76,2024-12-03T06:00:00+01:00,2024-12-03
2024-12-03T06:00:00Z,142.39,2024-12-03T07:00:00+01:00,2024-12-03
2024-12-03T07:00:00Z,154.62,2024-12-03T08:00:00+01:00,2024-12-03
2024-12-03T08:00:00Z,150.09,2024-12-03T09:00:00+01:00,2024-12-03
2024-12-03T09:00:00Z,141.37,2024-12-03T10:00:00+01:00,2024-12-03
2024-12-03T10:00:00Z,139.23,2024-12-03T11:00:00+01:00,2024-12-03
2024-12-03T11:00:00Z,135.62,2024-12-03T12:00:00+01:00,2024-12-03
2024-12-03T12:00:00Z,142.41,2024-12-03T13:00:00+01:00,2024-12-03
2024-12-03T13:00:00Z,150.02,2024-12-03T14:00:00+01:00,2024-12-03
2024-12-03T14:00:00Z,168.94,2024-12-03T15:00:00+01:00,2024-12-03
2024-12-03T15:00:00Z,205.18,2024-12-03T16:00:00+01:00,2024-12-03
2024-12-03T16:00:00Z,210.0,2024-12-03T17:00:00+01:00,2024-12-03
2024-12-03T17:00:00Z,197.88,2024-12-03T18:00:00+01:00,2024-12-03
2024-12-03T18:00:00Z,189.83,2024-12-03T19:00:00+01:00,2024-12-03
2024-12-03T19:00:00Z,170.04,2024-12-03T20:00:00+01:00,2024-12-03
2024-12-03T20:00:00Z,153.61,2024-12-03T21:00:00+01:00,2024-12-03
2024-12-03T21:00:00Z,142.08,2024-12-03T22:00:00+01:00,2024-12-03
2024-12-03T22:00:00Z,130.81,2024-12-03T23:00:00+01:00,2024-12-03
2024-12-03T23:00:00Z,120.99,2024-12-04T00:00:00+01:00,2024-12-04
2024-12-04T00:00:00Z,116.66,2024-12-04T01:00:00+01:00,2024-12-04
2024-12-04T01:00:00Z,112.79,2024-12-04T02:00:00+01:00,2024-12-04
2024-12-04T02:00:00Z,110.19,2024-12-04T03:00:00+01:00,2024-12-04
2024-12-04T03:00:00Z,112.26,2024-12-04T04:00:00+01:00,2024-12-04
2024-12-04T04:00:00Z,120.91,2024-12-04T05:00:00+01:00,2024-12-04
2024-12-04T05:00:00Z,145.2,2024-12-04T06:00:00+01:00,2024-12-04
2024-12-04T06:00:00Z,209.76,2024-12-04T07:00:00+01:00,2024-12-04
2024-12-04T07:00:00Z,276.66,2024-12-04T08:00:00+01:00,2024-12-04
2024-12-04T08:00:00Z,250.76,2024-12-04T09:00:00+01:00,2024-12-04
2024-12-04T09:00:00Z,212.21,2024-12-04T10:00:00+01:00,2024-12-04
2024-12-04T10:00:00Z,198.95,2024-12-04T11:00:00+01:00,2024-12-04
2024-12-04T11:00:00Z,192.25,2024-12-04T12:00:00+01:00,2024-12-04
2024-12-04T12:00:00Z,199.82,2024-12-04T13:00:00+01:00,2024-12-04
2024-12-04T13:00:00Z,218.44,2024-12-04T14:00:00+01:00,2024-12-04
2024-12-04T14:00:00Z,242.87,2024-12-04T15:00:00+01:00,2024-12-04
2024-12-04T15:00:00Z,267.35,2024-12-04T16:00:00+01:00,2024-12-04
2024-12-04T16:00:00Z,287.76,2024-12-04T17:00:00+01:00,2024-12-04
2024-12-04T17:00:00Z,230.22,2024-12-04T18:00:00+01:00,2024-12-04
2024-12-04T18:00:00Z,197.59,2024-12-04T19:00:00+01:00,2024-12-04
2024-12-04T19:00:00Z,165.68,2024-12-04T20:00:00+01:00,2024-12-04
2024-12-04T20:00:00Z,148.34,2024-12-04T21:00:00+01:00,2024-12-04
2024-12-04T21:00:00Z,128.33,2024-12-04T22:00:00+01:00,2024-12-04
2024-12-04T22:00:00Z,113.27,2024-12-04T23:00:00+01:00,2024-12-04
2024-12-04T23:00:00Z,114.77,2024-12-05T00:00:00+01:00,2024-12-05
2024-12-05T00:00:00Z,105.74,2024-12-05T01:00:00+01:00,2024-12-05
2024-12-05T01:00:00Z,103.27,2024-12-05T02:00:00+01:00,2024-12-05
2024-12-05T02:00:00Z,104.5,2024-12-05T03:00:00+01:00,2024-12-05
2024-12-05T03:00:00Z,103.27,2024-12-05T04:00:00+01:00,2024-12-05
2024-12-05T04:00:00Z,104.12,2024-12-05T05:00:00+01:00,2024-12-05
2024-12-05T05:00:00Z,135.88,2024-12-05T06:00:00+01:00,2024-12-05
2024-12-05T06:00:00Z,143.54,2024-12-05T07:00:00+01:00,2024-12-05
2024-12-05T07:00:00Z,141.29,2024-12-05T08:00:00+01:00,2024-12-05
2024-12-05T08:00:00Z,131.78,2024-12-05T09:00:00+01:00,2024-12-05
2024-12-05T09:00:00Z,124.92,2024-12-05T10:00:00+01:00,2024-12-05
2024-12-05T10:00:00Z,107.31,2024-12-05T11:00:00+01:00,2024-12-05
2024-12-05T11:00:00Z,102.67,2024-12-05T12:00:00+01:00,2024-12-05
2024-12-05T12:00:00Z,102.93,2024-12-05T13:00:00+01:00,2024-12-05
2024-12-05T13:00:00Z,102.89,2024-12-05T14:00:00+01:00,2024-12-05
2024-12-05T14:00:00Z,100.87,2024-12-05T15:00:00+01:00,2024-12-05
2024-12-05T15:00:00Z,101.5,2024-12-05T16:00:00+01:00,2024-12-05
2024-12-05T16:00:00Z,118.31,2024-12-05T17:00:00+01:00,2024-12-05
2024-12-05T17:00:00Z,112.16,2024-12-05T18:00:00+01:00,2024-12-05
2024-12-05T18:00:00Z,105.36,2024-12-05T19:00:00+01:00,2024-12-05
2024-12-05T19:00:00Z,87.13,2024-12-05T20:00:00+01:00,2024-12-05
2024-12-05T20:00:00Z,77.3,2024-12-05T21:00:00+01:00,2024-12-05
2024-12-05T21:00:00Z,74.17,2024-12-05T22:00:00+01:00,2024-12-05
2024-12-05T22:00:00Z,43.14,2024-12-05T23:00:00+01:00,2024-12-05
2024-12-05T23:00:00Z,10.64,2024-12-06T00:00:00+01:00,2024-12-06
2024-12-06T00:00:00Z,4.6,2024-12-06T01:00:00+01:00,2024-12-06
2024-12-06T01:00:00Z,3.87,2024-12-06T02:00:00+01:00,2024-12-06
2024-12-06T02:00:00Z,2.31,2024-12-06T03:00:00+01:00,2024-12-06
2024-12-06T03:00:00Z,2.99,2024-12-06T04:00:00+01:00,2024-12-06
2024-12-06T04:00:00Z,10.35,2024-12-06T05:00:00+01:00,2024-12-06
2024-12-06T05:00:00Z,63.49,2024-12-06T06:00:00+01:00,2024-12-06
2024-12-06T06:00:00Z,92.71,2024-12-06T07:00:00+01:00,2024-12-06
2024-12-06T07:00:00Z,110.17,2024-12-06T08:00:00+01:00,2024-12-06
2024-12-06T08:00:00Z,110.16,2024-12-06T09:00:00+01:00,2024-12-06
2024-12-06T09:00:00Z,104.08,2024-12-06T10:00:00+01:00,2024-12-06
2024-12-06T10:00:00Z,98.37,2024-12-06T11:00:00+01:00,2024-12-06
2024-12-06T11:00:00Z,91.9,2024-12-06T12:00:00+01:00,2024-12-06
2024-12-06T12:00:00Z,100.7,2024-12-06T13:00:00+01:00,2024-12-06
2024-12-06T13:00:00Z,109.0,2024-12-06T14:00:00+01:00,2024-12-06
2024-12-06T14:00:00Z,116.92,2024-12-06T15:00:00+01:00,2024-12-06
2024-12-06T15:00:00Z,131.55,2024-12-06T16:00:00+01:00,2024-12-06
2024-12-06T16:00:00Z,142.99,2024-12-06T17:00:00+01:00,2024-12-06
2024-12-06T17:00:00Z,151.07,2024-12-06T18:00:00+01:00,2024-12-06
2024-12-06T18:00:00Z,142.48,2024-12-06T19:00:00+01:00,2024-12-06
2024-12-06T19:00:00Z,130.0,2024-12-06T20:00:00+01:00,2024-12-06
2024-12-06T20:00:00Z,119.42,2024-12-06T21:00:00+01:00,2024-12-06
2024-12-06T21:00:00Z,121.08,2024-12-06T22:00:00+01:00,2024-12-06
2024-12-06T22:00:00Z,102.14,2024-12-06T23:00:00+01:00,2024-12-06
2024-12-06T23:00:00Z,86.65,2024-12-07T00:00:00+01:00,2024-12-07
2024-12-07T00:00:00Z,74.32,2024-12-07T01:00:00+01:00,2024-12-07
2024-12-07T01:00:00Z,68.0,2024-12-07T02:00:00+01:00,2024-12-07
2024-12-07T02:00:00Z,63.87,2024-12-07T03:00:00+01:00,2024-12-07
2024-12-07T03:00:00Z,58.09,2024-12-07T04:00:00+01:00,2024-12-07
2024-12-07T04:00:00Z,50.16,2024-12-07T05:00:00+01:00,2024-12-07
2024-12-07T05:00:00Z,39.46,2024-12-07T06:00:00+01:00,2024-12-07
2024-12-07T06:00:00Z,43.28,2024-12-07T07:00:00+01:00,2024-12-07
2024-12-07T07:00:00Z,58.06,2024-12-07T08:00:00+01:00,2024-12-07
2024-12-07T08:00:00Z,62.86,2024-12-07T09:00:00+01:00,2024-12-07
2024-12-07T09:00:00Z,64.92,2024-12-07T10:00:00+01:00,2024-12-07
2024-12-07T10:00:00Z,64.92,2024-12-07T11:00:00+01:00,2024-12-07
2024-12-07T11:00:00Z,68.0,2024-12-07T12:00:00+01:00,2024-12-07
2024-12-07T12:00:00Z,72.84,2024-12-07T13:00:00+01:00,2024-12-07
2024-12-07T13:00:00Z,74.24,2024-12-07T14:00:00+01:00,2024-12-07
2024-12-07T14:00:00Z,82.5,2024-12-07T15:00:00+01:00,2024-12-07
2024-12-07T15:00:00Z,96.45,2024-12-07T16:00:00+01:00,2024-12-07
2024-12-07T16:00:00Z,96.0,2024-12-07T17:00:00+01:00,2024-12-07
2024-12-07T17:00:00Z,87.92,2024-12-07T18:00:00+01:00,2024-12-07
2024-12-07T18:00:00Z,82.41,2024-12-07T19:00:00+01:00,2024-12-07
2024-12-07T19:00:00Z,78.92,2024-12-07T20:00:00+01:00,2024-12-07
2024-12-07T20:00:00Z,85.03,2024-12-07T21:00:00+01:00,2024-12-07
2024-12-07T21:00:00Z,82.5,2024-12-07T22:00:00+01:00,2024-12-07
2024-12-07T22:00:00Z,74.8,2024-12-07T23:00:00+01:00,2024-12-07
2024-12-07T23:00:00Z,93.91,2024-12-08T00:00:00+01:00,2024-12-08
2024-12-08T00:00:00Z,86.83,2024-12-08T01:00:00+01:00,2024-12-08
2024-12-08T01:00:00Z,86.73,2024-12-08T02:00:00+01:00,2024-12-08
2024-12-08T02:00:00Z,83.95,2024-12-08T03:00:00+01:00,2024-12-08
2024-12-08T03:00:00Z,84.44,2024-12-08T04:00:00+01:00,2024-12-08
2024-12-08T04:00:00Z,91.13,2024-12-08T05:00:00+01:00,2024-12-08
2024-12-08T05:00:00Z,91.25,2024-12-08T06:00:00+01:00,2024-12-08
2024-12-08T06:00:00Z,91.29,2024-12-08T07:00:00+01:00,2024-12-08
2024-12-08T07:00:00Z,100.84,2024-12-08T08:00:00+01:00,2024-12-08
2024-12-08T08:00:00Z,109.4,2024-12-08T09:00:00+01:00,2024-12-08
2024-12-08T09:00:00Z,110.84,2024-12-08T10:00:00+01:00,2024-12-08
2024-12-08T10:00:00Z,117.39,2024-12-08T11:00:00+01:00,2024-12-08
2024-12-08T11:00:00Z,118.36,2024-12-08T12:00:00+01:00,2024-12-08
2024-12-08T12:00:00Z,116.74,2024-12-08T13:00:00+01:00,2024-12-08
2024-12-08T13:00:00Z,111.91,2024-12-08T14:00:00+01:00,2024-12-08
2024-12-08T14:00:00Z,121.38,2024-12-08T15:00:00+01:00,2024-12-08
2024-12-08T15:00:00Z,105.94,2024-12-08T16:00:00+01:00,2024-12-08
2024-12-08T16:00:00Z,113.61,2024-12-08T17:00:00+01:00,2024-12-08
2024-12-08T17:00:00Z,98.55,2024-12-08T18:00:00+01:00,2024-12-08
2024-12-08T18:00:00Z,97.69,2024-12-08T19:00:00+01:00,2024-12-08
2024-12-08T19:00:00Z,91.29,2024-12-08T20:00:00+01:00,2024-12-08
2024-12-08T20:00:00Z,90.56,2024-12-08T21:00:00+01:00,2024-12-08
2024-12-08T21:00:00Z,88.6,2024-12-08T22:00:00+01:00,2024-12-08
2024-12-08T22:00:00Z,75.01,2024-12-08T23:00:00+01:00,2024-12-08
2024-12-08T23:00:00Z,71.36,2024-12-09T00:00:00+01:00,2024-12-09
2024-12-09T00:00:00Z,55.83,2024-12-09T01:00:00+01:00,2024-12-09
2024-12-09T01:00:00Z,35.13,2024-12-09T02:00:00+01:00,2024-12-09
2024-12-09T02:00:00Z,34.4,2024-12-09T03:00:00+01:00,2024-12-09
2024-12-09T03:00:00Z,40.01,2024-12-09T04:00:00+01:00,2024-12-09
2024-12-09T04:00:00Z,72.24,2024-12-09T05:00:00+01:00,2024-12-09
2024-12-09T05:00:00Z,79.4,2024-12-09T06:00:00+01:00,2024-12-09
2024-12-09T06:00:00Z,113.34,2024-12-09T07:00:00+01:00,2024-12-09
2024-12-09T07:00:00Z,122.54,2024-12-09T08:00:00+01:00,2024-12-09
2024-12-09T08:00:00Z,123.12,2024-12-09T09:00:00+01:00,2024-12-09
2024-12-09T09:00:00Z,129.81,2024-12-09T10:00:00+01:00,2024-12-09
2024-12-09T10:00:00Z,128.7,2024-12-09T11:00:00+01:00,2024-12-09
2024-12-09T11:00:00Z,128.32,2024-12-09T12:00:00+01:00,2024-12-09
2024-12-09T12:00:00Z,124.51,2024-12-09T13:00:00+01:00,2024-12-09
2024-12-09T13:00:00Z,121.35,2024-12-09T14:00:00+01:00,2024-12-09
2024-12-09T14:00:00Z,116.83,2024-12-09T15:00:00+01:00,2024-12-09
2024-12-09T15:00:00Z,116.08,2024-12-09T16:00:00+01:00,2024-12-09
2024-12-09T16:00:00Z,120.57,2024-12-09T17:00:00+01:00,2024-12-09
2024-12-09T17:00:00Z,123.69,2024-12-09T18:00:00+01:00,2024-12-09
2024-12-09T18:00:00Z,125.76,2024-12-09T19:00:00+01:00,2024-12-09
2024-12-09T19:00:00Z,114.97,2024-12-09T20:00:00+01:00,2024-12-09
2024-12-09T20:00:00Z,100.98,2024-12-09T21:00:00+01:00,2024-12-09
2024-12-09T21:00:00Z,98.48,2024-12-09T22:00:00+01:00,2024-12-09
2024-12-09T22:00:00Z,92.77,2024-12-09T23:00:00+01:00,2024-12-09
2024-12-09T23:00:00Z,92.85,2024-12-10T00:00:00+01:00,2024-12-10
2024-12-10T00:00:00Z,89.33,2024-12-10T01:00:00+01:00,2024-12-10
2024-12-10T01:00:00Z,86.5,2024-12-10T02:00:00+01:00,2024-12-10
2024-12-10T02:00:00Z,83.7,2024-12-10T03:00:00+01:00,2024-12-10
2024-12-10T03:00:00Z,87.21,2024-12-10T04:00:00+01:00,2024-12-10
2024-12-10T04:00:00Z,89.07,2024-12-10T05:00:00+01:00,2024-12-10
2024-12-10T05:00:00Z,112.06,2024-12-10T06:00:00+01:00,2024-12-10
2024-12-10T06:00:00Z,135.18,2024-12-10T07:00:00+01:00,2024-12-10
2024-12-10T07:00:00Z,169.76,2024-12-10T08:00:00+01:00,2024-12-10
2024-12-10T08:00:00Z,182.14,2024-12-10T09:00:00+01:00,2024-12-10
2024-12-10T09:00:00Z,184.75,2024-12-10T10:00:00+01:00,2024-12-10
2024-12-10T10:00:00Z,186.5,2024-12-10T11:00:00+01:00,2024-12-10
2024-12-10T11:00:00Z,180.62,2024-12-10T12:00:00+01:00,2024-12-10
2024-12-10T12:00:00Z,190.78,2024-12-10T13:00:00+01:00,2024-12-10
2024-12-10T13:00:00Z,189.41,2024-12-10T14:00:00+01:00,2024-12-10
2024-12-10T14:00:00Z,197.64,2024-12-10T15:00:00+01:00,2024-12-10
2024-12-10T15:00:00Z,200.18,2024-12-10T16:00:00+01:00,2024-12-10
2024-12-10T16:00:00Z,202.38,2024-12-10T17:00:00+01:00,2024-12-10
2024-12-10T17:00:00Z,181.0,2024-12-10T18:00:00+01:00,2024-12-10
2024-12-10T18:00:00Z,180.17,2024-12-10T19:00:00+01:00,2024-12-10
2024-12-10T19:00:00Z,166.6,2024-12-10T20:00:00+01:00,2024-12-10
2024-12-10T20:00:00Z,151.15,2024-12-10T21:00:00+01:00,2024-12-10
2024-12-10T21:00:00Z,137.94,2024-12-10T22:00:00+01:00,2024-12-10
2024-12-10T22:00:00Z,121.37,2024-12-10T23:00:00+01:00,2024-12-10
2024-12-10T23:00:00Z,115.94,2024-12-11T00:00:00+01:00,2024-12-11
2024-12-11T00:00:00Z,108.22,2024-12-11T01:00:00+01:00,2024-12-11
2024-12-11T01:00:00Z,107.31,2024-12-11T02:00:00+01:00,2024-12-11
2024-12-11T02:00:00Z,106.17,2024-12-11T03:00:00+01:00,2024-12-11
2024-12-11T03:00:00Z,108.69,2024-12-11T04:00:00+01:00,2024-12-11
2024-12-11T04:00:00Z,125.31,2024-12-11T05:00:00+01:00,2024-12-11
2024-12-11T05:00:00Z,163.42,2024-12-11T06:00:00+01:00,2024-12-11
2024-12-11T06:00:00Z,295.5,2024-12-11T07:00:00+01:00,2024-12-11
2024-12-11T07:00:00Z,368.97,2024-12-11T08:00:00+01:00,2024-12-11
2024-12-11T08:00:00Z,377.12,2024-12-11T09:00:00+01:00,2024-12-11
2024-12-11T09:00:00Z,348.64,2024-12-11T10:00:00+01:00,2024-12-11
2024-12-11T10:00:00Z,379.99,2024-12-11T11:00:00+01:00,2024-12-11
2024-12-11T11:00:00Z,385.87,2024-12-11T12:00:00+01:00,2024-12-11
2024-12-11T12:00:00Z,404.91,2024-12-11T13:00:00+01:00,2024-12-11
2024-12-11T13:00:00Z,371.96,2024-12-11T14:00:00+01:00,2024-12-11
2024-12-11T14:00:00Z,380.94,2024-12-11T15:00:00+01:00,2024-12-11
2024-12-11T15:00:00Z,437.87,2024-12-11T16:00:00+01:00,2024-12-11
2024-12-11T16:00:00Z,445.08,2024-12-11T17:00:00+01:00,2024-12-11
2024-12-11T17:00:00Z,359.92,2024-12-11T18:00:00+01:00,2024-12-11
2024-12-11T18:00:00Z,341.25,2024-12-11T19:00:00+01:00,2024-12-11
2024-12-11T19:00:00Z,206.82,2024-12-11T20:00:00+01:00,2024-12-11
2024-12-11T20:00:00Z,171.2,2024-12-11T21:00:00+01:00,2024-12-11
2024-12-11T21:00:00Z,150.0,2024-12-11T22:00:00+01:00,2024-12-11
2024-12-11T22:00:00Z,135.96,2024-12-11T23:00:00+01:00,2024-12-11
2024-12-11T23:00:00Z,122.24,2024-12-12T00:00:00+01:00,2024-12-12
2024-12-12T00:00:00Z,115.3,2024-12-12T01:00:00+01:00,2024-12-12
2024-12-12T01:00:00Z,109.96,2024-12-12T02:00:00+01:00,2024-12-12
2024-12-12T02:00:00Z,107.35,2024-12-12T03:00:00+01:00,2024-12-12
2024-12-12T03:00:00Z,112.51,2024-12-12T04:00:00+01:00,2024-12-12
2024-12-12T04:00:00Z,123.67,2024-12-12T05:00:00+01:00,2024-12-12
2024-12-12T05:00:00Z,176.18,2024-12-12T06:00:00+01:00,2024-12-12
2024-12-12T06:00:00Z,599.99,2024-12-12T07:00:00+01:00,2024-12-12
2024-12-12T07:00:00Z,655.6,2024-12-12T08:00:00+01:00,2024-12-12
2024-12-12T08:00:00Z,646.76,2024-12-12T09:00:00+01:00,2024-12-12
2024-12-12T09:00:00Z,543.83,2024-12-12T10:00:00+01:00,2024-12-12
2024-12-12T10:00:00Z,465.36,2024-12-12T11:00:00+01:00,2024-12-12
2024-12-12T11:00:00Z,404.99,2024-12-12T12:00:00+01:00,2024-12-12
2024-12-12T12:00:00Z,415.3,2024-12-12T13:00:00+01:00,2024-12-12
2024-12-12T13:00:00Z,490.34,2024-12-12T14:00:00+01:00,2024-12-12
2024-12-12T14:00:00Z,668.49,2024-12-12T15:00:00+01:00,2024-12-12
2024-12-12T15:00:00Z,818.98,2024-12-12T16:00:00+01:00,2024-12-12
2024-12-12T16:00:00Z,936.28,2024-12-12T17:00:00+01:00,2024-12-12
2024-12-12T17:00:00Z,674.18,2024-12-12T18:00:00+01:00,2024-12-12
2024-12-12T18:00:00Z,551.01,2024-12-12T19:00:00+01:00,2024-12-12
2024-12-12T19:00:00Z,295.66,2024-12-12T20:00:00+01:00,2024-12-12
2024-12-12T20:00:00Z,169.4,2024-12-12T21:00:00+01:00,2024-12-12
2024-12-12T21:00:00Z,150.0,2024-12-12T22:00:00+01:00,2024-12-12
2024-12-12T22:00:00Z,134.75,2024-12-12T23:00:00+01:00,2024-12-12
2024-12-12T23:00:00Z,130.07,2024-12-13T00:00:00+01:00,2024-12-13
2024-12-13T00:00:00Z,122.9,2024-12-13T01:00:00+01:00,2024-12-13
2024-12-13T01:00:00Z,118.97,2024-12-13T02:00:00+01:00,2024-12-13
2024-12-13T02:00:00Z,114.95,2024-12-13T03:00:00+01:00,2024-12-13
2024-12-13T03:00:00Z,115.64,2024-12-13T04:00:00+01:00,2024-12-13
2024-12-13T04:00:00Z,125.83,2024-12-13T05:00:00+01:00,2024-12-13
2024-12-13T05:00:00Z,156.53,2024-12-13T06:00:00+01:00,2024-12-13
2024-12-13T06:00:00Z,187.71,2024-12-13T07:00:00+01:00,2024-12-13
2024-12-13T07:00:00Z,253.0,2024-12-13T08:00:00+01:00,2024-12-13
2024-12-13T08:00:00Z,245.74,2024-12-13T09:00:00+01:00,2024-12-13
2024-12-13T09:00:00Z,208.42,2024-12-13T10:00:00+01:00,2024-12-13
2024-12-13T10:00:00Z,174.4,2024-12-13T11:00:00+01:00,2024-12-13
2024-12-13T11:00:00Z,166.06,2024-12-13T12:00:00+01:00,2024-12-13
2024-12-13T12:00:00Z,165.0,2024-12-13T13:00:00+01:00,2024-12-13
2024-12-13T13:00:00Z,184.5,2024-12-13T14:00:00+01:00,2024-12-13
2024-12-13T14:00:00Z,220.77,2024-12-13T15:00:00+01:00,2024-12-13
2024-12-13T15:00:00Z,250.06,2024-12-13T16:00:00+01:00,2024-12-13
2024-12-13T16:00:00Z,284.21,2024-12-13T17:00:00+01:00,2024-12-13
2024-12-13T17:00:00Z,260.0,2024-12-13T18:00:00+01:00,2024-12-13
2024-12-13T18:00:00Z,225.6,2024-12-13T19:00:00+01:00,2024-12-13
2024-12-13T19:00:00Z,175.0,2024-12-13T20:00:00+01:00,2024-12-13
2024-12-13T20:00:00Z,146.22,2024-12-13T21:00:00+01:00,2024-12-13
2024-12-13T21:00:00Z,135.09,2024-12-13T22:00:00+01:00,2024-12-13
2024-12-13T22:00:00Z,116.52,2024-12-13T23:00:00+01:00,2024-12-13
2024-12-13T23:00:00Z,116.94,2024-12-14T00:00:00+01:00,2024-12-14
2024-12-14T00:00:00Z,111.36,2024-12-14T01:00:00+01:00,2024-12-14
2024-12-14T01:00:00Z,108.04,2024-12-14T02:00:00+01:00,2024-12-14
2024-12-14T02:00:00Z,99.02,2024-12-14T03:00:00+01:00,2024-12-14
2024-12-14T03:00:00Z,93.44,2024-12-14T04:00:00+01:00,2024-12-14
2024-12-14T04:00:00Z,91.55,2024-12-14T05:00:00+01:00,2024-12-14
2024-12-14T05:00:00Z,92.35,2024-12-14T06:00:00+01:00,2024-12-14
2024-12-14T06:00:00Z,101.67,2024-12-14T07:00:00+01:00,2024-12-14
2024-12-14T07:00:00Z,113.75,2024-12-14T08:00:00+01:00,2024-12-14
2024-12-14T08:00:00Z,124.98,2024-12-14T09:00:00+01:00,2024-12-14
2024-12-14T09:00:00Z,120.93,2024-12-14T10:00:00+01:00,2024-12-14
2024-12-14T10:00:00Z,107.48,2024-12-14T11:00:00+01:00,2024-12-14
2024-12-14T11:00:00Z,104.71,2024-12-14T12:00:00+01:00,2024-12-14
2024-12-14T12:00:00Z,102.96,2024-12-14T13:00:00+01:00,2024-12-14
2024-12-14T13:00:00Z,96.63,2024-12-14T14:00:00+01:00,2024-12-14
2024-12-14T14:00:00Z,98.24,2024-12-14T15:00:00+01:00,2024-12-14
2024-12-14T15:00:00Z,105.67,2024-12-14T16:00:00+01:00,2024-12-14
2024-12-14T16:00:00Z,121.12,2024-12-14T17:00:00+01:00,2024-12-14
2024-12-14T17:00:00Z,93.15,2024-12-14T18:00:00+01:00,2024-12-14
2024-12-14T18:00:00Z,95.6,2024-12-14T19:00:00+01:00,2024-12-14
2024-12-14T19:00:00Z,86.01,2024-12-14T20:00:00+01:00,2024-12-14
2024-12-14T20:00:00Z,82.78,2024-12-14T21:00:00+01:00,2024-12-14
2024-12-14T21:00:00Z,87.25,2024-12-14T22:00:00+01:00,2024-12-14
2024-12-14T22:00:00Z,73.81,2024-12-14T23:00:00+01:00,2024-12-14
2024-12-14T23:00:00Z,73.58,2024-12-15T00:00:00+01:00,2024-12-15
2024-12-15T00:00:00Z,68.48,2024-12-15T01:00:00+01:00,2024-12-15
2024-12-15T01:00:00Z,67.61,2024-12-15T02:00:00+01:00,2024-12-15
2024-12-15T02:00:00Z,59.39,2024-12-15T03:00:00+01:00,2024-12-15
2024-12-15T03:00:00Z,55.33,2024-12-15T04:00:00+01:00,2024-12-15
2024-12-15T04:00:00Z,52.74,2024-12-15T05:00:00+01:00,2024-12-15
2024-12-15T05:00:00Z,45.62,2024-12-15T06:00:00+01:00,2024-12-15
2024-12-15T06:00:00Z,53.92,2024-12-15T07:00:00+01:00,2024-12-15
2024-12-15T07:00:00Z,65.3,2024-12-15T08:00:00+01:00,2024-12-15
2024-12-15T08:00:00Z,70.65,2024-12-15T09:00:00+01:00,2024-12-15
2024-12-15T09:00:00Z,65.26,2024-12-15T10:00:00+01:00,2024-12-15
2024-12-15T10:00:00Z,60.9,2024-12-15T11:00:00+01:00,2024-12-15
2024-12-15T11:00:00Z,61.5,2024-12-15T12:00:00+01:00,2024-12-15
2024-12-15T12:00:00Z,47.51,2024-12-15T13:00:00+01:00,2024-12-15
2024-12-15T13:00:00Z,49.47,2024-12-15T14:00:00+01:00,2024-12-15
2024-12-15T14:00:00Z,47.92,2024-12-15T15:00:00+01:00,2024-12-15
2024-12-15T15:00:00Z,38.0,2024-12-15T16:00:00+01:00,2024-12-15
2024-12-15T16:00:00Z,43.42,2024-12-15T17:00:00+01:00,2024-12-15
2024-12-15T17:00:00Z,28.33,2024-12-15T18:00:00+01:00,2024-12-15
2024-12-15T18:00:00Z,24.55,2024-12-15T19:00:00+01:00,2024-12-15
2024-12-15T19:00:00Z,18.55,2024-12-15T20:00:00+01:00,2024-12-15
2024-12-15T20:00:00Z,13.96,2024-12-15T21:00:00+01:00,2024-12-15
2024-12-15T21:00:00Z,10.08,2024-12-15T22:00:00+01:00,2024-12-15
2024-12-15T22:00:00Z,2.29,2024-12-15T23:00:00+01:00,2024-12-15
2024-12-15T23:00:00Z,0.09,2024-12-16T00:00:00+01:00,2024-12-16
2024-12-16T00:00:00Z,0.1,2024-12-16T01:00:00+01:00,2024-12-16
2024-12-16T01:00:00Z,0.05,2024-12-16T02:00:00+01:00,2024-12-16
2024-12-16T02:00:00Z,0.07,2024-12-16T03:00:00+01:00,2024-12-16
2024-12-16T03:00:00Z,-0.01,2024-12-16T04:00:00+01:00,2024-12-16
2024-12-16T04:00:00Z,1.75,2024-12-16T05:00:00+01:00,2024-12-16
2024-12-16T05:00:00Z,7.73,2024-12-16T06:00:00+01:00,2024-12-16
2024-12-16T06:00:00Z,59.3,2024-12-16T07:00:00+01:00,2024-12-16
2024-12-16T07:00:00Z,71.79,2024-12-16T08:00:00+01:00,2024-12-16
2024-12-16T08:00:00Z,75.91,2024-12-16T09:00:00+01:00,2024-12-16
2024-12-16T09:00:00Z,75.46,2024-12-16T10:00:00+01:00,2024-12-16
2024-12-16T10:00:00Z,80.13,2024-12-16T11:00:00+01:00,2024-12-16
2024-12-16T11:00:00Z,85.22,2024-12-16T12:00:00+01:00,2024-12-16
2024-12-16T12:00:00Z,81.7,2024-12-16T13:00:00+01:00,2024-12-16
2024-12-16T13:00:00Z,81.7,2024-12-16T14:00:00+01:00,2024-12-16
2024-12-16T14:00:00Z,81.7,2024-12-16T15:00:00+01:00,2024-12-16
2024-12-16T15:00:00Z,74.0,2024-12-16T16:00:00+01:00,2024-12-16
2024-12-16T16:00:00Z,81.56,2024-12-16T17:00:00+01:00,2024-12-16
2024-12-16T17:00:00Z,72.01,2024-12-16T18:00:00+01:00,2024-12-16
2024-12-16T18:00:00Z,70.94,2024-12-16T19:00:00+01:00,2024-12-16
2024-12-16T19:00:00Z,61.5,2024-12-16T20:00:00+01:00,2024-12-16
2024-12-16T20:00:00Z,44.41,2024-12-16T21:00:00+01:00,2024-12-16
2024-12-16T21:00:00Z,44.4,2024-12-16T22:00:00+01:00,2024-12-16
2024-12-16T22:00:00Z,16.59,2024-12-16T23:00:00+01:00,2024-12-16
2024-12-16T23:00:00Z,37.45,2024-12-17T00:00:00+01:00,2024-12-17
2024-12-17T00:00:00Z,21.57,2024-12-17T01:00:00+01:00,2024-12-17
2024-12-17T01:00:00Z,20.94,2024-12-17T02:00:00+01:00,2024-12-17
2024-12-17T02:00:00Z,25.01,2024-12-17T03:00:00+01:00,2024-12-17
2024-12-17T03:00:00Z,28.98,2024-12-17T04:00:00+01:00,2024-12-17
2024-12-17T04:00:00Z,57.27,2024-12-17T05:00:00+01:00,2024-12-17
2024-12-17T05:00:00Z,67.77,2024-12-17T06:00:00+01:00,2024-12-17
2024-12-17T06:00:00Z,104.94,2024-12-17T07:00:00+01:00,2024-12-17
2024-12-17T07:00:00Z,115.92,2024-12-17T08:00:00+01:00,2024-12-17
2024-12-17T08:00:00Z,114.04,2024-12-17T09:00:00+01:00,2024-12-17
2024-12-17T09:00:00Z,108.4,2024-12-17T10:00:00+01:00,2024-12-17
2024-12-17T10:00:00Z,102.38,2024-12-17T11:00:00+01:00,2024-12-17
2024-12-17T11:00:00Z,102.72,2024-12-17T12:00:00+01:00,2024-12-17
2024-12-17T12:00:00Z,106.2,2024-12-17T13:00:00+01:00,2024-12-17
2024-12-17T13:00:00Z,109.63,2024-12-17T14:00:00+01:00,2024-12-17
2024-12-17T14:00:00Z,116.42,2024-12-17T15:00:00+01:00,2024-12-17
2024-12-17T15:00:00Z,117.1,2024-12-17T16:00:00+01:00,2024-12-17
2024-12-17T16:00:00Z,127.33,2024-12-17T17:00:00+01:00,2024-12-17
2024-12-17T17:00:00Z,121.6,2024-12-17T18:00:00+01:00,2024-12-17
2024-12-17T18:00:00Z,108.1,2024-12-17T19:00:00+01:00,2024-12-17
2024-12-17T19:00:00Z,98.51,2024-12-17T20:00:00+01:00,2024-12-17
2024-12-17T20:00:00Z,95.84,2024-12-17T21:00:00+01:00,2024-12-17
2024-12-17T21:00:00Z,92.44,2024-12-17T22:00:00+01:00,2024-12-17
2024-12-17T22:00:00Z,70.66,2024-12-17T23:00:00+01:00,2024-12-17
2024-12-17T23:00:00Z,69.18,2024-12-18T00:00:00+01:00,2024-12-18
2024-12-18T00:00:00Z,52.31,2024-12-18T01:00:00+01:00,2024-12-18
2024-12-18T01:00:00Z,48.41,2024-12-18T02:00:00+01:00,2024-12-18
2024-12-18T02:00:00Z,45.0,2024-12-18T03:00:00+01:00,2024-12-18
2024-12-18T03:00:00Z,30.25,2024-12-18T04:00:00+01:00,2024-12-18
2024-12-18T04:00:00Z,38.0,2024-12-18T05:00:00+01:00,2024-12-18
2024-12-18T05:00:00Z,49.91,2024-12-18T06:00:00+01:00,2024-12-18
2024-12-18T06:00:00Z,57.9,2024-12-18T07:00:00+01:00,2024-12-18
2024-12-18T07:00:00Z,77.58,2024-12-18T08:00:00+01:00,2024-12-18
2024-12-18T08:00:00Z,72.82,2024-12-18T09:00:00+01:00,2024-12-18
2024-12-18T09:00:00Z,65.99,2024-12-18T10:00:00+01:00,2024-12-18
2024-12-18T10:00:00Z,63.08,2024-12-18T11:00:00+01:00,2024-12-18
2024-12-18T11:00:00Z,63.07,2024-12-18T12:00:00+01:00,2024-12-18
2024-12-18T12:00:00Z,63.08,2024-12-18T13:00:00+01:00,2024-12-18
2024-12-18T13:00:00Z,63.08,2024-12-18T14:00:00+01:00,2024-12-18
2024-12-18T14:00:00Z,55.63,2024-12-18T15:00:00+01:00,2024-12-18
2024-12-18T15:00:00Z,46.81,2024-12-18T16:00:00+01:00,2024-12-18
2024-12-18T16:00:00Z,57.9,2024-12-18T17:00:00+01:00,2024-12-18
2024-12-18T17:00:00Z,63.08,2024-12-18T18:00:00+01:00,2024-12-18
2024-12-18T18:00:00Z,63.08,2024-12-18T19:00:00+01:00,2024-12-18
2024-12-18T19:00:00Z,57.9,2024-12-18T20:00:00+01:00,2024-12-18
2024-12-18T20:00:00Z,50.69,2024-12-18T21:00:00+01:00,2024-12-18
2024-12-18T21:00:00Z,43.14,2024-12-18T22:00:00+01:00,2024-12-18
2024-12-18T22:00:00Z,21.44,2024-12-18T23:00:00+01:00,2024-12-18
2024-12-18T23:00:00Z,11.28,2024-12-19T00:00:00+01:00,2024-12-19
2024-12-19T00:00:00Z,13.23,2024-12-19T01:00:00+01:00,2024-12-19
2024-12-19T01:00:00Z,5.45,2024-12-19T02:00:00+01:00,2024-12-19
2024-12-19T02:00:00Z,1.25,2024-12-19T03:00:00+01:00,2024-12-19
2024-12-19T03:00:00Z,0.31,2024-12-19T04:00:00+01:00,2024-12-19
2024-12-19T04:00:00Z,2.0,2024-12-19T05:00:00+01:00,2024-12-19
2024-12-19T05:00:00Z,8.57,2024-12-19T06:00:00+01:00,2024-12-19
2024-12-19T06:00:00Z,53.95,2024-12-19T07:00:00+01:00,2024-12-19
2024-12-19T07:00:00Z,67.44,2024-12-19T08:00:00+01:00,2024-12-19
2024-12-19T08:00:00Z,68.42,2024-12-19T09:00:00+01:00,2024-12-19
2024-12-19T09:00:00Z,65.84,2024-12-19T10:00:00+01:00,2024-12-19
2024-12-19T10:00:00Z,67.7,2024-12-19T11:00:00+01:00,2024-12-19
2024-12-19T11:00:00Z,69.72,2024-12-19T12:00:00+01:00,2024-12-19
2024-12-19T12:00:00Z,70.4,2024-12-19T13:00:00+01:00,2024-12-19
2024-12-19T13:00:00Z,69.72,2024-12-19T14:00:00+01:00,2024-12-19
2024-12-19T14:00:00Z,70.47,2024-12-19T15:00:00+01:00,2024-12-19
2024-12-19T15:00:00Z,71.46,2024-12-19T16:00:00+01:00,2024-12-19
2024-12-19T16:00:00Z,81.52,2024-12-19T17:00:00+01:00,2024-12-19
2024-12-19T17:00:00Z,92.58,2024-12-19T18:00:00+01:00,2024-12-19
2024-12-19T18:00:00Z,87.36,2024-12-19T19:00:00+01:00,2024-12-19
2024-12-19T19:00:00Z,75.37,2024-12-19T20:00:00+01:00,2024-12-19
2024-12-19T20:00:00Z,70.0,2024-12-19T21:00:00+01:00,2024-12-19
2024-12-19T21:00:00Z,69.72,2024-12-19T22:00:00+01:00,2024-12-19
2024-12-19T22:00:00Z,55.01,2024-12-19T23:00:00+01:00,2024-12-19
2024-12-19T23:00:00Z,47.72,2024-12-20T00:00:00+01:00,2024-12-20
2024-12-20T00:00:00Z,31.48,2024-12-20T01:00:00+01:00,2024-12-20
2024-12-20T01:00:00Z,16.31,2024-12-20T02:00:00+01:00,2024-12-20
2024-12-20T02:00:00Z,17.43,2024-12-20T03:00:00+01:00,2024-12-20
2024-12-20T03:00:00Z,22.82,2024-12-20T04:00:00+01:00,2024-12-20
2024-12-20T04:00:00Z,48.49,2024-12-20T05:00:00+01:00,2024-12-20
2024-12-20T05:00:00Z,66.15,2024-12-20T06:00:00+01:00,2024-12-20
2024-12-20T06:00:00Z,102.4,2024-12-20T07:00:00+01:00,2024-12-20
2024-12-20T07:00:00Z,109.72,2024-12-20T08:00:00+01:00,2024-12-20
2024-12-20T08:00:00Z,106.65,2024-12-20T09:00:00+01:00,2024-12-20
2024-12-20T09:00:00Z,103.14,2024-12-20T10:00:00+01:00,2024-12-20
2024-12-20T10:00:00Z,97.44,2024-12-20T11:00:00+01:00,2024-12-20
2024-12-20T11:00:00Z,87.56,2024-12-20T12:00:00+01:00,2024-12-20
2024-12-20T12:00:00Z,83.84,2024-12-20T13:00:00+01:00,2024-12-20
2024-12-20T13:00:00Z,88.03,2024-12-20T14:00:00+01:00,2024-12-20
2024-12-20T14:00:00Z,98.67,2024-12-20T15:00:00+01:00,2024-12-20
2024-12-20T15:00:00Z,105.24,2024-12-20T16:00:00+01:00,2024-12-20
2024-12-20T16:00:00Z,109.89,2024-12-20T17:00:00+01:00,2024-12-20
2024-12-20T17:00:00Z,101.18,2024-12-20T18:00:00+01:00,2024-12-20
2024-12-20T18:00:00Z,98.65,2024-12-20T19:00:00+01:00,2024-12-20
2024-12-20T19:00:00Z,89.73,2024-12-20T20:00:00+01:00,2024-12-20
2024-12-20T20:00:00Z,71.82,2024-12-20T21:00:00+01:00,2024-12-20
2024-12-20T21:00:00Z,70.34,2024-12-20T22:00:00+01:00,2024-12-20
2024-12-20T22:00:00Z,58.26,2024-12-20T23:00:00+01:00,2024-12-20
2024-12-20T23:00:00Z,27.75,2024-12-21T00:00:00+01:00,2024-12-21
2024-12-21T00:00:00Z,22.75,2024-12-21T01:00:00+01:00,2024-12-21
2024-12-21T01:00:00Z,21.56,2024-12-21T02:00:00+01:00,2024-12-21
2024-12-21T02:00:00Z,19.41,2024-12-21T03:00:00+01:00,2024-12-21
2024-12-21T03:00:00Z,18.11,2024-12-21T04:00:00+01:00,2024-12-21
2024-12-21T04:00:00Z,20.04,2024-12-21T05:00:00+01:00,2024-12-21
2024-12-21T05:00:00Z,20.0,2024-12-21T06:00:00+01:00,2024-12-21
2024-12-21T06:00:00Z,21.21,2024-12-21T07:00:00+01:00,2024-12-21
2024-12-21T07:00:00Z,22.87,2024-12-21T08:00:00+01:00,2024-12-21
2024-12-21T08:00:00Z,29.33,2024-12-21T09:00:00+01:00,2024-12-21
2024-12-21T09:00:00Z,31.43,2024-12-21T10:00:00+01:00,2024-12-21
2024-12-21T10:00:00Z,31.01,2024-12-21T11:00:00+01:00,2024-12-21
2024-12-21T11:00:00Z,31.23,2024-12-21T12:00:00+01:00,2024-12-21
2024-12-21T12:00:00Z,29.9,2024-12-21T13:00:00+01:00,2024-12-21
2024-12-21T13:00:00Z,25.92,2024-12-21T14:00:00+01:00,2024-12-21
2024-12-21T14:00:00Z,27.28,2024-12-21T15:00:00+01:00,2024-12-21
2024-12-21T15:00:00Z,29.31,2024-12-21T16:00:00+01:00,2024-12-21
2024-12-21T16:00:00Z,29.27,2024-12-21T17:00:00+01:00,2024-12-21
2024-12-21T17:00:00Z,27.95,2024-12-21T18:00:00+01:00,2024-12-21
2024-12-21T18:00:00Z,20.73,2024-12-21T19:00:00+01:00,2024-12-21
2024-12-21T19:00:00Z,15.3,2024-12-21T20:00:00+01:00,2024-12-21
2024-12-21T20:00:00Z,4.9,2024-12-21T21:00:00+01:00,2024-12-21
2024-12-21T21:00:00Z,3.0,2024-12-21T22:00:00+01:00,2024-12-21
2024-12-21T22:00:00Z,1.0,2024-12-21T23:00:00+01:00,2024-12-21
2024-12-21T23:00:00Z,0.0,2024-12-22T00:00:00+01:00,2024-12-22
2024-12-22T00:00:00Z,-0.03,2024-12-22T01:00:00+01:00,2024-12-22
2024-12-22T01:00:00Z,-0.46,2024-12-22T02:00:00+01:00,2024-12-22
2024-12-22T02:00:00Z,-1.04,2024-12-22T03:00:00+01:00,2024-12-22
2024-12-22T03:00:00Z,-2.06,2024-12-22T04:00:00+01:00,2024-12-22
2024-12-22T04:00:00Z,-0.47,2024-12-22T05:00:00+01:00,2024-12-22
2024-12-22T05:00:00Z,-0.68,2024-12-22T06:00:00+01:00,2024-12-22
2024-12-22T06:00:00Z,-0.12,2024-12-22T07:00:00+01:00,2024-12-22
2024-12-22T07:00:00Z,3.46,2024-12-22T08:00:00+01:00,2024-12-22
2024-12-22T08:00:00Z,20.6,2024-12-22T09:00:00+01:00,2024-12-22
2024-12-22T09:00:00Z,20.17,2024-12-22T10:00:00+01:00,2024-12-22
2024-12-22T10:00:00Z,23.0,2024-12-22T11:00:00+01:00,2024-12-22
2024-12-22T11:00:00Z,21.19,2024-12-22T12:00:00+01:00,2024-12-22
2024-12-22T12:00:00Z,21.39,2024-12-22T13:00:00+01:00,2024-12-22
2024-12-22T13:00:00Z,28.02,2024-12-22T14:00:00+01:00,2024-12-22
2024-12-22T14:00:00Z,41.77,2024-12-22T15:00:00+01:00,2024-12-22
2024-12-22T15:00:00Z,46.93,2024-12-22T16:00:00+01:00,2024-12-22
2024-12-22T16:00:00Z,65.47,2024-12-22T17:00:00+01:00,2024-12-22
2024-12-22T17:00:00Z,60.79,2024-12-22T18:00:00+01:00,2024-12-22
2024-12-22T18:00:00Z,58.21,2024-12-22T19:00:00+01:00,2024-12-22
2024-12-22T19:00:00Z,46.93,2024-12-22T20:00:00+01:00,2024-12-22
2024-12-22T20:00:00Z,36.66,2024-12-22T21:00:00+01:00,2024-12-22
2024-12-22T21:00:00Z,36.2,2024-12-22T22:00:00+01:00,2024-12-22
2024-12-22T22:00:00Z,24.5,2024-12-22T23:00:00+01:00,2024-12-22
2024-12-22T23:00:00Z,29.19,2024-12-23T00:00:00+01:00,2024-12-23
2024-12-23T00:00:00Z,20.13,2024-12-23T01:00:00+01:00,2024-12-23
2024-12-23T01:00:00Z,14.31,2024-12-23T02:00:00+01:00,2024-12-23
2024-12-23T02:00:00Z,9.12,2024-12-23T03:00:00+01:00,2024-12-23
2024-12-23T03:00:00Z,9.78,2024-12-23T04:00:00+01:00,2024-12-23
2024-12-23T04:00:00Z,14.8,2024-12-23T05:00:00+01:00,2024-12-23
2024-12-23T05:00:00Z,17.39,2024-12-23T06:00:00+01:00,2024-12-23
2024-12-23T06:00:00Z,52.01,2024-12-23T07:00:00+01:00,2024-12-23
2024-12-23T07:00:00Z,59.34,2024-12-23T08:00:00+01:00,2024-12-23
2024-12-23T08:00:00Z,59.62,2024-12-23T09:00:00+01:00,2024-12-23
2024-12-23T09:00:00Z,52.73,2024-12-23T10:00:00+01:00,2024-12-23
2024-12-23T10:00:00Z,52.0,2024-12-23T11:00:00+01:00,2024-12-23
2024-12-23T11:00:00Z,54.17,2024-12-23T12:00:00+01:00,2024-12-23
2024-12-23T12:00:00Z,54.81,2024-12-23T13:00:00+01:00,2024-12-23
2024-12-23T13:00:00Z,61.56,2024-12-23T14:00:00+01:00,2024-12-23
2024-12-23T14:00:00Z,73.69,2024-12-23T15:00:00+01:00,2024-12-23
2024-12-23T15:00:00Z,82.56,2024-12-23T16:00:00+01:00,2024-12-23
2024-12-23T16:00:00Z,98.25,2024-12-23T17:00:00+01:00,2024-12-23
2024-12-23T17:00:00Z,101.75,2024-12-23T18:00:00+01:00,2024-12-23
2024-12-23T18:00:00Z,97.47,2024-12-23T19:00:00+01:00,2024-12-23
2024-12-23T19:00:00Z,92.59,2024-12-23T20:00:00+01:00,2024-12-23
2024-12-23T20:00:00Z,108.29,2024-12-23T21:00:00+01:00,2024-12-23
2024-12-23T21:00:00Z,105.82,2024-12-23T22:00:00+01:00,2024-12-23
2024-12-23T22:00:00Z,96.99,2024-12-23T23:00:00+01:00,2024-12-23
2024-12-23T23:00:00Z,86.03,2024-12-24T00:00:00+01:00,2024-12-24
2024-12-24T00:00:00Z,82.84,2024-12-24T01:00:00+01:00,2024-12-24
2024-12-24T01:00:00Z,81.89,2024-12-24T02:00:00+01:00,2024-12-24
2024-12-24T02:00:00Z,78.0,2024-12-24T03:00:00+01:00,2024-12-24
2024-12-24T03:00:00Z,78.78,2024-12-24T04:00:00+01:00,2024-12-24
2024-12-24T04:00:00Z,80.6,2024-12-24T05:00:00+01:00,2024-12-24
2024-12-24T05:00:00Z,85.07,2024-12-24T06:00:00+01:00,2024-12-24
2024-12-24T06:00:00Z,100.83,2024-12-24T07:00:00+01:00,2024-12-24
2024-12-24T07:00:00Z,115.09,2024-12-24T08:00:00+01:00,2024-12-24
2024-12-24T08:00:00Z,120.95,2024-12-24T09:00:00+01:00,2024-12-24
2024-12-24T09:00:00Z,120.0,2024-12-24T10:00:00+01:00,2024-12-24
2024-12-24T10:00:00Z,118.16,2024-12-24T11:00:00+01:00,2024-12-24
2024-12-24T11:00:00Z,117.49,2024-12-24T12:00:00+01:00,2024-12-24
2024-12-24T12:00:00Z,115.38,2024-12-24T13:00:00+01:00,2024-12-24
2024-12-24T13:00:00Z,117.98,2024-12-24T14:00:00+01:00,2024-12-24
2024-12-24T14:00:00Z,119.5,2024-12-24T15:00:00+01:00,2024-12-24
2024-12-24T15:00:00Z,120.21,2024-12-24T16:00:00+01:00,2024-12-24
2024-12-24T16:00:00Z,118.0,2024-12-24T17:00:00+01:00,2024-12-24
2024-12-24T17:00:00Z,110.98,2024-12-24T18:00:00+01:00,2024-12-24
2024-12-24T18:00:00Z,105.66,2024-12-24T19:00:00+01:00,2024-12-24
2024-12-24T19:00:00Z,102.56,2024-12-24T20:00:00+01:00,2024-12-24
2024-12-24T20:00:00Z,94.63,2024-12-24T21:00:00+01:00,2024-12-24
2024-12-24T21:00:00Z,99.04,2024-12-24T22:00:00+01:00,2024-12-24
2024-12-24T22:00:00Z,90.0,2024-12-24T23:00:00+01:00,2024-12-24
2024-12-24T23:00:00Z,91.37,2024-12-25T00:00:00+01:00,2024-12-25
2024-12-25T00:00:00Z,86.44,2024-12-25T01:00:00+01:00,2024-12-25
2024-12-25T01:00:00Z,85.07,2024-12-25T02:00:00+01:00,2024-12-25
2024-12-25T02:00:00Z,80.81,2024-12-25T03:00:00+01:00,2024-12-25
2024-12-25T03:00:00Z,75.99,2024-12-25T04:00:00+01:00,2024-12-25
2024-12-25T04:00:00Z,80.81,2024-12-25T05:00:00+01:00,2024-12-25
2024-12-25T05:00:00Z,83.01,2024-12-25T06:00:00+01:00,2024-12-25
2024-12-25T06:00:00Z,84.94,2024-12-25T07:00:00+01:00,2024-12-25
2024-12-25T07:00:00Z,90.21,2024-12-25T08:00:00+01:00,2024-12-25
2024-12-25T08:00:00Z,99.24,2024-12-25T09:00:00+01:00,2024-12-25
2024-12-25T09:00:00Z,93.56,2024-12-25T10:00:00+01:00,2024-12-25
2024-12-25T10:00:00Z,92.55,2024-12-25T11:00:00+01:00,2024-12-25
2024-12-25T11:00:00Z,94.41,2024-12-25T12:00:00+01:00,2024-12-25
2024-12-25T12:00:00Z,91.03,2024-12-25T13:00:00+01:00,2024-12-25
2024-12-25T13:00:00Z,99.17,2024-12-25T14:00:00+01:00,2024-12-25
2024-12-25T14:00:00Z,112.69,2024-12-25T15:00:00+01:00,2024-12-25
2024-12-25T15:00:00Z,118.01,2024-12-25T16:00:00+01:00,2024-12-25
2024-12-25T16:00:00Z,120.53,2024-12-25T17:00:00+01:00,2024-12-25
2024-12-25T17:00:00Z,119.11,2024-12-25T18:00:00+01:00,2024-12-25
2024-12-25T18:00:00Z,118.01,2024-12-25T19:00:00+01:00,2024-12-25
2024-12-25T19:00:00Z,118.33,2024-12-25T20:00:00+01:00,2024-12-25
2024-12-25T20:00:00Z,113.01,2024-12-25T21:00:00+01:00,2024-12-25
2024-12-25T21:00:00Z,114.07,2024-12-25T22:00:00+01:00,2024-12-25
2024-12-25T22:00:00Z,104.63,2024-12-25T23:00:00+01:00,2024-12-25
2024-12-25T23:00:00Z,102.17,2024-12-26T00:00:00+01:00,2024-12-26
2024-12-26T00:00:00Z,95.06,2024-12-26T01:00:00+01:00,2024-12-26
2024-12-26T01:00:00Z,94.61,2024-12-26T02:00:00+01:00,2024-12-26
2024-12-26T02:00:00Z,89.64,2024-12-26T03:00:00+01:00,2024-12-26
2024-12-26T03:00:00Z,90.87,2024-12-26T04:00:00+01:00,2024-12-26
2024-12-26T04:00:00Z,95.1,2024-12-26T05:00:00+01:00,2024-12-26
2024-12-26T05:00:00Z,99.0,2024-12-26T06:00:00+01:00,2024-12-26
2024-12-26T06:00:00Z,112.61,2024-12-26T07:00:00+01:00,2024-12-26
2024-12-26T07:00:00Z,119.1,2024-12-26T08:00:00+01:00,2024-12-26
2024-12-26T08:00:00Z,118.23,2024-12-26T09:00:00+01:00,2024-12-26
2024-12-26T09:00:00Z,113.25,2024-12-26T10:00:00+01:00,2024-12-26
2024-12-26T10:00:00Z,106.01,2024-12-26T11:00:00+01:00,2024-12-26
2024-12-26T11:00:00Z,107.71,2024-12-26T12:00:00+01:00,2024-12-26
2024-12-26T12:00:00Z,103.9,2024-12-26T13:00:00+01:00,2024-12-26
2024-12-26T13:00:00Z,109.64,2024-12-26T14:00:00+01:00,2024-12-26
2024-12-26T14:00:00Z,120.75,2024-12-26T15:00:00+01:00,2024-12-26
2024-12-26T15:00:00Z,129.64,2024-12-26T16:00:00+01:00,2024-12-26
2024-12-26T16:00:00Z,137.9,2024-12-26T17:00:00+01:00,2024-12-26
2024-12-26T17:00:00Z,138.05,2024-12-26T18:00:00+01:00,2024-12-26
2024-12-26T18:00:00Z,135.71,2024-12-26T19:00:00+01:00,2024-12-26
2024-12-26T19:00:00Z,129.13,2024-12-26T20:00:00+01:00,2024-12-26
2024-12-26T20:00:00Z,120.85,2024-12-26T21:00:00+01:00,2024-12-26
2024-12-26T21:00:00Z,123.5,2024-12-26T22:00:00+01:00,2024-12-26
2024-12-26T22:00:00Z,116.98,2024-12-26T23:00:00+01:00,2024-12-26
2024-12-26T23:00:00Z,106.79,2024-12-27T00:00:00+01:00,2024-12-27
2024-12-27T00:00:00Z,101.52,2024-12-27T01:00:00+01:00,2024-12-27
2024-12-27T01:00:00Z,101.03,2024-12-27T02:00:00+01:00,2024-12-27
2024-12-27T02:00:00Z,99.74,2024-12-27T03:00:00+01:00,2024-12-27
2024-12-27T03:00:00Z,99.58,2024-12-27T04:00:00+01:00,2024-12-27
2024-12-27T04:00:00Z,106.2,2024-12-27T05:00:00+01:00,2024-12-27
2024-12-27T05:00:00Z,115.7,2024-12-27T06:00:00+01:00,2024-12-27
2024-12-27T06:00:00Z,124.29,2024-12-27T07:00:00+01:00,2024-12-27
2024-12-27T07:00:00Z,131.85,2024-12-27T08:00:00+01:00,2024-12-27
2024-12-27T08:00:00Z,130.15,2024-12-27T09:00:00+01:00,2024-12-27
2024-12-27T09:00:00Z,120.1,2024-12-27T10:00:00+01:00,2024-12-27
2024-12-27T10:00:00Z,107.94,2024-12-27T11:00:00+01:00,2024-12-27
2024-12-27T11:00:00Z,107.81,2024-12-27T12:00:00+01:00,2024-12-27
2024-12-27T12:00:00Z,107.94,2024-12-27T13:00:00+01:00,2024-12-27
2024-12-27T13:00:00Z,121.65,2024-12-27T14:00:00+01:00,2024-12-27
2024-12-27T14:00:00Z,136.46,2024-12-27T15:00:00+01:00,2024-12-27
2024-12-27T15:00:00Z,146.25,2024-12-27T16:00:00+01:00,2024-12-27
2024-12-27T16:00:00Z,151.8,2024-12-27T17:00:00+01:00,2024-12-27
2024-12-27T17:00:00Z,158.4,2024-12-27T18:00:00+01:00,2024-12-27
2024-12-27T18:00:00Z,146.43,2024-12-27T19:00:00+01:00,2024-12-27
2024-12-27T19:00:00Z,133.14,2024-12-27T20:00:00+01:00,2024-12-27
2024-12-27T20:00:00Z,125.42,2024-12-27T21:00:00+01:00,2024-12-27
2024-12-27T21:00:00Z,126.76,2024-12-27T22:00:00+01:00,2024-12-27
2024-12-27T22:00:00Z,114.0,2024-12-27T23:00:00+01:00,2024-12-27
2024-12-27T23:00:00Z,126.4,2024-12-28T00:00:00+01:00,2024-12-28
2024-12-28T00:00:00Z,116.63,2024-12-28T01:00:00+01:00,2024-12-28
2024-12-28T01:00:00Z,110.15,2024-12-28T02:00:00+01:00,2024-12-28
2024-12-28T02:00:00Z,105.92,2024-12-28T03:00:00+01:00,2024-12-28
2024-12-28T03:00:00Z,102.93,2024-12-28T04:00:00+01:00,2024-12-28
2024-12-28T04:00:00Z,105.58,2024-12-28T05:00:00+01:00,2024-12-28
2024-12-28T05:00:00Z,109.71,2024-12-28T06:00:00+01:00,2024-12-28
2024-12-28T06:00:00Z,124.24,2024-12-28T07:00:00+01:00,2024-12-28
2024-12-28T07:00:00Z,128.0,2024-12-28T08:00:00+01:00,2024-12-28
2024-12-28T08:00:00Z,128.3,2024-12-28T09:00:00+01:00,2024-12-28
2024-12-28T09:00:00Z,122.83,2024-12-28T10:00:00+01:00,2024-12-28
2024-12-28T10:00:00Z,113.4,2024-12-28T11:00:00+01:00,2024-12-28
2024-12-28T11:00:00Z,108.97,2024-12-28T12:00:00+01:00,2024-12-28
2024-12-28T12:00:00Z,110.01,2024-12-28T13:00:00+01:00,2024-12-28
2024-12-28T13:00:00Z,117.83,2024-12-28T14:00:00+01:00,2024-12-28
2024-12-28T14:00:00Z,137.84,2024-12-28T15:00:00+01:00,2024-12-28
2024-12-28T15:00:00Z,143.25,2024-12-28T16:00:00+01:00,2024-12-28
2024-12-28T16:00:00Z,152.0,2024-12-28T17:00:00+01:00,2024-12-28
2024-12-28T17:00:00Z,147.51,2024-12-28T18:00:00+01:00,2024-12-28
2024-12-28T18:00:00Z,140.48,2024-12-28T19:00:00+01:00,2024-12-28
2024-12-28T19:00:00Z,129.26,2024-12-28T20:00:00+01:00,2024-12-28
2024-12-28T20:00:00Z,125.9,2024-12-28T21:00:00+01:00,2024-12-28
2024-12-28T21:00:00Z,121.25,2024-12-28T22:00:00+01:00,2024-12-28
2024-12-28T22:00:00Z,114.93,2024-12-28T23:00:00+01:00,2024-12-28
2024-12-28T23:00:00Z,127.39,2024-12-29T00:00:00+01:00,2024-12-29
2024-12-29T00:00:00Z,114.09,2024-12-29T01:00:00+01:00,2024-12-29
2024-12-29T01:00:00Z,107.71,2024-12-29T02:00:00+01:00,2024-12-29
2024-12-29T02:00:00Z,101.7,2024-12-29T03:00:00+01:00,2024-12-29
2024-12-29T03:00:00Z,97.73,2024-12-29T04:00:00+01:00,2024-12-29
2024-12-29T04:00:00Z,98.61,2024-12-29T05:00:00+01:00,2024-12-29
2024-12-29T05:00:00Z,98.16,2024-12-29T06:00:00+01:00,2024-12-29
2024-12-29T06:00:00Z,102.09,2024-12-29T07:00:00+01:00,2024-12-29
2024-12-29T07:00:00Z,110.71,2024-12-29T08:00:00+01:00,2024-12-29
2024-12-29T08:00:00Z,114.65,2024-12-29T09:00:00+01:00,2024-12-29
2024-12-29T09:00:00Z,104.07,2024-12-29T10:00:00+01:00,2024-12-29
2024-12-29T10:00:00Z,100.19,2024-12-29T11:00:00+01:00,2024-12-29
2024-12-29T11:00:00Z,100.72,2024-12-29T12:00:00+01:00,2024-12-29
2024-12-29T12:00:00Z,99.73,2024-12-29T13:00:00+01:00,2024-12-29
2024-12-29T13:00:00Z,98.44,2024-12-29T14:00:00+01:00,2024-12-29
2024-12-29T14:00:00Z,104.01,2024-12-29T15:00:00+01:00,2024-12-29
2024-12-29T15:00:00Z,121.73,2024-12-29T16:00:00+01:00,2024-12-29
2024-12-29T16:00:00Z,122.0,2024-12-29T17:00:00+01:00,2024-12-29
2024-12-29T17:00:00Z,126.11,2024-12-29T18:00:00+01:00,2024-12-29
2024-12-29T18:00:00Z,121.34,2024-12-29T19:00:00+01:00,2024-12-29
2024-12-29T19:00:00Z,109.92,2024-12-29T20:00:00+01:00,2024-12-29
2024-12-29T20:00:00Z,90.21,2024-12-29T21:00:00+01:00,2024-12-29
2024-12-29T21:00:00Z,83.79,2024-12-29T22:00:00+01:00,2024-12-29
2024-12-29T22:00:00Z,71.63,2024-12-29T23:00:00+01:00,2024-12-29
2024-12-29T23:00:00Z,71.73,2024-12-30T00:00:00+01:00,2024-12-30
2024-12-30T00:00:00Z,68.6,2024-12-30T01:00:00+01:00,2024-12-30
2024-12-30T01:00:00Z,68.6,2024-12-30T02:00:00+01:00,2024-12-30
2024-12-30T02:00:00Z,64.65,2024-12-30T03:00:00+01:00,2024-12-30
2024-12-30T03:00:00Z,66.89,2024-12-30T04:00:00+01:00,2024-12-30
2024-12-30T04:00:00Z,69.17,2024-12-30T05:00:00+01:00,2024-12-30
2024-12-30T05:00:00Z,71.14,2024-12-30T06:00:00+01:00,2024-12-30
2024-12-30T06:00:00Z,80.2,2024-12-30T07:00:00+01:00,2024-12-30
2024-12-30T07:00:00Z,86.3,2024-12-30T08:00:00+01:00,2024-12-30
2024-12-30T08:00:00Z,87.06,2024-12-30T09:00:00+01:00,2024-12-30
2024-12-30T09:00:00Z,83.71,2024-12-30T10:00:00+01:00,2024-12-30
2024-12-30T10:00:00Z,78.88,2024-12-30T11:00:00+01:00,2024-12-30
2024-12-30T11:00:00Z,82.86,2024-12-30T12:00:00+01:00,2024-12-30
2024-12-30T12:00:00Z,80.5,2024-12-30T13:00:00+01:00,2024-12-30
2024-12-30T13:00:00Z,83.7,2024-12-30T14:00:00+01:00,2024-12-30
2024-12-30T14:00:00Z,92.42,2024-12-30T15:00:00+01:00,2024-12-30
2024-12-30T15:00:00Z,96.97,2024-12-30T16:00:00+01:00,2024-12-30
2024-12-30T16:00:00Z,109.97,2024-12-30T17:00:00+01:00,2024-12-30
2024-12-30T17:00:00Z,100.0,2024-12-30T18:00:00+01:00,2024-12-30
2024-12-30T18:00:00Z,86.62,2024-12-30T19:00:00+01:00,2024-12-30
2024-12-30T19:00:00Z,74.83,2024-12-30T20:00:00+01:00,2024-12-30
2024-12-30T20:00:00Z,68.02,2024-12-30T21:00:00+01:00,2024-12-30
2024-12-30T21:00:00Z,67.26,2024-12-30T22:00:00+01:00,2024-12-30
2024-12-30T22:00:00Z,35.66,2024-12-30T23:00:00+01:00,2024-12-30
2024-12-30T23:00:00Z,50.49,2024-12-31T00:00:00+01:00,2024-12-31
2024-12-31T00:00:00Z,45.9,2024-12-31T01:00:00+01:00,2024-12-31
2024-12-31T01:00:00Z,56.43,2024-12-31T02:00:00+01:00,2024-12-31
2024-12-31T02:00:00Z,57.06,2024-12-31T03:00:00+01:00,2024-12-31
2024-12-31T03:00:00Z,63.92,2024-12-31T04:00:00+01:00,2024-12-31
2024-12-31T04:00:00Z,63.72,2024-12-31T05:00:00+01:00,2024-12-31
2024-12-31T05:00:00Z,63.7,2024-12-31T06:00:00+01:00,2024-12-31
2024-12-31T06:00:00Z,71.63,2024-12-31T07:00:00+01:00,2024-12-31
2024-12-31T07:00:00Z,78.43,2024-12-31T08:00:00+01:00,2024-12-31
2024-12-31T08:00:00Z,83.46,2024-12-31T09:00:00+01:00,2024-12-31
2024-12-31T09:00:00Z,82.47,2024-12-31T10:00:00+01:00,2024-12-31
2024-12-31T10:00:00Z,81.03,2024-12-31T11:00:00+01:00,2024-12-31
2024-12-31T11:00:00Z,81.17,2024-12-31T12:00:00+01:00,2024-12-31
2024-12-31T12:00:00Z,78.93,2024-12-31T13:00:00+01:00,2024-12-31
2024-12-31T13:00:00Z,76.84,2024-12-31T14:00:00+01:00,2024-12-31
2024-12-31T14:00:00Z,82.07,2024-12-31T15:00:00+01:00,2024-12-31
2024-12-31T15:00:00Z,83.67,2024-12-31T16:00:00+01:00,2024-12-31
2024-12-31T16:00:00Z,83.25,2024-12-31T17:00:00+01:00,2024-12-31
2024-12-31T17:00:00Z,77.68,2024-12-31T18:00:00+01:00,2024-12-31
2024-12-31T18:00:00Z,67.77,2024-12-31T19:00:00+01:00,2024-12-31
2024-12-31T19:00:00Z,35.56,2024-12-31T20:00:00+01:00,2024-12-31
2024-12-31T20:00:00Z,15.7,2024-12-31T21:00:00+01:00,2024-12-31
2024-12-31T21:00:00Z,9.06,2024-12-31T22:00:00+01:00,2024-12-31
2024-12-31T22:00:00Z,0.52,2024-12-31T23:00:00+01:00,2024-12-31
